sourceKey,sku,barcode,productName,brandName,categoryName,unitType,taxRate,currency,listPrice,stockQuantity,stockStatus,imageUrl
"mirsan-efiyat","353","","ALÜMİNYUM GÖVDE MİNİ HAVA POMPASI MRS-EP005","MRSMAX","El Pompaları","ADET","20.00","TRY","0.0000","0","out_of_stock","https://www.mir-san.com.tr/idea/rf/96/myassets/products/353/2ch23hf2.jpeg?revision=1760776749"
"mirsan-efiyat","352","","ALÜMİNYUM GÖVDE EL POMPASI MRS-EP002","MRSMAX","El Pompaları","ADET","20.00","TRY","0.0000","0","out_of_stock","https://www.mir-san.com.tr/idea/rf/96/myassets/products/352/23fh2h3f23f.jpeg?revision=1760776717"
"mirsan-efiyat","351","","DEMİR GÖVDE EL POMPASI MRS-EP003","MRSMAX","El Pompaları","ADET","20.00","TRY","0.0000","0","out_of_stock","https://www.mir-san.com.tr/idea/rf/96/myassets/products/351/23u32tug23.jpeg?revision=1760776699"
"mirsan-efiyat","350","","ALÜMİNYUM GÖVDE BASINÇ GÖSTERGELİ EL POMPASI MRS-EP001","MRSMAX","El Pompaları","ADET","20.00","TRY","0.0000","0","out_of_stock","https://www.mir-san.com.tr/idea/rf/96/myassets/products/350/12f12chj1v1n2v.jpeg?revision=1760776648"
"mirsan-efiyat","349","","PREMİUM HASSAS BASINÇ GÖSTERGELİ EL POMPASI MRS-EP004","MRSMAX","El Pompaları","ADET","20.00","TRY","0.0000","0","out_of_stock","https://www.mir-san.com.tr/idea/rf/96/myassets/products/349/12fh12fh12f1.jpeg?revision=1760776620"
"mirsan-efiyat","348","","B20 VALFLİ YÜKSEK BASINÇ GÖSTERGELİ AYAK POMPASI MRS-AP006","MRSMAX","Ayak Pompaları","ADET","20.00","TRY","0.0000","0","out_of_stock","https://www.mir-san.com.tr/idea/rf/96/myassets/products/348/12dh12fh12f123.jpeg?revision=1760776580"
"mirsan-efiyat","347","","B20 VALFLİ BASINÇ GÖSTERGELİ AYAK POMPASI MRS-AP005","MRSMAX","Ayak Pompaları","ADET","20.00","TRY","0.0000","0","out_of_stock","https://www.mir-san.com.tr/idea/rf/96/myassets/products/347/123fk12jg1v1.jpeg?revision=1760776528"
"mirsan-efiyat","346","","YÜKSEK BASINÇLI İNCE PİSTON AYAK POMPASI MRS-AP001","MRSMAX","Ayak Pompaları","ADET","20.00","TRY","0.0000","0","out_of_stock","https://www.mir-san.com.tr/idea/rf/96/myassets/products/346/12d12hd12d.jpeg?revision=1760776446"
"mirsan-efiyat","345","","YÜKSEK BASINÇLI KALIN PİSTON AYAK POMPASI MRS-AP002","MRSMAX","Ayak Pompaları","ADET","20.00","TRY","0.0000","0","out_of_stock","https://www.mir-san.com.tr/idea/rf/96/myassets/products/345/12f412f12.jpeg?revision=1760776404"
"mirsan-efiyat","344","","PREMİUM 2X PİSTONLU YÜKSEK BASINÇLI AYAK POMPASI MRS-AP003","MRSMAX","Ayak Pompaları","ADET","20.00","TRY","0.0000","0","out_of_stock","https://www.mir-san.com.tr/idea/rf/96/myassets/products/344/1231f412f412f.jpeg?revision=1760776411"
"mirsan-efiyat","343","","PREMİUM 2X PİSTONLU YÜKSEK BASINÇLI AYAK POMPASI MRS-AP004","MRSMAX","Ayak Pompaları","ADET","20.00","TRY","0.0000","0","out_of_stock","https://www.mir-san.com.tr/idea/rf/96/myassets/products/343/w4ef4232f.jpeg?revision=1760776418"
"mirsan-efiyat","342","","PREMİUM 2X PİSTONLU YÜKSEK BASINÇLI ARAÇ KOMPRESÖRÜ 12V X1350-S","IBELTECH","Araç Kompresörleri","ADET","20.00","TRY","0.0000","0","out_of_stock","https://www.mir-san.com.tr/idea/rf/96/myassets/products/342/acaw1212k12.jpeg?revision=1760776235"
"mirsan-efiyat","341","","MİNİ ARAÇ KOMPRESÖRÜ LED AYDINLATMALI ÇANTALI 12V X1350","IBELTECH","Araç Kompresörleri","ADET","20.00","TRY","0.0000","0","out_of_stock","https://www.mir-san.com.tr/idea/rf/96/myassets/products/341/asjjgasga.jpeg?revision=1760776183"
"mirsan-efiyat","340","","PREMIUM ELEKTRİKLİ BAKIR SARGILI CARASKAL IBL-CLS04E","IBELTECH","Caraskal ve Hubzug Grubu","ADET","20.00","TRY","0.0000","0","out_of_stock","https://www.mir-san.com.tr/idea/rf/96/myassets/products/340/12u12duj2f.jpeg?revision=1760694658"
"mirsan-efiyat","339","","PREMIUM ELEKTRİKLİ BAKIR SARGILI CARASKAL IBL-CLS03E","IBELTECH","Caraskal ve Hubzug Grubu","ADET","20.00","TRY","0.0000","0","out_of_stock","https://www.mir-san.com.tr/idea/rf/96/myassets/products/339/12u12duj2f.jpeg?revision=1760694650"
"mirsan-efiyat","338","","PREMIUM ELEKTRİKLİ BAKIR SARGILI CARASKAL IBL-CLS02E","IBELTECH","Caraskal ve Hubzug Grubu","ADET","20.00","TRY","0.0000","0","out_of_stock","https://www.mir-san.com.tr/idea/rf/96/myassets/products/338/12u12duj2f.jpeg?revision=1760694640"
"mirsan-efiyat","337","","PREMIUM ELEKTRİKLİ BAKIR SARGILI CARASKAL IBL-CLS01E","IBELTECH","Caraskal ve Hubzug Grubu","ADET","20.00","TRY","0.0000","0","out_of_stock","https://www.mir-san.com.tr/idea/rf/96/myassets/products/337/12u12duj2f.jpeg?revision=1760694628"
"mirsan-efiyat","336","","PREMIUM ZİNCİRLİ CARASKAL IBL-CLS04","IBELTECH","Caraskal ve Hubzug Grubu","ADET","20.00","TRY","0.0000","0","out_of_stock","https://www.mir-san.com.tr/idea/rf/96/myassets/products/336/124812fj12f.jpeg?revision=1760694548"
"mirsan-efiyat","335","","PREMIUM ZİNCİRLİ CARASKAL IBL-CLS03","IBELTECH","Caraskal ve Hubzug Grubu","ADET","20.00","TRY","0.0000","0","out_of_stock","https://www.mir-san.com.tr/idea/rf/96/myassets/products/335/124812fj12f.jpeg?revision=1760694541"
"mirsan-efiyat","334","","PREMIUM ZİNCİRLİ CARASKAL IBL-CLS02","IBELTECH","Caraskal ve Hubzug Grubu","ADET","20.00","TRY","0.0000","0","out_of_stock","https://www.mir-san.com.tr/idea/rf/96/myassets/products/334/124812fj12f.jpeg?revision=1760694533"
"mirsan-efiyat","333","","PREMIUM ZİNCİRLİ CARASKAL IBL-CLS01","IBELTECH","Caraskal ve Hubzug Grubu","ADET","20.00","TRY","0.0000","0","out_of_stock","https://www.mir-san.com.tr/idea/rf/96/myassets/products/333/124812fj12f.jpeg?revision=1760694523"
"mirsan-efiyat","332","","PREMIUM ZİNCİRLİ HUBZUG IBL-HBZ02","IBELTECH","Caraskal ve Hubzug Grubu","ADET","20.00","TRY","0.0000","0","out_of_stock","https://www.mir-san.com.tr/idea/rf/96/myassets/products/332/12312d12312d32f12.jpeg?revision=1760694475"
"mirsan-efiyat","331","","PREMIUM ZİNCİRLİ HUBZUG IBL-HBZ01","IBELTECH","Caraskal ve Hubzug Grubu","ADET","20.00","TRY","0.0000","0","out_of_stock","https://www.mir-san.com.tr/idea/rf/96/myassets/products/331/12312d12312d32f12.jpeg?revision=1760694465"
"mirsan-efiyat","330","","EMNİYET KİLİTLİ KALIN ŞASE KRİKO STANDI FLA0206","IBELTECH","Kriko Standları","ADET","20.00","TRY","0.0000","0","out_of_stock","https://www.mir-san.com.tr/idea/rf/96/myassets/products/330/stand281283.jpeg?revision=1760693880"
"mirsan-efiyat","329","","EMNİYET KİLİTLİ KALIN ŞASE KRİKO STANDI FLA0203","IBELTECH","Kriko Standları","ADET","20.00","TRY","0.0000","0","out_of_stock","https://www.mir-san.com.tr/idea/rf/96/myassets/products/329/stand281283.jpeg?revision=1760693866"
"mirsan-efiyat","328","","KOLLU MAKAS KRİKO FLA203K","IBELTECH","Kollu Makas Krikolar","ADET","20.00","TRY","0.0000","0","out_of_stock","https://www.mir-san.com.tr/idea/rf/96/myassets/products/328/12d12uf1nn.jpeg?revision=1760693808"
"mirsan-efiyat","327","","CIRCIR KOLLU MAKAS KRİKO FLA203C","IBELTECH","Kollu Makas Krikolar","ADET","20.00","TRY","0.0000","0","out_of_stock","https://www.mir-san.com.tr/idea/rf/96/myassets/products/327/cas2j12231.jpeg?revision=1760693734"
"mirsan-efiyat","326","","ÇİFT PİSTONLU PROFİL ALÇAK ŞASE GARAJ KRİKO QJD64-6","IBELTECH","Garaj Krikoları","ADET","20.00","TRY","0.0000","0","out_of_stock","https://www.mir-san.com.tr/idea/rf/96/myassets/products/326/gara5325823.jpeg?revision=1760693504"
"mirsan-efiyat","325","","ÇANTALI ARABALI KALIN ŞASE HİDROLİK KRİKO FLA0203K","IBELTECH","Timsah Krikolar","ADET","20.00","TRY","0.0000","0","out_of_stock","https://www.mir-san.com.tr/idea/rf/96/myassets/products/325/tmsj9623936.jpeg?revision=1760694385"
"mirsan-efiyat","324","","ÇANTALI KALIN ŞASE HİDROLİK ŞİŞE KRİKO EBJ5002","IBELTECH","Şişe Krikolar","ADET","20.00","TRY","0.0000","0","out_of_stock","https://www.mir-san.com.tr/idea/rf/96/myassets/products/324/sise8523g.jpeg?revision=1760693254"
"mirsan-efiyat","323","","ÇANTALI KALIN ŞASE HİDROLİK ŞİŞE KRİKO EBJ3002","IBELTECH","Şişe Krikolar","ADET","20.00","TRY","0.0000","0","out_of_stock","https://www.mir-san.com.tr/idea/rf/96/myassets/products/323/sise8523g.jpeg?revision=1760693241"
"mirsan-efiyat","322","","ÇANTALI KALIN ŞASE HİDROLİK ŞİŞE KRİKO EBJ2002","IBELTECH","Şişe Krikolar","ADET","20.00","TRY","0.0000","0","out_of_stock","https://www.mir-san.com.tr/idea/rf/96/myassets/products/322/sise8523g.jpeg?revision=1760693230"
"mirsan-efiyat","321","","ÇANTALI KALIN ŞASE HİDROLİK ŞİŞE KRİKO EBJ1502","IBELTECH","Şişe Krikolar","ADET","20.00","TRY","0.0000","0","out_of_stock","https://www.mir-san.com.tr/idea/rf/96/myassets/products/321/sise8523g.jpeg?revision=1760693157"
"mirsan-efiyat","320","","ÇANTALI KALIN ŞASE HİDROLİK ŞİŞE KRİKO JY1002","IBELTECH","Şişe Krikolar","ADET","20.00","TRY","0.0000","0","out_of_stock","https://www.mir-san.com.tr/idea/rf/96/myassets/products/320/sise8523g.jpeg?revision=1760693129"
"mirsan-efiyat","319","","ÇANTALI KALIN ŞASE HİDROLİK ŞİŞE KRİKO JY0802","IBELTECH","Şişe Krikolar","ADET","20.00","TRY","0.0000","0","out_of_stock","https://www.mir-san.com.tr/idea/rf/96/myassets/products/319/sise8523g.jpeg?revision=1760693116"
"mirsan-efiyat","318","","ÇANTALI KALIN ŞASE HİDROLİK ŞİŞE KRİKO EBJ0602","IBELTECH","Şişe Krikolar","ADET","20.00","TRY","0.0000","0","out_of_stock","https://www.mir-san.com.tr/idea/rf/96/myassets/products/318/sise8523g.jpeg?revision=1760693173"
"mirsan-efiyat","317","","ÇANTALI KALIN ŞASE HİDROLİK ŞİŞE KRİKO EBJ0502","IBELTECH","Şişe Krikolar","ADET","20.00","TRY","0.0000","0","out_of_stock","https://www.mir-san.com.tr/idea/rf/96/myassets/products/317/sise8523g.jpeg?revision=1760693185"
"mirsan-efiyat","316","","ÇANTALI KALIN ŞASE HİDROLİK ŞİŞE KRİKO EBJ0402","IBELTECH","Şişe Krikolar","ADET","20.00","TRY","0.0000","0","out_of_stock","https://www.mir-san.com.tr/idea/rf/96/myassets/products/316/sise8523g.jpeg?revision=1760693199"
"mirsan-efiyat","315","","ÇANTALI KALIN ŞASE HİDROLİK ŞİŞE KRİKO JY0302","IBELTECH","Şişe Krikolar","ADET","20.00","TRY","0.0000","0","out_of_stock","https://www.mir-san.com.tr/idea/rf/96/myassets/products/315/sise8523g.jpeg?revision=1760693036"
"mirsan-efiyat","314","","ÇANTALI KALIN ŞASE HİDROLİK ŞİŞE KRİKO EBJ0202","IBELTECH","Şişe Krikolar","ADET","20.00","TRY","0.0000","0","out_of_stock","https://www.mir-san.com.tr/idea/rf/96/myassets/products/314/sise8523g.jpeg?revision=1760693018"
"mirsan-efiyat","313","","BEIYUAN KOYUN KIRKMA BIÇAĞI A-LB","IBELTECH","Koyun Kırkma Bıçakları","ADET","20.00","TRY","0.0000","0","out_of_stock","https://www.mir-san.com.tr/idea/rf/96/myassets/products/313/12d812fn4.jpeg?revision=1760692911"
"mirsan-efiyat","312","","BEIYUAN SB SERİSİ GENİŞ TARAK KOYUN KIRKMA BIÇAĞI 94-96-98-100-SB","IBELTECH","Koyun Kırkma Bıçakları","ADET","20.00","TRY","0.0000","0","out_of_stock","https://www.mir-san.com.tr/idea/rf/96/myassets/products/312/23y4y23fb23.jpeg?revision=1760692923"
"mirsan-efiyat","311","","BEIYUAN KOYUN KIRKMA BIÇAĞI A-LB-9","IBELTECH","Koyun Kırkma Bıçakları","ADET","20.00","TRY","0.0000","0","out_of_stock","https://www.mir-san.com.tr/idea/rf/96/myassets/products/311/gk32jg2323.jpeg?revision=1760692820"
"mirsan-efiyat","310","","KOYUN KIRKMA MAKİNESİ IBL-KKM02","IBELTECH","Koyun Kırkma Makineleri","ADET","20.00","TRY","0.0000","0","out_of_stock","https://www.mir-san.com.tr/idea/rf/96/myassets/products/310/xzc3j232.jpeg?revision=1760692527"
"mirsan-efiyat","309","","KOYUN KIRKMA MAKİNESİ IBL-KKM01","IBELTECH","Koyun Kırkma Makineleri","ADET","20.00","TRY","0.0000","0","out_of_stock","https://www.mir-san.com.tr/idea/rf/96/myassets/products/309/xzc3j232.jpeg?revision=1760692587"
"mirsan-efiyat","308","","GRAVÜR SETİ 350 PARÇA IBL-PGS350","IBELTECH","Gravür Setleri","ADET","20.00","TRY","0.0000","0","out_of_stock","https://www.mir-san.com.tr/idea/rf/96/myassets/products/308/qwc213j23324124.jpg?revision=1760692343"
"mirsan-efiyat","307","","GRAVÜR SETİ 300 PARÇA IBL-PGS300","IBELTECH","Gravür Setleri","ADET","20.00","TRY","0.0000","0","out_of_stock","https://www.mir-san.com.tr/idea/rf/96/myassets/products/307/qwcqjhjd1212c1.jpg?revision=1760692279"
"mirsan-efiyat","306","","GRAVÜR SETİ 211 PARÇA IBL-PGS211","IBELTECH","Gravür Setleri","ADET","20.00","TRY","0.0000","0","out_of_stock","https://www.mir-san.com.tr/idea/rf/96/myassets/products/306/1231j2f1294.jpeg?revision=1760692126"
"mirsan-efiyat","305","","GRAVÜR SETİ 162 PARÇA IBL-PGS162","IBELTECH","Gravür Setleri","ADET","20.00","TRY","0.0000","0","out_of_stock","https://www.mir-san.com.tr/idea/rf/96/myassets/products/305/1232jdj12f12.jpeg?revision=1760692082"
"mirsan-efiyat","304","","GRAVÜR SETİ 40 PARÇA IBL-PGS40","IBELTECH","Gravür Setleri","ADET","20.00","TRY","0.0000","0","out_of_stock","https://www.mir-san.com.tr/idea/rf/96/myassets/products/304/ajwgjwg12.jpeg?revision=1760692093"
"mirsan-efiyat","303","","MATKAP DEKUPAJ APARATI JL4304A","IBELTECH","Aparat Grubu","ADET","20.00","TRY","0.0000","0","out_of_stock","https://www.mir-san.com.tr/idea/rf/96/myassets/products/303/12f12fk12.jpeg?revision=1760691748"
"mirsan-efiyat","301","","TAŞLAMA TESTERE APARATI JL9523","IBELTECH","Aparat Grubu","ADET","20.00","TRY","0.0000","0","out_of_stock","https://www.mir-san.com.tr/idea/rf/96/myassets/products/301/jkjt1j12f12.jpeg?revision=1760691703"
"mirsan-efiyat","300","","900W ELEKTRİKLİ A+ KALİTE HAVA ÜFLEME MAKİNESİ JL4014A","IBELTECH","Hava Üfleme Makineleri","ADET","20.00","TRY","0.0000","0","out_of_stock","https://www.mir-san.com.tr/idea/rf/96/myassets/products/300/12512jfj21f12.jpeg?revision=1760691417"
"mirsan-efiyat","299","","600W ELEKTRİKLİ HAVA ÜFLEME MAKİNESİ JL4014","IBELTECH","Hava Üfleme Makineleri","ADET","20.00","TRY","0.0000","0","out_of_stock","https://www.mir-san.com.tr/idea/rf/96/myassets/products/299/asdfafk21.jpeg?revision=1760691384"
"mirsan-efiyat","298","","500W PLANYA MAKİNESİ 82X1MM JL1900B","IBELTECH","Planya Makineleri","ADET","20.00","TRY","0.0000","0","out_of_stock","https://www.mir-san.com.tr/idea/rf/96/myassets/products/298/12s1j2s1.jpeg?revision=1760691271"
"mirsan-efiyat","297","","1200W ELEKTRİKLİ KARIŞTIRICI 120MM JL1636","IBELTECH","Elektrikli Karıştırıcılar","ADET","20.00","TRY","0.0000","0","out_of_stock","https://www.mir-san.com.tr/idea/rf/96/myassets/products/297/1321523d1d12.jpeg?revision=1760691171"
"mirsan-efiyat","296","","900W ELEKTRİKLİ DÖKÜM KAFA DEKUPAJ LAZERLİ TESTERE 60MM JL4304D","IBELTECH","Dekupaj Testereler","ADET","20.00","TRY","0.0000","0","out_of_stock","https://www.mir-san.com.tr/idea/rf/96/myassets/products/296/21f12j12f.jpeg?revision=1760691093"
"mirsan-efiyat","294","","750W ELEKTRİKLİ DEKUPAJ LAZERLİ TESTERE 60MM JL4304","IBELTECH","Dekupaj Testereler","ADET","20.00","TRY","0.0000","0","out_of_stock","https://www.mir-san.com.tr/idea/rf/96/myassets/products/294/fwfk2k1.jpeg?revision=1760691038"
"mirsan-efiyat","293","","1400W ELEKTRİKLİ FREZE MAKİNESİ 8MM JL3608","IBELTECH","Profil Kesme Makineleri","ADET","20.00","TRY","0.0000","0","out_of_stock","https://www.mir-san.com.tr/idea/rf/96/myassets/products/293/2d12d812dj.jpeg?revision=1760690860"
"mirsan-efiyat","292","","600W ELEKTRİKLİ FREZE MAKİNESİ 6-8MM JL3709A","IBELTECH","Profil Kesme Makineleri","ADET","20.00","TRY","0.0000","0","out_of_stock","https://www.mir-san.com.tr/idea/rf/96/myassets/products/292/12d8128d12.jpeg?revision=1760690868"
"mirsan-efiyat","291","","3900W ELEKTRİKLİ PROFİL KESME MAKİNESİ 335MM JL2414","IBELTECH","Profil Kesme Makineleri","ADET","20.00","TRY","0.0000","0","out_of_stock","https://www.mir-san.com.tr/idea/rf/96/myassets/products/291/1231ufj12.jpeg?revision=1760690770"
"mirsan-efiyat","290","","1200W ELEKTRİKLİ DAİRESEL LAZERLİ TESTERE 185MM JL7000","IBELTECH","Profil Kesme Makineleri","ADET","20.00","TRY","0.0000","0","out_of_stock","https://www.mir-san.com.tr/idea/rf/96/myassets/products/290/da21831231f.jpeg?revision=1760690724"
"mirsan-efiyat","289","","1200W ELEKTRİKLİ YATAY POLİSAJ MAKİNESİ 180MM JL5060","IBELTECH","Polisaj Makineleri","ADET","20.00","TRY","0.0000","0","out_of_stock","https://www.mir-san.com.tr/idea/rf/96/myassets/products/289/1281825h1jt.jpeg?revision=1760690641"
"mirsan-efiyat","288","","900W ELEKTRİKLİ DİK POLİSAJ MAKİNESİ 150MM JL9565","IBELTECH","Polisaj Makineleri","ADET","20.00","TRY","0.0000","0","out_of_stock","https://www.mir-san.com.tr/idea/rf/96/myassets/products/288/1t1h2th1.jpeg?revision=1760690240"
"mirsan-efiyat","287","","450W ELEKTRİKLİ DİK POLİSAJ MAKİNESİ 150MM JL9558","IBELTECH","Polisaj Makineleri","ADET","20.00","TRY","0.0000","0","out_of_stock","https://www.mir-san.com.tr/idea/rf/96/myassets/products/287/qweuu21231.jpeg?revision=1760690252"
"mirsan-efiyat","286","","2200W ELEKTRİKLİ SPİRAL TAŞLAMA 230MM JL9020","IBELTECH","Spiral Taşlama Makineleri","ADET","20.00","TRY","0.0000","0","out_of_stock","https://www.mir-san.com.tr/idea/rf/96/myassets/products/286/wqr5qw.jpeg?revision=1760690051"
"mirsan-efiyat","285","","2200W ELEKTRİKLİ SPİRAL TAŞLAMA 180MM JL7020","IBELTECH","Spiral Taşlama Makineleri","ADET","20.00","TRY","0.0000","0","out_of_stock","https://www.mir-san.com.tr/idea/rf/96/myassets/products/285/1hch12c.jpeg?revision=1760689878"
"mirsan-efiyat","284","","840W ELEKTRİKLİ DEVİR AYARLI SPİRAL TAŞLAMA 115MM JL9555","IBELTECH","Spiral Taşlama Makineleri","ADET","20.00","TRY","0.0000","0","out_of_stock","https://www.mir-san.com.tr/idea/rf/96/myassets/products/284/fh3f231f32.jpeg?revision=1760689828"
"mirsan-efiyat","283","","800W ELEKTRİKLİ SPİRAL TAŞLAMA 115MM JL7-125","IBELTECH","Spiral Taşlama Makineleri","ADET","20.00","TRY","0.0000","0","out_of_stock","https://www.mir-san.com.tr/idea/rf/96/myassets/products/283/ahsfhahs2.jpeg?revision=1760689787"
"mirsan-efiyat","282","","750W ELEKTRİKLİ SPİRAL TAŞLAMA 115MM JL5030","IBELTECH","Spiral Taşlama Makineleri","ADET","20.00","TRY","0.0000","0","out_of_stock","https://www.mir-san.com.tr/idea/rf/96/myassets/products/282/jsjajfs.jpeg?revision=1760689671"
"mirsan-efiyat","281","","ELEKTRİKLİ DARBELİ MATKAP LJ6412","IBELTECH","Elektrikli Matkaplar","ADET","20.00","TRY","0.0000","0","out_of_stock","https://www.mir-san.com.tr/idea/rf/96/myassets/products/281/mtkp5125712.jpeg?revision=1760437871"
"mirsan-efiyat","280","","ELEKTRİKLİ DARBELİ MATKAP LJ6501","IBELTECH","Elektrikli Matkaplar","ADET","20.00","TRY","0.0000","0","out_of_stock","https://www.mir-san.com.tr/idea/rf/96/myassets/products/280/mtkp12312341254.jpeg?revision=1760437854"
"mirsan-efiyat","279","","ELEKTRİKLİ DARBELİ MATKAP LJ6001","IBELTECH","Elektrikli Matkaplar","ADET","20.00","TRY","0.0000","0","out_of_stock","https://www.mir-san.com.tr/idea/rf/96/myassets/products/279/mtkp123123.jpeg?revision=1760437810"
"mirsan-efiyat","278","","ELEKTRİKLİ DARBELİ MATKAP L13RE","IBELTECH","Elektrikli Matkaplar","ADET","20.00","TRY","0.0000","0","out_of_stock","https://www.mir-san.com.tr/idea/rf/96/myassets/products/278/mtkp1112.jpeg?revision=1760437776"
"mirsan-efiyat","277","","ELEKTRİKLİ KANAL AÇMA MAKİNESİ 230-1","IBELTECH","Kanal Açma Makineleri","ADET","20.00","TRY","0.0000","0","out_of_stock","https://www.mir-san.com.tr/idea/rf/96/myassets/products/277/knlacma291391.jpg?revision=1760437708"
"mirsan-efiyat","276","","ELEKTRİKLİ DUVAR ZIMPARA MAKİNESİ ZY-DWS-230F1","IBELTECH","Duvar Zımpara Makineleri","ADET","20.00","TRY","0.0000","0","out_of_stock","https://www.mir-san.com.tr/idea/rf/96/myassets/products/276/zmpr213123.jpg?revision=1760437654"
"mirsan-efiyat","275","","PRO SERİSİ ELEKTRİKLİ BOYA VE HARÇ KARIŞTIRICI JL1636 PRO","IBELTECH","Elektrikli Karıştırıcılar","ADET","20.00","TRY","0.0000","0","out_of_stock","https://www.mir-san.com.tr/idea/rf/96/myassets/products/275/krsatr12312.jpeg?revision=1760437341"
"mirsan-efiyat","274","","PRO+ SERİSİ ELEKTRİKLİ BOYA VE HARÇ KARIŞTIRICI JL2638 PRO+","IBELTECH","Elektrikli Karıştırıcılar","ADET","20.00","TRY","0.0000","0","out_of_stock","https://www.mir-san.com.tr/idea/rf/96/myassets/products/274/karstrc21.jpeg?revision=1760437292"
"mirsan-efiyat","273","","BENZİNLİ ÇİT-KAZIK ÇAKMA MAKİNESİ JH-55","IBELTECH","Benzinli Hiltiler","ADET","20.00","TRY","0.0000","0","out_of_stock","https://www.mir-san.com.tr/idea/rf/96/myassets/products/273/1212dy1hhn1.jpeg?revision=1760437160"
"mirsan-efiyat","272","","32.7CC BENZİNLİ KIRICI MATKAP JH-55 HİLTİ","IBELTECH","Benzinli Hiltiler","ADET","20.00","TRY","0.0000","0","out_of_stock","https://www.mir-san.com.tr/idea/rf/96/myassets/products/272/ewf3u2uf32.jpeg?revision=1760437144"
"mirsan-efiyat","271","","65MM ELEKTRİKLİ 1400W KIRICI-DELİCİ HİLTİ SJ-65","IBELTECH","Elektrikli Matkaplar","ADET","20.00","TRY","0.0000","0","out_of_stock","https://www.mir-san.com.tr/idea/rf/96/myassets/products/271/asca12.jpeg?revision=1763383433"
"mirsan-efiyat","270","","28MM ELEKTRİKLİ KIRICI-DELİCİ HİLTİ IBL-EKD-03","IBELTECH","Elektrikli Matkaplar","ADET","20.00","TRY","0.0000","0","out_of_stock","https://www.mir-san.com.tr/idea/rf/96/myassets/products/270/grdkgkre.jpeg?revision=1763383448"
"mirsan-efiyat","269","","26MM ELEKTRİKLİ KIRICI-DELİCİ HİLTİ IBL-EKD-02","IBELTECH","Elektrikli Matkaplar","ADET","20.00","TRY","0.0000","0","out_of_stock","https://www.mir-san.com.tr/idea/rf/96/myassets/products/269/fwfe32.jpeg?revision=1763383458"
"mirsan-efiyat","268","","24MM ELEKTRİKLİ KIRICI-DELİCİ HİLTİ IBL-EKD-01","IBELTECH","Elektrikli Matkaplar","ADET","20.00","TRY","0.0000","0","out_of_stock","https://www.mir-san.com.tr/idea/rf/96/myassets/products/268/ascascaj2.jpeg?revision=1763383470"
"mirsan-efiyat","267","","28MM ELEKTRİKLİ KIRICI-DELİCİ HİLTİ IBL-EKD-05","IBELTECH","Elektrikli Matkaplar","ADET","20.00","TRY","0.0000","0","out_of_stock","https://www.mir-san.com.tr/idea/rf/96/myassets/products/267/vsd555e.jpeg?revision=1763383477"
"mirsan-efiyat","266","","26MM ELEKTRİKLİ KIRICI-DELİCİ HİLTİ IBL-EKD-04","IBELTECH","Elektrikli Matkaplar","ADET","20.00","TRY","0.0000","0","out_of_stock","https://www.mir-san.com.tr/idea/rf/96/myassets/products/266/vsd555e.jpeg?revision=1763383487"
"mirsan-efiyat","265","","PRO 21V AKÜLÜ SETLİ MATKAP BX8017M","IBELTECH","Akülü Vidalama Makineleri","ADET","20.00","TRY","0.0000","0","out_of_stock","https://www.mir-san.com.tr/idea/rf/96/myassets/products/265/ilk-sayfa-2025-katalog-6-pdf-sayfa-1-goruntu-0006.jpg?revision=1760100842"
"mirsan-efiyat","264","","PRO 21V AKÜLÜ MATKAP BX8017S","IBELTECH","Akülü Vidalama Makineleri","ADET","20.00","TRY","0.0000","0","out_of_stock","https://www.mir-san.com.tr/idea/rf/96/myassets/products/264/ilk-sayfa-2025-katalog-6-pdf-sayfa-1-goruntu-0008.jpg?revision=1760100787"
"mirsan-efiyat","263","","PRO 18V AKÜLÜ MATKAP BX8018","IBELTECH","Akülü Vidalama Makineleri","ADET","20.00","TRY","0.0000","0","out_of_stock","https://www.mir-san.com.tr/idea/rf/96/myassets/products/263/ilk-sayfa-2025-katalog-6-pdf-sayfa-1-goruntu-0001.jpg?revision=1760100685"
"mirsan-efiyat","262","","AKÜLÜ ARMUT MODEL SETLİ MATKAP BX8012M","MRSMAX","Akülü Vidalama Makineleri","ADET","20.00","TRY","0.0000","0","out_of_stock","https://www.mir-san.com.tr/idea/rf/96/myassets/products/262/ilk-sayfa-2025-katalog-5-pdf-sayfa-1-goruntu-0003.jpg?revision=1760100513"
"mirsan-efiyat","261","","AKÜLÜ ARMUT MODEL MATKAP BX8012S","MRSMAX","Akülü Vidalama Makineleri","ADET","20.00","TRY","0.0000","0","out_of_stock","https://www.mir-san.com.tr/idea/rf/96/myassets/products/261/ilk-sayfa-2025-katalog-5-pdf-sayfa-1-goruntu-0005.jpg?revision=1760100474"
"mirsan-efiyat","260","","AKÜLÜ DARBELİ MATKAP BX8015M","MRSMAX","Akülü Vidalama Makineleri","ADET","20.00","TRY","0.0000","0","out_of_stock","https://www.mir-san.com.tr/idea/rf/96/myassets/products/260/ilk-sayfa-2025-katalog-5-pdf-sayfa-1-goruntu-0002.jpg?revision=1760100386"
"mirsan-efiyat","259","","AKÜLÜ DARBELİ MATKAP BX8015S","MRSMAX","Akülü Vidalama Makineleri","ADET","20.00","TRY","0.0000","0","out_of_stock","https://www.mir-san.com.tr/idea/rf/96/myassets/products/259/ilk-sayfa-2025-katalog-5-pdf-sayfa-1-goruntu-0001.jpg?revision=1760100400"
"mirsan-efiyat","258","","40T GOLD TIRPAN TESTERESİ IBL-TA16","IBELTECH","Aparat Grubu","ADET","20.00","TRY","0.0000","0","out_of_stock","https://www.mir-san.com.tr/idea/rf/96/myassets/products/258/ilk-sayfa-2025-katalog-4-pdf-sayfa-1-goruntu-0005.jpg?revision=1760092665"
"mirsan-efiyat","257","","40T SILVER TIRPAN TESTERESİ IBL-TA15","IBELTECH","Aparat Grubu","ADET","20.00","TRY","0.0000","0","out_of_stock","https://www.mir-san.com.tr/idea/rf/96/myassets/products/257/ilk-sayfa-2025-katalog-4-pdf-sayfa-1-goruntu-0004.jpg?revision=1760092640"
"mirsan-efiyat","256","","YÜKSEK İRTİFA ZİNCİRLİ DAL KESME BUDAMA APARATI IBL-TA14D","IBELTECH","Aparat Grubu","ADET","20.00","TRY","0.0000","0","out_of_stock","https://www.mir-san.com.tr/idea/rf/96/myassets/products/256/ilk-sayfa-2025-katalog-4-pdf-sayfa-1-goruntu-0006.jpg?revision=1760092585"
"mirsan-efiyat","255","","BEŞ BIÇAK TIRPAN APARATI IBL-TA17","IBELTECH","Aparat Grubu","ADET","20.00","TRY","0.0000","0","out_of_stock","https://www.mir-san.com.tr/idea/rf/96/myassets/products/255/ilk-sayfa-2025-katalog-4-pdf-sayfa-1-goruntu-0008.jpg?revision=1760092426"
"mirsan-efiyat","254","","ÇELİK FIRÇALI KÖŞE TEMİZLEME APARATI IBL-TA13","IBELTECH","Aparat Grubu","ADET","20.00","TRY","0.0000","0","out_of_stock","https://www.mir-san.com.tr/idea/rf/96/myassets/products/254/ilk-sayfa-2025-katalog-4-pdf-sayfa-1-goruntu-0002.jpg?revision=1760092240"
"mirsan-efiyat","253","","ALTI BIÇAK TIRPAN APARATI IBL-TA12","IBELTECH","Aparat Grubu","ADET","20.00","TRY","0.0000","0","out_of_stock","https://www.mir-san.com.tr/idea/rf/96/myassets/products/253/ilk-sayfa-2025-katalog-4-pdf-sayfa-1-goruntu-0001.jpg?revision=1760092135"
"mirsan-efiyat","252","","TECO MODEL OTOMATİK SARMALI MİSİNA BAŞLIĞI IBL-TA11","IBELTECH","Aparat Grubu","ADET","20.00","TRY","0.0000","0","out_of_stock","https://www.mir-san.com.tr/idea/rf/96/myassets/products/252/ilk-sayfa-2025-katalog-3-pdf-sayfa-1-goruntu-0004.jpg?revision=1760091713"
"mirsan-efiyat","251","","ALÜMİNYUM OTOMATİK SARMALI MİSİNA BAŞLIĞI IBL-TA10","IBELTECH","Aparat Grubu","ADET","20.00","TRY","0.0000","0","out_of_stock","https://www.mir-san.com.tr/idea/rf/96/myassets/products/251/ilk-sayfa-2025-katalog-3-pdf-sayfa-1-goruntu-0006.jpg?revision=1760091727"
"mirsan-efiyat","250","","ZİNCİRLİ TIRPAN APARATI IBL-TA09","IBELTECH","Aparat Grubu","ADET","20.00","TRY","0.0000","0","out_of_stock","https://www.mir-san.com.tr/idea/rf/96/myassets/products/250/ilk-sayfa-2025-katalog-3-pdf-sayfa-1-goruntu-0003.jpg?revision=1760091606"
"mirsan-efiyat","249","","ALÜMİNYUM MANTAR TIRPAN APARATI IBL-TA08","IBELTECH","Aparat Grubu","ADET","20.00","TRY","0.0000","0","out_of_stock","https://www.mir-san.com.tr/idea/rf/96/myassets/products/249/ilk-sayfa-2025-katalog-3-pdf-sayfa-1-goruntu-0001.jpg?revision=1760091531"
"mirsan-efiyat","248","","ALÜMİNYUM MANTAR TIRPAN APARATI MİSİNALI ÖRÜMCEK BAŞLIK IBL-TA07","IBELTECH","Aparat Grubu","ADET","20.00","TRY","0.0000","0","out_of_stock","https://www.mir-san.com.tr/idea/rf/96/myassets/products/248/ilk-sayfa-2025-katalog-3-pdf-sayfa-1-goruntu-0002.jpg?revision=1760091415"
"mirsan-efiyat","247","","ALÜMİNYUM MANTAR TIRPAN APARATI MİSİNALI ÖRÜMCEK BAŞLIK IBL-TA06","IBELTECH","Aparat Grubu","ADET","20.00","TRY","0.0000","0","out_of_stock","https://www.mir-san.com.tr/idea/rf/96/myassets/products/247/ilk-sayfa-2025-katalog-3-pdf-sayfa-1-goruntu-0005.jpg?revision=1760091365"
"mirsan-efiyat","246","","DAL SİLKELEME APARATI IBL-TA05","IBELTECH","Aparat Grubu","ADET","20.00","TRY","0.0000","0","out_of_stock","https://www.mir-san.com.tr/idea/rf/96/myassets/products/246/ilk-sayfa-2025-katalog-2-pdf-sayfa-1-goruntu-0004.jpg?revision=1760091203"
"mirsan-efiyat","245","","DAL SİLKELEME APARATI IBL-TA04","IBELTECH","Aparat Grubu","ADET","20.00","TRY","0.0000","0","out_of_stock","https://www.mir-san.com.tr/idea/rf/96/myassets/products/245/ilk-sayfa-2025-katalog-2-pdf-sayfa-1-goruntu-0004.jpg?revision=1760091185"
"mirsan-efiyat","244","","DAL SİLKELEME APARATI IBL-TA03","IBELTECH","Aparat Grubu","ADET","20.00","TRY","0.0000","0","out_of_stock","https://www.mir-san.com.tr/idea/rf/96/myassets/products/244/ilk-sayfa-2025-katalog-2-pdf-sayfa-1-goruntu-0003.jpg?revision=1760091155"
"mirsan-efiyat","243","","TAŞ/TOPRAK ÇAPALAMA APARATI IBL-TA02","IBELTECH","Aparat Grubu","ADET","20.00","TRY","0.0000","0","out_of_stock","https://www.mir-san.com.tr/idea/rf/96/myassets/products/243/ilk-sayfa-2025-katalog-2-pdf-sayfa-1-goruntu-0001.jpg?revision=1760091109"
"mirsan-efiyat","242","","TAŞ/TOPRAK ÇAPALAMA APARATI IBL-TA01","IBELTECH","Aparat Grubu","ADET","20.00","TRY","0.0000","0","out_of_stock","https://www.mir-san.com.tr/idea/rf/96/myassets/products/242/ilk-sayfa-2025-katalog-2-pdf-sayfa-1-goruntu-0002.jpg?revision=1760091075"
"mirsan-efiyat","241","","PREMİUM PPA KARE TIRPAN MİSİNA IBL-MSN-008K","IBELTECH","Misinalar","ADET","20.00","TRY","0.0000","0","out_of_stock","https://www.mir-san.com.tr/idea/rf/96/myassets/products/241/ilk-sayfa-2025-katalog-pdf-sayfa-1-goruntu-0001.jpg?revision=1760090802"
"mirsan-efiyat","239","","PREMİUM PPA ALTIGEN TIRPAN MİSİNA IBL-MSN-004","IBELTECH","Misinalar","ADET","20.00","TRY","0.0000","0","out_of_stock","https://www.mir-san.com.tr/idea/rf/96/myassets/products/239/ilk-sayfa-2025-katalog-pdf-sayfa-1-goruntu-0001.jpg?revision=1760090769"
"mirsan-efiyat","238","","PREMİUM PPA ALTIGEN TIRPAN MİSİNA IBL-MSN-003","IBELTECH","Misinalar","ADET","20.00","TRY","0.0000","0","out_of_stock","https://www.mir-san.com.tr/idea/rf/96/myassets/products/238/ilk-sayfa-2025-katalog-pdf-sayfa-1-goruntu-0001.jpg?revision=1760090759"
"mirsan-efiyat","237","","PREMİUM PPA ALTIGEN TIRPAN MİSİNA IBL-MSN-002","IBELTECH","Misinalar","ADET","20.00","TRY","0.0000","0","out_of_stock","https://www.mir-san.com.tr/idea/rf/96/myassets/products/237/ilk-sayfa-2025-katalog-pdf-sayfa-1-goruntu-0001.jpg?revision=1760090736"
"mirsan-efiyat","236","","PREMİUM PPA ALTIGEN TIRPAN MİSİNA IBL-MSN-001","IBELTECH","Misinalar","ADET","20.00","TRY","0.0000","0","out_of_stock","https://www.mir-san.com.tr/idea/rf/96/myassets/products/236/ilk-sayfa-2025-katalog-pdf-sayfa-1-goruntu-0001.jpg?revision=1760090746"
"mirsan-efiyat","235","","PREMİUM METAL SSA ÇELİK TIRPAN MİSİNA IBL-MSN-007M","IBELTECH","Misinalar","ADET","20.00","TRY","0.0000","0","out_of_stock","https://www.mir-san.com.tr/idea/rf/96/myassets/products/235/ilk-sayfa-2025-katalog-pdf-sayfa-1-goruntu-0007.jpg?revision=1760090624"
"mirsan-efiyat","234","","PREMİUM METAL SSA ÇELİK TIRPAN MİSİNA IBL-MSN-006M","IBELTECH","Misinalar","ADET","20.00","TRY","0.0000","0","out_of_stock","https://www.mir-san.com.tr/idea/rf/96/myassets/products/234/ilk-sayfa-2025-katalog-pdf-sayfa-1-goruntu-0007.jpg?revision=1760090608"
"mirsan-efiyat","233","","PREMİUM METAL SSA ÇELİK TIRPAN MİSİNA IBL-MSN-005M","IBELTECH","Misinalar","ADET","20.00","TRY","0.0000","0","out_of_stock","https://www.mir-san.com.tr/idea/rf/96/myassets/products/233/ilk-sayfa-2025-katalog-pdf-sayfa-1-goruntu-0007.jpg?revision=1760090588"
"mirsan-efiyat","231","","PREMİUM KARE TIRPAN MİSİNALARI IBL-MSN-008","IBELTECH","Misinalar","ADET","20.00","TRY","0.0000","0","out_of_stock","https://www.mir-san.com.tr/idea/rf/96/myassets/products/231/ilk-sayfa-2025-katalog-pdf-sayfa-1-goruntu-0004.jpg?revision=1760090426"
"mirsan-efiyat","230","","PREMİUM KARE TIRPAN MİSİNALARI IBL-MSN-007","IBELTECH","Misinalar","ADET","20.00","TRY","0.0000","0","out_of_stock","https://www.mir-san.com.tr/idea/rf/96/myassets/products/230/ilk-sayfa-2025-katalog-pdf-sayfa-1-goruntu-0004.jpg?revision=1760090405"
"mirsan-efiyat","229","","PREMİUM ALTIGEN TIRPAN MİSİNALARI IBL-MSN-006","IBELTECH","Misinalar","ADET","20.00","TRY","0.0000","0","out_of_stock","https://www.mir-san.com.tr/idea/rf/96/myassets/products/229/ilk-sayfa-2025-katalog-pdf-sayfa-1-goruntu-0004.jpg?revision=1760090386"
"mirsan-efiyat","228","","PREMİUM ALTIGEN TIRPAN MİSİNALARI IBL-MSN-005","IBELTECH","Misinalar","ADET","20.00","TRY","0.0000","0","out_of_stock","https://www.mir-san.com.tr/idea/rf/96/myassets/products/228/ilk-sayfa-2025-katalog-pdf-sayfa-1-goruntu-0004.jpg?revision=1760090371"
"mirsan-efiyat","227","","AKÜLÜ ÇİM BİÇME MAKİNESİ YPT-GCJ01","IBELTECH","Akülü Çim Biçme Makineleri","ADET","20.00","TRY","0.0000","0","out_of_stock","https://www.mir-san.com.tr/idea/rf/96/myassets/products/227/5hqwhdhqw.jpg?revision=1760007715"
"mirsan-efiyat","226","","AKÜLÜ ÇİM BİÇME MAKİNESİ YPT-GCJ02","IBELTECH","Akülü Çim Biçme Makineleri","ADET","20.00","TRY","0.0000","0","out_of_stock","https://www.mir-san.com.tr/idea/rf/96/myassets/products/226/1cqcqwer.jpg?revision=1760007728"
"mirsan-efiyat","225","","BENZİNLİ SIRT TİP TIRPAN OO-BG520N","MRSMAX","Benzinli Çim Biçme Makineleri","ADET","20.00","TRY","0.0000","0","out_of_stock","https://www.mir-san.com.tr/idea/rf/96/myassets/products/225/12d12hd12.jpg?revision=1760007346"
"mirsan-efiyat","224","","BENZİNLİ YAN TİP TIRPAN OO-CG520","MRSMAX","Benzinli Çim Biçme Makineleri","ADET","20.00","TRY","0.0000","0","out_of_stock","https://www.mir-san.com.tr/idea/rf/96/myassets/products/224/12dj12jd1.jpg?revision=1760007355"
"mirsan-efiyat","222","","PREMİUM BENZİNLİ SIRT TİP TIRPAN OO-BG520","IBELTECH","Benzinli Çim Biçme Makineleri","ADET","20.00","TRY","0.0000","0","out_of_stock","https://www.mir-san.com.tr/idea/rf/96/myassets/products/222/1d121d2d.jpg?revision=1760007120"
"mirsan-efiyat","221","","PREMİUM BENZİNLİ YAN TİP TIRPAN OO-CG520","IBELTECH","Benzinli Çim Biçme Makineleri","ADET","20.00","TRY","0.0000","0","out_of_stock","https://www.mir-san.com.tr/idea/rf/96/myassets/products/221/dawwwjw.jpg?revision=1760007084"
"mirsan-efiyat","220","","PREMİUM SERİSİ 41'' ŞANZIMANLI ÇİM BİÇME MAKİNESİ FMQ419B","IBELTECH","Benzinli Çim Biçme Makineleri","ADET","20.00","TRY","0.0000","0","out_of_stock","https://www.mir-san.com.tr/idea/rf/96/myassets/products/220/ilk-sayfa-2025-katalog-pdf-sayfa-1-goruntu-0003.jpg?revision=1760005225"
"mirsan-efiyat","219","","PREMİUM SERİSİ 46'' ŞANZIMANLI ÇİM BİÇME MAKİNESİ FMQ460G","IBELTECH","Benzinli Çim Biçme Makineleri","ADET","20.00","TRY","0.0000","0","out_of_stock","https://www.mir-san.com.tr/idea/rf/96/myassets/products/219/ilk-sayfa-2025-katalog-pdf-sayfa-1-goruntu-0002.jpg?revision=1760005153"
"mirsan-efiyat","218","","PREMİUM SERİSİ 51'' ŞANZIMANLI ÇİM BİÇME MAKİNESİ DMQ510G","IBELTECH","Benzinli Çim Biçme Makineleri","ADET","20.00","TRY","0.0000","0","out_of_stock","https://www.mir-san.com.tr/idea/rf/96/myassets/products/218/ilk-sayfa-2025-katalog-pdf-sayfa-1-goruntu-0001.jpg?revision=1760002443"
"mirsan-efiyat","217","","PREMİUM SERİSİ KAMA 36 DİŞ IBL-ZTK04","IBELTECH","Ağaç Kesme Testere Kamaları","ADET","20.00","TRY","0.0000","0","out_of_stock","https://www.mir-san.com.tr/idea/rf/96/myassets/products/217/ilk-sayfa-2025-katalog-4-pdf-sayfa-1-goruntu-0002.jpg?revision=1759931420"
"mirsan-efiyat","216","","EKO SERİSİ KAMA 38 DİŞ MRS-ZTK02","MRSMAX","Ağaç Kesme Testere Kamaları","ADET","20.00","TRY","0.0000","0","out_of_stock","https://www.mir-san.com.tr/idea/rf/96/myassets/products/216/ilk-sayfa-2025-katalog-4-pdf-sayfa-1-goruntu-0003.jpg?revision=1759931295"
"mirsan-efiyat","215","","EKO SERİSİ KAMA 36 DİŞ MRS-ZTK01","MRSMAX","Ağaç Kesme Testere Kamaları","ADET","20.00","TRY","0.0000","0","out_of_stock","https://www.mir-san.com.tr/idea/rf/96/myassets/products/215/ilk-sayfa-2025-katalog-4-pdf-sayfa-1-goruntu-0003.jpg?revision=1759931313"
"mirsan-efiyat","214","","PREMİUM SERİSİ KAMA 28.5 DİŞ IBL-ZTK05","IBELTECH","Ağaç Kesme Testere Kamaları","ADET","20.00","TRY","0.0000","0","out_of_stock","https://www.mir-san.com.tr/idea/rf/96/myassets/products/214/ilk-sayfa-2025-katalog-4-pdf-sayfa-1-goruntu-0002.jpg?revision=1759931434"
"mirsan-efiyat","213","","PREMİUM SERİSİ KAMA 34 DİŞ IBL-ZTK03","IBELTECH","Ağaç Kesme Testere Kamaları","ADET","20.00","TRY","0.0000","0","out_of_stock","https://www.mir-san.com.tr/idea/rf/96/myassets/products/213/ilk-sayfa-2025-katalog-4-pdf-sayfa-1-goruntu-0002.jpg?revision=1759931408"
"mirsan-efiyat","212","","PREMİUM SERİSİ KAMA 38 DİŞ IBL-ZTK02","IBELTECH","Ağaç Kesme Testere Kamaları","ADET","20.00","TRY","0.0000","0","out_of_stock","https://www.mir-san.com.tr/idea/rf/96/myassets/products/212/ilk-sayfa-2025-katalog-4-pdf-sayfa-1-goruntu-0002.jpg?revision=1759931396"
"mirsan-efiyat","211","","PREMİUM SERİSİ KAMA 36 DİŞ IBL-ZTK01","IBELTECH","Ağaç Kesme Testere Kamaları","ADET","20.00","TRY","0.0000","0","out_of_stock","https://www.mir-san.com.tr/idea/rf/96/myassets/products/211/ilk-sayfa-2025-katalog-4-pdf-sayfa-1-goruntu-0002.jpg?revision=1759931374"
"mirsan-efiyat","210","","EKO SERİSİ ODUN KESME ZİNCİRLERİ .325'' YUVARLAK","MRSMAX","Ağaç Kesme Testere Zincirleri","ADET","20.00","TRY","0.0000","0","out_of_stock","https://www.mir-san.com.tr/idea/rf/96/myassets/products/210/ilk-sayfa-2025-katalog-3-pdf-sayfa-1-goruntu-0003.jpg?revision=1759931071"
"mirsan-efiyat","209","","EKO SERİSİ ODUN KESME ZİNCİRLERİ .325'' YUVARLAK","MRSMAX","Ağaç Kesme Testere Zincirleri","ADET","20.00","TRY","0.0000","0","out_of_stock","https://www.mir-san.com.tr/idea/rf/96/myassets/products/209/ilk-sayfa-2025-katalog-3-pdf-sayfa-1-goruntu-0003.jpg?revision=1759931024"
"mirsan-efiyat","208","","EKO SERİSİ ODUN KESME ZİNCİRLERİ .325'' YUVARLAK","MRSMAX","Ağaç Kesme Testere Zincirleri","ADET","20.00","TRY","0.0000","0","out_of_stock","https://www.mir-san.com.tr/idea/rf/96/myassets/products/208/ilk-sayfa-2025-katalog-3-pdf-sayfa-1-goruntu-0003.jpg?revision=1759931014"
"mirsan-efiyat","207","","EKO SERİSİ ODUN KESME ZİNCİRLERİ .325'' YUVARLAK","MRSMAX","Ağaç Kesme Testere Zincirleri","ADET","20.00","TRY","0.0000","0","out_of_stock","https://www.mir-san.com.tr/idea/rf/96/myassets/products/207/ilk-sayfa-2025-katalog-3-pdf-sayfa-1-goruntu-0003.jpg?revision=1759931042"
"mirsan-efiyat","206","","68CRNİMO3-3 GERMANY SERİSİ PREMİUM RULO ZİNCİLERİ 3/8'' 91 AYAK","IBELTECH","Ağaç Kesme Testere Zincirleri","ADET","20.00","TRY","0.0000","0","out_of_stock","https://www.mir-san.com.tr/idea/rf/96/myassets/products/206/ilk-sayfa-2025-katalog-3-pdf-sayfa-1-goruntu-0004.jpg?revision=1759930441"
"mirsan-efiyat","205","","68CRNİMO3-3 GERMANY SERİSİ PREMİUM RULO ZİNCİLERİ 3/8'' KÖŞELİ 36 DİŞ","IBELTECH","Ağaç Kesme Testere Zincirleri","ADET","20.00","TRY","0.0000","0","out_of_stock","https://www.mir-san.com.tr/idea/rf/96/myassets/products/205/ilk-sayfa-2025-katalog-3-pdf-sayfa-1-goruntu-0004.jpg?revision=1759930401"
"mirsan-efiyat","204","","68CRNİMO3-3 GERMANY SERİSİ PREMİUM RULO ZİNCİLERİ 3/8'' KÖŞELİ 34 DİŞ","IBELTECH","Ağaç Kesme Testere Zincirleri","ADET","20.00","TRY","0.0000","0","out_of_stock","https://www.mir-san.com.tr/idea/rf/96/myassets/products/204/ilk-sayfa-2025-katalog-3-pdf-sayfa-1-goruntu-0004.jpg?revision=1759930385"
"mirsan-efiyat","203","","68CRNİMO3-3 GERMANY SERİSİ PREMİUM RULO ZİNCİLERİ .325'' KÖŞELİ 38 DİŞ","IBELTECH","Ağaç Kesme Testere Zincirleri","ADET","20.00","TRY","0.0000","0","out_of_stock","https://www.mir-san.com.tr/idea/rf/96/myassets/products/203/ilk-sayfa-2025-katalog-3-pdf-sayfa-1-goruntu-0004.jpg?revision=1759930276"
"mirsan-efiyat","202","","68CRNİMO3-3 GERMANY SERİSİ PREMİUM RULO ZİNCİLERİ .325'' KÖŞELİ 36 DİŞ","IBELTECH","Ağaç Kesme Testere Zincirleri","ADET","20.00","TRY","0.0000","0","out_of_stock","https://www.mir-san.com.tr/idea/rf/96/myassets/products/202/ilk-sayfa-2025-katalog-3-pdf-sayfa-1-goruntu-0004.jpg?revision=1759930263"
"mirsan-efiyat","201","","68CRNİMO3-3 GERMANY SERİSİ PREMİUM RULO ZİNCİLERİ .325'' KÖŞELİ 34 DİŞ","IBELTECH","Ağaç Kesme Testere Zincirleri","ADET","20.00","TRY","0.0000","0","out_of_stock","https://www.mir-san.com.tr/idea/rf/96/myassets/products/201/ilk-sayfa-2025-katalog-3-pdf-sayfa-1-goruntu-0004.jpg?revision=1759930169"
"mirsan-efiyat","200","","68CRNİMO3-3 GERMANY SERİSİ PREMIUM KALİTE RULO ZİNCİRLERİ 3/8'' 91 AYAK","IBELTECH","Ağaç Kesme Testere Zincirleri","ADET","20.00","TRY","0.0000","0","out_of_stock","https://www.mir-san.com.tr/idea/rf/96/myassets/products/200/ilk-sayfa-2025-katalog-3-pdf-sayfa-1-goruntu-0002.jpg?revision=1759930093"
"mirsan-efiyat","199","","68CRNİMO3-3 GERMANY SERİSİ PREMIUM KALİTE RULO ZİNCİRLERİ 3/8'' KÖŞELİ","IBELTECH","Ağaç Kesme Testere Zincirleri","ADET","20.00","TRY","0.0000","0","out_of_stock","https://www.mir-san.com.tr/idea/rf/96/myassets/products/199/ilk-sayfa-2025-katalog-3-pdf-sayfa-1-goruntu-0002.jpg?revision=1759930144"
"mirsan-efiyat","198","","68CRNİMO3-3 GERMANY SERİSİ PREMIUM KALİTE RULO ZİNCİRLERİ .325'' KÖŞELİ","IBELTECH","Ağaç Kesme Testere Zincirleri","ADET","20.00","TRY","0.0000","0","out_of_stock","https://www.mir-san.com.tr/idea/rf/96/myassets/products/198/ilk-sayfa-2025-katalog-3-pdf-sayfa-1-goruntu-0002.jpg?revision=1759930133"
"mirsan-efiyat","197","","TELESKOBİK UZATMA KOLU IBL-STK01","IBELTECH","Teleskobik Uzatma Kolları","ADET","20.00","TRY","0.0000","0","out_of_stock","https://www.mir-san.com.tr/idea/rf/96/myassets/products/197/ilk-sayfa-2025-katalog-2-pdf-sayfa-1-goruntu-0006.jpg?revision=1760689739"
"mirsan-efiyat","196","","AKÜLÜ ZİNCİRLİ TESTERE BSDJ-14","MRSMAX","Akülü Zincirli Testereler","ADET","20.00","TRY","0.0000","0","out_of_stock","https://www.mir-san.com.tr/idea/rf/96/myassets/products/196/ilk-sayfa-2025-katalog-2-pdf-sayfa-1-goruntu-0001.jpg?revision=1759927885"
"mirsan-efiyat","195","","PRO SERİSİ AKÜLÜ ZİNCİRLİ TESTERE BSDJ-12","IBELTECH","Akülü Zincirli Testereler","ADET","20.00","TRY","0.0000","0","out_of_stock","https://www.mir-san.com.tr/idea/rf/96/myassets/products/195/ilk-sayfa-2025-katalog-pdf-sayfa-1-goruntu-0004.jpg?revision=1759927608"
"mirsan-efiyat","194","","PRO SERİSİ AKÜLÜ ZİNCİRLİ TESTERE BSDJ-18","IBELTECH","Akülü Zincirli Testereler","ADET","20.00","TRY","0.0000","0","out_of_stock","https://www.mir-san.com.tr/idea/rf/96/myassets/products/194/ilk-sayfa-2025-katalog-pdf-sayfa-1-goruntu-0002.jpg?revision=1759927546"
"mirsan-efiyat","193","","PREMIUM SERİSİ ELEKTRİKLİ ZİNCİRLİ TESTERE SF7J112","IBELTECH","Elektrikli Zincirli Testere","ADET","20.00","TRY","0.0000","0","out_of_stock","https://www.mir-san.com.tr/idea/rf/96/myassets/products/193/ilk-sayfa-2025-katalog-3-pdf-sayfa-1-goruntu-0003.jpg?revision=1759924449"
"mirsan-efiyat","192","","PREMIUM SERİSİ ELEKTRİKLİ ZİNCİRLİ TESTERE SF7J139","IBELTECH","Elektrikli Zincirli Testere","ADET","20.00","TRY","0.0000","0","out_of_stock","https://www.mir-san.com.tr/idea/rf/96/myassets/products/192/ilk-sayfa-2025-katalog-3-pdf-sayfa-1-goruntu-0001.jpg?revision=1759924467"
"mirsan-efiyat","191","","EKO SERİSİ BENZİNLİ ZİNCİRLİ TESTERESİ PR-GS5200A","MRSMAX","Benzinli Zincirli Testereler","ADET","20.00","TRY","0.0000","0","out_of_stock","https://www.mir-san.com.tr/idea/rf/96/myassets/products/191/ilk-sayfa-2025-katalog-2-pdf-sayfa-1-goruntu-0003.jpg?revision=1759924159"
"mirsan-efiyat","190","","EKO SERİSİ BENZİNLİ ZİNCİRLİ TESTERESİ PR-GS5200B","MRSMAX","Benzinli Zincirli Testereler","ADET","20.00","TRY","0.0000","0","out_of_stock","https://www.mir-san.com.tr/idea/rf/96/myassets/products/190/ilk-sayfa-2025-katalog-2-pdf-sayfa-1-goruntu-0002.jpg?revision=1759924120"
"mirsan-efiyat","189","","X-SERİSİ BENZİNLİ ZİNCİRLİ BUDAMA TESTERESİ OO-2500A","IBELTECH","Benzinli Zincirli Testereler","ADET","20.00","TRY","0.0000","0","out_of_stock","https://www.mir-san.com.tr/idea/rf/96/myassets/products/189/ilk-sayfa-2025-katalog-2-pdf-sayfa-1-goruntu-0001.jpg?revision=1759924129"
"mirsan-efiyat","188","","HR5020G/S  X-SERİSİ BENZİNLİ ZİNCİRLİ TESTERE OO-5200A","IBELTECH","Benzinli Zincirli Testereler","ADET","20.00","TRY","0.0000","0","out_of_stock","https://www.mir-san.com.tr/idea/rf/96/myassets/products/188/ilk-sayfa-2025-katalog-pdf-sayfa-1-goruntu-0002.jpg?revision=1759919734"
"mirsan-efiyat","187","","HR6000 X-SERİSİ BENZİNLİ ZİNCİRLİ TESTERE OO-5800A","IBELTECH","Benzinli Zincirli Testereler","ADET","20.00","TRY","0.0000","0","out_of_stock","https://www.mir-san.com.tr/idea/rf/96/myassets/products/187/ilk-sayfa-2025-katalog-pdf-sayfa-1-goruntu-0001.jpg?revision=1759919667"
"mirsan-efiyat","186","","TURBO X-SERİSİ BENZİNLİ ZİNCİRLİ TESTERE OO-5800B","IBELTECH","Benzinli Zincirli Testereler","ADET","20.00","TRY","0.0000","0","out_of_stock","https://www.mir-san.com.tr/idea/rf/96/myassets/products/186/ilk-sayfa-2025-katalog-pdf-sayfa-1-goruntu-0003.jpg?revision=1759919605"
"mirsan-efiyat","185","","EA SERİSİ TOPRAK BURGU MAKİNESİ EA52","IBELTECH","Fidan Ekme Makinesi","ADET","20.00","TRY","0.0000","0","out_of_stock","https://www.mir-san.com.tr/idea/rf/96/myassets/products/185/ilk-sayfa-2025-katalog-2-pdf-sayfa-1-goruntu-0001.jpg?revision=1759918835"
"mirsan-efiyat","184","","EA SERİSİ TOPRAK BURGU MAKİNESİ EA63","IBELTECH","Fidan Ekme Makinesi","ADET","20.00","TRY","0.0000","0","out_of_stock","https://www.mir-san.com.tr/idea/rf/96/myassets/products/184/ilk-sayfa-2025-katalog-2-pdf-sayfa-1-goruntu-0001.jpg?revision=1759918814"
"mirsan-efiyat","183","","YATAY AYAKLI HİDROFOR TANKLARI IBL-50L-Y","IBELTECH","Hidrofor Tankları","ADET","20.00","TRY","0.0000","0","out_of_stock","https://www.mir-san.com.tr/idea/rf/96/myassets/products/183/zxcz2121231.jpg?revision=1759918634"
"mirsan-efiyat","182","","YATAY AYAKLI HİDROFOR TANKLARI IBL-24L-Y","IBELTECH","Hidrofor Tankları","ADET","20.00","TRY","0.0000","0","out_of_stock","https://www.mir-san.com.tr/idea/rf/96/myassets/products/182/zxcz2121231.jpg?revision=1759918618"
"mirsan-efiyat","181","","DİKEY AYAKLI HİDROFOR TANKLARI IBL-750L","IBELTECH","Hidrofor Tankları","ADET","20.00","TRY","0.0000","0","out_of_stock","https://www.mir-san.com.tr/idea/rf/96/myassets/products/181/untitled-2.jpg?revision=1759918528"
"mirsan-efiyat","180","","DİKEY AYAKLI HİDROFOR TANKLARI IBL-500L","IBELTECH","Hidrofor Tankları","ADET","20.00","TRY","0.0000","0","out_of_stock","https://www.mir-san.com.tr/idea/rf/96/myassets/products/180/untitled-2.jpg?revision=1759918510"
"mirsan-efiyat","179","","DİKEY AYAKLI HİDROFOR TANKLARI IBL-300L","IBELTECH","Hidrofor Tankları","ADET","20.00","TRY","0.0000","0","out_of_stock","https://www.mir-san.com.tr/idea/rf/96/myassets/products/179/xzcxzc21.jpg?revision=1759918422"
"mirsan-efiyat","178","","DİKEY AYAKLI HİDROFOR TANKLARI IBL-200L","IBELTECH","Hidrofor Tankları","ADET","20.00","TRY","0.0000","0","out_of_stock","https://www.mir-san.com.tr/idea/rf/96/myassets/products/178/xzcxzc21.jpg?revision=1759918407"
"mirsan-efiyat","177","","DİKEY AYAKLI HİDROFOR TANKLARI IBL-100L","IBELTECH","Hidrofor Tankları","ADET","20.00","TRY","0.0000","0","out_of_stock","https://www.mir-san.com.tr/idea/rf/96/myassets/products/177/sadad4.jpg?revision=1759918383"
"mirsan-efiyat","176","","DİKEY AYAKLI HİDROFOR TANKLARI IBL-50L","IBELTECH","Hidrofor Tankları","ADET","20.00","TRY","0.0000","0","out_of_stock","https://www.mir-san.com.tr/idea/rf/96/myassets/products/176/sadad4.jpg?revision=1759918339"
"mirsan-efiyat","175","","DİKEY AYAKLI HİDROFOR TANKLARI IBL-24L","IBELTECH","Hidrofor Tankları","ADET","20.00","TRY","0.0000","0","out_of_stock","https://www.mir-san.com.tr/idea/rf/96/myassets/products/175/sadad3.jpg?revision=1759918346"
"mirsan-efiyat","174","","ELEKTRİKLİ MOTOR KAPASİTÖRLERİ IBL-KPS13","IBELTECH","Su Pompaları Aksesuarları","ADET","20.00","TRY","0.0000","0","out_of_stock","https://www.mir-san.com.tr/idea/rf/96/myassets/products/174/zxczxc.jpg?revision=1759845248"
"mirsan-efiyat","173","","ELEKTRİKLİ MOTOR KAPASİTÖRLERİ IBL-KPS12","IBELTECH","Su Pompaları Aksesuarları","ADET","20.00","TRY","0.0000","0","out_of_stock","https://www.mir-san.com.tr/idea/rf/96/myassets/products/173/zxczxc.jpg?revision=1759845254"
"mirsan-efiyat","172","","ELEKTRİKLİ MOTOR KAPASİTÖRLERİ IBL-KPS11","IBELTECH","Su Pompaları Aksesuarları","ADET","20.00","TRY","0.0000","0","out_of_stock","https://www.mir-san.com.tr/idea/rf/96/myassets/products/172/zxczxc.jpg?revision=1759845259"
"mirsan-efiyat","171","","DALGIÇ VE SANTRİFÜJ POMPA KAPASİTÖRLERİ IBL-KPS09","IBELTECH","Su Pompaları Aksesuarları","ADET","20.00","TRY","0.0000","0","out_of_stock","https://www.mir-san.com.tr/idea/rf/96/myassets/products/171/zxczsaa.jpg?revision=1759915771"
"mirsan-efiyat","170","","DALGIÇ VE SANTRİFÜJ POMPA KAPASİTÖRLERİ IBL-KPS10","IBELTECH","Su Pompaları Aksesuarları","ADET","20.00","TRY","0.0000","0","out_of_stock","https://www.mir-san.com.tr/idea/rf/96/myassets/products/170/zxczsaa.jpg?revision=1759915778"
"mirsan-efiyat","169","","DALGIÇ VE SANTRİFÜJ POMPA KAPASİTÖRLERİ IBL-KPS08","IBELTECH","Su Pompaları Aksesuarları","ADET","20.00","TRY","0.0000","0","out_of_stock","https://www.mir-san.com.tr/idea/rf/96/myassets/products/169/zxczsaa.jpg?revision=1759915859"
"mirsan-efiyat","168","","DALGIÇ VE SANTRİFÜJ POMPA KAPASİTÖRLERİ IBL-KPS07","IBELTECH","Su Pompaları Aksesuarları","ADET","20.00","TRY","0.0000","0","out_of_stock","https://www.mir-san.com.tr/idea/rf/96/myassets/products/168/zxczsaa.jpg?revision=1759915866"
"mirsan-efiyat","167","","DALGIÇ VE SANTRİFÜJ POMPA KAPASİTÖRLERİ IBL-KPS06","IBELTECH","Su Pompaları Aksesuarları","ADET","20.00","TRY","0.0000","0","out_of_stock","https://www.mir-san.com.tr/idea/rf/96/myassets/products/167/zxczsaa.jpg?revision=1759915871"
"mirsan-efiyat","166","","DALGIÇ VE SANTRİFÜJ POMPA KAPASİTÖRLERİ IBL-KPS05","IBELTECH","Su Pompaları Aksesuarları","ADET","20.00","TRY","0.0000","0","out_of_stock","https://www.mir-san.com.tr/idea/rf/96/myassets/products/166/zxczsaa.jpg?revision=1759915877"
"mirsan-efiyat","165","","DALGIÇ VE SANTRİFÜJ POMPA KAPASİTÖRLERİ IBL-KPS04","IBELTECH","Su Pompaları Aksesuarları","ADET","20.00","TRY","0.0000","0","out_of_stock","https://www.mir-san.com.tr/idea/rf/96/myassets/products/165/zxczsaa.jpg?revision=1759915883"
"mirsan-efiyat","164","","DALGIÇ VE SANTRİFÜJ POMPA KAPASİTÖRLERİ IBL-KPS03","IBELTECH","Su Pompaları Aksesuarları","ADET","20.00","TRY","0.0000","0","out_of_stock","https://www.mir-san.com.tr/idea/rf/96/myassets/products/164/zxczsaa.jpg?revision=1759915889"
"mirsan-efiyat","163","","DALGIÇ VE SANTRİFÜJ POMPA KAPASİTÖRLERİ IBL-KPS02","IBELTECH","Su Pompaları Aksesuarları","ADET","20.00","TRY","0.0000","0","out_of_stock","https://www.mir-san.com.tr/idea/rf/96/myassets/products/163/zxczsaa.jpg?revision=1759915896"
"mirsan-efiyat","162","","DALGIÇ VE SANTRİFÜJ POMPA KAPASİTÖRLERİ IBL-KPS01","IBELTECH","Su Pompaları Aksesuarları","ADET","20.00","TRY","0.0000","0","out_of_stock","https://www.mir-san.com.tr/idea/rf/96/myassets/products/162/zxczsaa.jpg?revision=1759915903"
"mirsan-efiyat","161","","SU ISITICILARI IBL-IDP01","IBELTECH","Su Pompaları Aksesuarları","ADET","20.00","TRY","0.0000","0","out_of_stock","https://www.mir-san.com.tr/idea/rf/96/myassets/products/161/ilk-sayfa-2025-katalog-8-pdf-sayfa-1-goruntu-0008.jpg?revision=1759844581"
"mirsan-efiyat","160","","SU ISITICILARI IBL-ITP01","IBELTECH","Su Pompaları Aksesuarları","ADET","20.00","TRY","0.0000","0","out_of_stock","https://www.mir-san.com.tr/idea/rf/96/myassets/products/160/ilk-sayfa-2025-katalog-8-pdf-sayfa-1-goruntu-0007.jpg?revision=1759844530"
"mirsan-efiyat","159","","BEŞYOL","IBELTECH","Su Pompaları Aksesuarları","ADET","20.00","TRY","0.0000","0","out_of_stock","https://www.mir-san.com.tr/idea/rf/96/myassets/products/159/ilk-sayfa-2025-katalog-8-pdf-sayfa-1-goruntu-0003.jpg?revision=1759844539"
"mirsan-efiyat","158","","FLATÖR-ŞAMANDIRA IBL-FLT03","IBELTECH","Su Pompaları Aksesuarları","ADET","20.00","TRY","0.0000","0","out_of_stock","https://www.mir-san.com.tr/idea/rf/96/myassets/products/158/ilk-sayfa-2025-katalog-8-pdf-sayfa-1-goruntu-0006.jpg?revision=1759844403"
"mirsan-efiyat","157","","FLATÖR-ŞAMANDIRA IBL-FLT02","IBELTECH","Su Pompaları Aksesuarları","ADET","20.00","TRY","0.0000","0","out_of_stock","https://www.mir-san.com.tr/idea/rf/96/myassets/products/157/ilk-sayfa-2025-katalog-8-pdf-sayfa-1-goruntu-0006.jpg?revision=1759844263"
"mirsan-efiyat","156","","FLATÖR-ŞAMANDIRA IBL-FLT01","IBELTECH","Su Pompaları Aksesuarları","ADET","20.00","TRY","0.0000","0","out_of_stock","https://www.mir-san.com.tr/idea/rf/96/myassets/products/156/ilk-sayfa-2025-katalog-8-pdf-sayfa-1-goruntu-0006.jpg?revision=1759844251"
"mirsan-efiyat","155","","HİDROMAT KARTI EPC-2.2","IBELTECH","Su Pompaları Aksesuarları","ADET","20.00","TRY","0.0000","0","out_of_stock","https://www.mir-san.com.tr/idea/rf/96/myassets/products/155/whatsapp-image-2025-10-07-at-16-21-54.jpeg?revision=1759844157"
"mirsan-efiyat","154","","DİKEY BAĞLANTI MANOMETRE IBL-MNM01","IBELTECH","Su Pompaları Aksesuarları","ADET","20.00","TRY","0.0000","0","out_of_stock","https://www.mir-san.com.tr/idea/rf/96/myassets/products/154/ilk-sayfa-2025-katalog-8-pdf-sayfa-1-goruntu-0004.jpg?revision=1759844016"
"mirsan-efiyat","153","","YATAY BAĞLANTI MANOMETRE IBL-MNM02","IBELTECH","Su Pompaları Aksesuarları","ADET","20.00","TRY","0.0000","0","out_of_stock","https://www.mir-san.com.tr/idea/rf/96/myassets/products/153/ilk-sayfa-2025-katalog-8-pdf-sayfa-1-goruntu-0005.jpg?revision=1759843977"
"mirsan-efiyat","152","","GÜÇLENDİRİLMİŞ ÇELİK ÖRME BAĞLANTI FLEXİ IBL-FLX03","IBELTECH","Su Pompaları Aksesuarları","ADET","20.00","TRY","0.0000","0","out_of_stock","https://www.mir-san.com.tr/idea/rf/96/myassets/products/152/ilk-sayfa-2025-katalog-8-pdf-sayfa-1-goruntu-0001.jpg?revision=1759843879"
"mirsan-efiyat","151","","GÜÇLENDİRİLMİŞ ÇELİK ÖRME BAĞLANTI FLEXİ IBL-FLX02","IBELTECH","Su Pompaları Aksesuarları","ADET","20.00","TRY","0.0000","0","out_of_stock","https://www.mir-san.com.tr/idea/rf/96/myassets/products/151/ilk-sayfa-2025-katalog-8-pdf-sayfa-1-goruntu-0001.jpg?revision=1759843890"
"mirsan-efiyat","150","","GÜÇLENDİRİLMİŞ ÇELİK ÖRME BAĞLANTI FLEXİ IBL-FLX01","IBELTECH","Su Pompaları Aksesuarları","ADET","20.00","TRY","0.0000","0","out_of_stock","https://www.mir-san.com.tr/idea/rf/96/myassets/products/150/ilk-sayfa-2025-katalog-8-pdf-sayfa-1-goruntu-0001.jpg?revision=1759843900"
"mirsan-efiyat","149","","BASINÇ ŞARTELİ KRS-5","IBELTECH","Su Pompaları Aksesuarları","ADET","20.00","TRY","0.0000","0","out_of_stock","https://www.mir-san.com.tr/idea/rf/96/myassets/products/149/ilk-sayfa-2025-katalog-7-pdf-sayfa-1-goruntu-0002.jpg?revision=1759843501"
"mirsan-efiyat","148","","BASINÇ ŞARTELİ KRS-3","IBELTECH","Su Pompaları Aksesuarları","ADET","20.00","TRY","0.0000","0","out_of_stock","https://www.mir-san.com.tr/idea/rf/96/myassets/products/148/ilk-sayfa-2025-katalog-7-pdf-sayfa-1-goruntu-0001.jpg?revision=1759843477"
"mirsan-efiyat","147","","DİŞİ BASINÇ ŞARTELİ KRS-2.2","IBELTECH","Su Pompaları Aksesuarları","ADET","20.00","TRY","0.0000","0","out_of_stock","https://www.mir-san.com.tr/idea/rf/96/myassets/products/147/ilk-sayfa-2025-katalog-7-pdf-sayfa-1-goruntu-0004.jpg?revision=1759843419"
"mirsan-efiyat","146","","ERKEK BASINÇ ŞARTELİ KRS-2.1","IBELTECH","Su Pompaları Aksesuarları","ADET","20.00","TRY","0.0000","0","out_of_stock","https://www.mir-san.com.tr/idea/rf/96/myassets/products/146/ilk-sayfa-2025-katalog-7-pdf-sayfa-1-goruntu-0003.jpg?revision=1759843387"
"mirsan-efiyat","145","","DİJİTAL BASINÇ ŞARTELİ EPC-10","IBELTECH","Basınç Kontrol Cihazları","ADET","20.00","TRY","0.0000","0","out_of_stock","https://www.mir-san.com.tr/idea/rf/96/myassets/products/145/ilk-sayfa-2025-katalog-6-pdf-sayfa-1-goruntu-0003.jpg?revision=1759843124"
"mirsan-efiyat","144","","DİJİTAL BASINÇ KONTROL CİHAZI EPC-17","IBELTECH","Basınç Kontrol Cihazları","ADET","20.00","TRY","0.0000","0","out_of_stock","https://www.mir-san.com.tr/idea/rf/96/myassets/products/144/ilk-sayfa-2025-katalog-5-pdf-sayfa-1-goruntu-0002.jpg?revision=1759842985"
"mirsan-efiyat","143","","BASINÇ KONTROL CİHAZI EPC2.0","MRSMAX","Basınç Kontrol Cihazları","ADET","20.00","TRY","0.0000","0","out_of_stock","https://www.mir-san.com.tr/idea/rf/96/myassets/products/143/ilk-sayfa-2025-katalog-4-pdf-sayfa-1-goruntu-0002.jpg?revision=1759842834"
"mirsan-efiyat","142","","BASINÇ KONTROL CİHAZI EPC2.1","IBELTECH","Basınç Kontrol Cihazları","ADET","20.00","TRY","0.0000","0","out_of_stock","https://www.mir-san.com.tr/idea/rf/96/myassets/products/142/ilk-sayfa-2025-katalog-4-pdf-sayfa-1-goruntu-0002.jpg?revision=1759842846"
"mirsan-efiyat","141","","DYP SERİSİ AKARYAKIT AKTARIM POMPASI DYB40-AC","IBELTECH","Akaryakıt Aktarım Pompaları","ADET","20.00","TRY","0.0000","0","out_of_stock","https://www.mir-san.com.tr/idea/rf/96/myassets/products/141/ilk-sayfa-2025-katalog-3-pdf-sayfa-1-goruntu-0001.jpg?revision=1759842560"
"mirsan-efiyat","140","","DYP SERİSİ AKARYAKIT AKTARIM POMPASI DYB40-DC1","IBELTECH","Akaryakıt Aktarım Pompaları","ADET","20.00","TRY","0.0000","0","out_of_stock","https://www.mir-san.com.tr/idea/rf/96/myassets/products/140/ilk-sayfa-2025-katalog-3-pdf-sayfa-1-goruntu-0001.jpg?revision=1759842482"
"mirsan-efiyat","139","","DYP SERİSİ AKARYAKIT AKTARIM POMPASI DYB40-DC","IBELTECH","Akaryakıt Aktarım Pompaları","ADET","20.00","TRY","0.0000","0","out_of_stock","https://www.mir-san.com.tr/idea/rf/96/myassets/products/139/ilk-sayfa-2025-katalog-3-pdf-sayfa-1-goruntu-0001.jpg?revision=1759842471"
"mirsan-efiyat","138","","AKARYAKIT AKTARIM POMPASI DC24V","IBELTECH","Akaryakıt Aktarım Pompaları","ADET","20.00","TRY","0.0000","0","out_of_stock","https://www.mir-san.com.tr/idea/rf/96/myassets/products/138/ilk-sayfa-2025-katalog-3-pdf-sayfa-1-goruntu-0004.jpg?revision=1759842440"
"mirsan-efiyat","137","","AKARYAKIT AKTARIM POMPASI DC12V","IBELTECH","Akaryakıt Aktarım Pompaları","ADET","20.00","TRY","0.0000","0","out_of_stock","https://www.mir-san.com.tr/idea/rf/96/myassets/products/137/ilk-sayfa-2025-katalog-3-pdf-sayfa-1-goruntu-0004.jpg?revision=1759842407"
"mirsan-efiyat","136","","HP SERİSİ YÜKSEK İRTİFA BENZİNLİ SU POMPALARI HP30","IBELTECH","Benzinli Su Pompaları","ADET","20.00","TRY","0.0000","0","out_of_stock","https://www.mir-san.com.tr/idea/rf/96/myassets/products/136/ilk-sayfa-2025-katalog-2-pdf-sayfa-1-goruntu-0003.jpg?revision=1759842303"
"mirsan-efiyat","135","","HP SERİSİ YÜKSEK İRTİFA BENZİNLİ SU POMPALARI 2HP20","IBELTECH","Benzinli Su Pompaları","ADET","20.00","TRY","0.0000","0","out_of_stock","https://www.mir-san.com.tr/idea/rf/96/myassets/products/135/ilk-sayfa-2025-katalog-2-pdf-sayfa-1-goruntu-0001.jpg?revision=1759841540"
"mirsan-efiyat","134","","HP SERİSİ YÜKSEK İRTİFA BENZİNLİ SU POMPALARI HP20","IBELTECH","Benzinli Su Pompaları","ADET","20.00","TRY","0.0000","0","out_of_stock","https://www.mir-san.com.tr/idea/rf/96/myassets/products/134/ilk-sayfa-2025-katalog-2-pdf-sayfa-1-goruntu-0001.jpg?revision=1759841524"
"mirsan-efiyat","133","","YHQ SERİSİ BENZİNLİ SU POMPALARI YHQGZ100-K","IBELTECH","Benzinli Su Pompaları","ADET","20.00","TRY","0.0000","0","out_of_stock","https://www.mir-san.com.tr/idea/rf/96/myassets/products/133/ilk-sayfa-2025-katalog-2-pdf-sayfa-1-goruntu-0005.jpg?revision=1759841471"
"mirsan-efiyat","132","","YHQ SERİSİ BENZİNLİ SU POMPALARI YHQGZ-80C","IBELTECH","Benzinli Su Pompaları","ADET","20.00","TRY","0.0000","0","out_of_stock","https://www.mir-san.com.tr/idea/rf/96/myassets/products/132/ilk-sayfa-2025-katalog-2-pdf-sayfa-1-goruntu-0005.jpg?revision=1759841453"
"mirsan-efiyat","131","","YHQ SERİSİ BENZİNLİ SU POMPALARI YHQGZ-50C","IBELTECH","Benzinli Su Pompaları","ADET","20.00","TRY","0.0000","0","out_of_stock","https://www.mir-san.com.tr/idea/rf/96/myassets/products/131/ilk-sayfa-2025-katalog-2-pdf-sayfa-1-goruntu-0005.jpg?revision=1759841443"
"mirsan-efiyat","130","","YHQ SERİSİ BENZİNLİ SU POMPALARI YHQGZ40A","IBELTECH","Benzinli Su Pompaları","ADET","20.00","TRY","0.0000","0","out_of_stock","https://www.mir-san.com.tr/idea/rf/96/myassets/products/130/ilk-sayfa-2025-katalog-2-pdf-sayfa-1-goruntu-0007.jpg?revision=1759841402"
"mirsan-efiyat","129","","YHQ SERİSİ BENZİNLİ SU POMPALARI YHQGZ25A","IBELTECH","Benzinli Su Pompaları","ADET","20.00","TRY","0.0000","0","out_of_stock","https://www.mir-san.com.tr/idea/rf/96/myassets/products/129/ilk-sayfa-2025-katalog-2-pdf-sayfa-1-goruntu-0007.jpg?revision=1759841356"
"mirsan-efiyat","128","","GPD SERİSİ SICAK SU BASINÇ POMPASI GPD15-9A","IBELTECH","Sıcak Su Basınç Pompaları","ADET","20.00","TRY","0.0000","0","out_of_stock","https://www.mir-san.com.tr/idea/rf/96/myassets/products/128/sicaksu.jpg?revision=1759840383"
"mirsan-efiyat","127","","GPD SERİSİ DEVİR DAİM POMPASI GPD50-6F","IBELTECH","Devir Daim Su Pompaları","ADET","20.00","TRY","0.0000","0","out_of_stock","https://www.mir-san.com.tr/idea/rf/96/myassets/products/127/devrdam2.jpg?revision=1759840243"
"mirsan-efiyat","126","","GPD SERİSİ DEVİR DAİM POMPASI GPD40-12F","IBELTECH","Devir Daim Su Pompaları","ADET","20.00","TRY","0.0000","0","out_of_stock","https://www.mir-san.com.tr/idea/rf/96/myassets/products/126/devrdam2.jpg?revision=1759840227"
"mirsan-efiyat","125","","GPD SERİSİ DEVİR DAİM POMPASI GPD32-8S","IBELTECH","Devir Daim Su Pompaları","ADET","20.00","TRY","0.0000","0","out_of_stock","https://www.mir-san.com.tr/idea/rf/96/myassets/products/125/devrdam.jpg?revision=1759840208"
"mirsan-efiyat","124","","GPD SERİSİ DEVİR DAİM POMPASI GPD32-4S","IBELTECH","Devir Daim Su Pompaları","ADET","20.00","TRY","0.0000","0","out_of_stock","https://www.mir-san.com.tr/idea/rf/96/myassets/products/124/devrdam.jpg?revision=1759840196"
"mirsan-efiyat","123","","GPD SERİSİ DEVİR DAİM POMPASI GPD25-7S","IBELTECH","Devir Daim Su Pompaları","ADET","20.00","TRY","0.0000","0","out_of_stock","https://www.mir-san.com.tr/idea/rf/96/myassets/products/123/devrdam.jpg?revision=1759840173"
"mirsan-efiyat","122","","GPD SERİSİ DEVİR DAİM POMPASI GPD25-4S","IBELTECH","Devir Daim Su Pompaları","ADET","20.00","TRY","0.0000","0","out_of_stock","https://www.mir-san.com.tr/idea/rf/96/myassets/products/122/devrdam.jpg?revision=1759840162"
"mirsan-efiyat","121","","DALGIÇ POMPA PANOLARI 220V-240V / 50HZ KONTROL KUTULARI PANO-2.20","IBELTECH","Su Pompaları Aksesuarları","ADET","20.00","TRY","0.0000","0","out_of_stock","https://www.mir-san.com.tr/idea/rf/96/myassets/products/121/ilk-sayfa-2025-katalog-pdf-sayfa-1-goruntu-0004.jpg?revision=1759839694"
"mirsan-efiyat","120","","DALGIÇ POMPA PANOLARI 220V-240V / 50HZ KONTROL KUTULARI PANO-1.50","IBELTECH","Su Pompaları Aksesuarları","ADET","20.00","TRY","0.0000","0","out_of_stock","https://www.mir-san.com.tr/idea/rf/96/myassets/products/120/ilk-sayfa-2025-katalog-pdf-sayfa-1-goruntu-0004.jpg?revision=1759839681"
"mirsan-efiyat","119","","DALGIÇ POMPA PANOLARI 220V-240V / 50HZ KONTROL KUTULARI PANO-1.10","IBELTECH","Su Pompaları Aksesuarları","ADET","20.00","TRY","0.0000","0","out_of_stock","https://www.mir-san.com.tr/idea/rf/96/myassets/products/119/ilk-sayfa-2025-katalog-pdf-sayfa-1-goruntu-0004.jpg?revision=1759839670"
"mirsan-efiyat","118","","DALGIÇ POMPA PANOLARI 220V-240V / 50HZ KONTROL KUTULARI PANO-0.75","IBELTECH","Su Pompaları Aksesuarları","ADET","20.00","TRY","0.0000","0","out_of_stock","https://www.mir-san.com.tr/idea/rf/96/myassets/products/118/ilk-sayfa-2025-katalog-pdf-sayfa-1-goruntu-0004.jpg?revision=1759839655"
"mirsan-efiyat","117","","DALGIÇ POMPA PANOLARI 220V-240V / 50HZ KONTROL KUTULARI PANO-0.55","IBELTECH","Su Pompaları Aksesuarları","ADET","20.00","TRY","0.0000","0","out_of_stock","https://www.mir-san.com.tr/idea/rf/96/myassets/products/117/ilk-sayfa-2025-katalog-pdf-sayfa-1-goruntu-0004.jpg?revision=1759839629"
"mirsan-efiyat","116","","DALGIÇ POMPA PANOLARI 220V-240V / 50HZ KONTROL KUTULARI PANO-0.37","IBELTECH","Su Pompaları Aksesuarları","ADET","20.00","TRY","0.0000","0","out_of_stock","https://www.mir-san.com.tr/idea/rf/96/myassets/products/116/ilk-sayfa-2025-katalog-pdf-sayfa-1-goruntu-0004.jpg?revision=1759839640"
"mirsan-efiyat","115","","YD 4'' SERİSİ BAKIR SARGILI + YAĞLI DALGIÇ MOTORLARI MOTOR-4.00","IBELTECH","Dalgıç Pompalar","ADET","20.00","TRY","0.0000","0","out_of_stock","https://www.mir-san.com.tr/idea/rf/96/myassets/products/115/ilk-sayfa-2025-katalog-pdf-sayfa-1-goruntu-0003.jpg?revision=1759839466"
"mirsan-efiyat","114","","YD 4'' SERİSİ BAKIR SARGILI + YAĞLI DALGIÇ MOTORLARI MOTOR-3.00","IBELTECH","Dalgıç Pompalar","ADET","20.00","TRY","0.0000","0","out_of_stock","https://www.mir-san.com.tr/idea/rf/96/myassets/products/114/ilk-sayfa-2025-katalog-pdf-sayfa-1-goruntu-0003.jpg?revision=1759839455"
"mirsan-efiyat","113","","YD 4'' SERİSİ BAKIR SARGILI + YAĞLI DALGIÇ MOTORLARI MOTOR-2.20","IBELTECH","Dalgıç Pompalar","ADET","20.00","TRY","0.0000","0","out_of_stock","https://www.mir-san.com.tr/idea/rf/96/myassets/products/113/ilk-sayfa-2025-katalog-pdf-sayfa-1-goruntu-0003.jpg?revision=1759839436"
"mirsan-efiyat","112","","YD 4'' SERİSİ BAKIR SARGILI + YAĞLI DALGIÇ MOTORLARI MOTOR-1.50","IBELTECH","Dalgıç Pompalar","ADET","20.00","TRY","0.0000","0","out_of_stock","https://www.mir-san.com.tr/idea/rf/96/myassets/products/112/ilk-sayfa-2025-katalog-pdf-sayfa-1-goruntu-0003.jpg?revision=1759839423"
"mirsan-efiyat","111","","YD 4'' SERİSİ BAKIR SARGILI + YAĞLI DALGIÇ MOTORLARI MOTOR-1.10","IBELTECH","Dalgıç Pompalar","ADET","20.00","TRY","0.0000","0","out_of_stock","https://www.mir-san.com.tr/idea/rf/96/myassets/products/111/ilk-sayfa-2025-katalog-pdf-sayfa-1-goruntu-0003.jpg?revision=1759839412"
"mirsan-efiyat","110","","YD 4'' SERİSİ BAKIR SARGILI + YAĞLI DALGIÇ MOTORLARI MOTOR-0.75","IBELTECH","Dalgıç Pompalar","ADET","20.00","TRY","0.0000","0","out_of_stock","https://www.mir-san.com.tr/idea/rf/96/myassets/products/110/ilk-sayfa-2025-katalog-pdf-sayfa-1-goruntu-0003.jpg?revision=1759839401"
"mirsan-efiyat","109","","YD 4'' SERİSİ BAKIR SARGILI + YAĞLI DALGIÇ MOTORLARI MOTOR-0.55","IBELTECH","Dalgıç Pompalar","ADET","20.00","TRY","0.0000","0","out_of_stock","https://www.mir-san.com.tr/idea/rf/96/myassets/products/109/ilk-sayfa-2025-katalog-pdf-sayfa-1-goruntu-0003.jpg?revision=1759839386"
"mirsan-efiyat","108","","YD 4'' SERİSİ BAKIR SARGILI + YAĞLI DALGIÇ MOTORLARI MOTOR-0.37","IBELTECH","Dalgıç Pompalar","ADET","20.00","TRY","0.0000","0","out_of_stock","https://www.mir-san.com.tr/idea/rf/96/myassets/products/108/ilk-sayfa-2025-katalog-pdf-sayfa-1-goruntu-0003.jpg?revision=1759839373"
"mirsan-efiyat","107","","SKM 4'' SERİSİ FLATÖRLÜ + KABLOLU TEK KADEMELİ DALGIÇ POMPA 4SKM200","IBELTECH","Dalgıç Pompalar","ADET","20.00","TRY","0.0000","0","out_of_stock","https://www.mir-san.com.tr/idea/rf/96/myassets/products/107/ilk-sayfa-2025-katalog-pdf-sayfa-1-goruntu-0002.jpg?revision=1759839197"
"mirsan-efiyat","106","","SKM 4'' SERİSİ FLATÖRLÜ + KABLOLU TEK KADEMELİ DALGIÇ POMPA 4SKM150","IBELTECH","Dalgıç Pompalar","ADET","20.00","TRY","0.0000","0","out_of_stock","https://www.mir-san.com.tr/idea/rf/96/myassets/products/106/ilk-sayfa-2025-katalog-pdf-sayfa-1-goruntu-0002.jpg?revision=1759839184"
"mirsan-efiyat","105","","SKM 4'' SERİSİ FLATÖRLÜ + KABLOLU TEK KADEMELİ DALGIÇ POMPA 4SKM100","IBELTECH","Dalgıç Pompalar","ADET","20.00","TRY","0.0000","0","out_of_stock","https://www.mir-san.com.tr/idea/rf/96/myassets/products/105/ilk-sayfa-2025-katalog-pdf-sayfa-1-goruntu-0002.jpg?revision=1759839163"
"mirsan-efiyat","104","","DS80 PREMIUM SERİSİ 5'' ALTTAN EMİŞLİ FLATÖRLÜ + KABLOLU DALGIÇ POMPA DS80-7","IBELTECH","Dalgıç Pompalar","ADET","20.00","TRY","0.0000","0","out_of_stock","https://www.mir-san.com.tr/idea/rf/96/myassets/products/104/3.jpg?revision=1759839009"
"mirsan-efiyat","103","","DS80 PREMIUM SERİSİ 5'' ALTTAN EMİŞLİ FLATÖRLÜ + KABLOLU DALGIÇ POMPA DS80-5","IBELTECH","Dalgıç Pompalar","ADET","20.00","TRY","0.0000","0","out_of_stock","https://www.mir-san.com.tr/idea/rf/96/myassets/products/103/3.jpg?revision=1759838993"
"mirsan-efiyat","102","","DS5.1 PREMIUM SERİSİ 4'' ALTTAN EMİŞLİ FLATÖRLÜ + KABLOLU DALGIÇ POMPA DS5.1-56/7F","IBELTECH","Dalgıç Pompalar","ADET","20.00","TRY","0.0000","0","out_of_stock","https://www.mir-san.com.tr/idea/rf/96/myassets/products/102/2.jpg?revision=1759838906"
"mirsan-efiyat","101","","DS5.1 PREMIUM SERİSİ 4'' ALTTAN EMİŞLİ FLATÖRLÜ + KABLOLU DALGIÇ POMPA DS5.1-56/7","IBELTECH","Dalgıç Pompalar","ADET","20.00","TRY","0.0000","0","out_of_stock","https://www.mir-san.com.tr/idea/rf/96/myassets/products/101/2.jpg?revision=1759838864"
"mirsan-efiyat","100","","3SDM SERİSİ 3'' İNCE TİP DALGIÇ POMPA 3SDM2/24-0.75","IBELTECH","Dalgıç Pompalar","ADET","20.00","TRY","0.0000","0","out_of_stock","https://www.mir-san.com.tr/idea/rf/96/myassets/products/100/1.jpg?revision=1759838801"
"mirsan-efiyat","99","","4''SERİSİ 380V DERİN KUYU DALGIÇ POMPA 4SD16/20","MRSMAX","Dalgıç Pompalar","ADET","20.00","TRY","0.0000","0","out_of_stock","https://www.mir-san.com.tr/idea/rf/96/myassets/products/099/3.jpg?revision=1759757366"
"mirsan-efiyat","98","","4''SERİSİ 380V DERİN KUYU DALGIÇ POMPA 4SD8/26","MRSMAX","Dalgıç Pompalar","ADET","20.00","TRY","0.0000","0","out_of_stock","https://www.mir-san.com.tr/idea/rf/96/myassets/products/098/3.jpg?revision=1759757372"
"mirsan-efiyat","97","","4''SERİSİ 380V DERİN KUYU DALGIÇ POMPA 4SD8/21","MRSMAX","Dalgıç Pompalar","ADET","20.00","TRY","0.0000","0","out_of_stock","https://www.mir-san.com.tr/idea/rf/96/myassets/products/097/3.jpg?revision=1759757378"
"mirsan-efiyat","96","","4''SERİSİ 380V DERİN KUYU DALGIÇ POMPA 4SD8/17","MRSMAX","Dalgıç Pompalar","ADET","20.00","TRY","0.0000","0","out_of_stock","https://www.mir-san.com.tr/idea/rf/96/myassets/products/096/3.jpg?revision=1759757384"
"mirsan-efiyat","95","","4''SERİSİ 380V DERİN KUYU DALGIÇ POMPA 4SD10/14","MRSMAX","Dalgıç Pompalar","ADET","20.00","TRY","0.0000","0","out_of_stock","https://www.mir-san.com.tr/idea/rf/96/myassets/products/095/3.jpg?revision=1759757389"
"mirsan-efiyat","94","","4''SERİSİ 380V DERİN KUYU DALGIÇ POMPA 4SD8/37","MRSMAX","Dalgıç Pompalar","ADET","20.00","TRY","0.0000","0","out_of_stock","https://www.mir-san.com.tr/idea/rf/96/myassets/products/094/3.jpg?revision=1759757394"
"mirsan-efiyat","93","","4''SERİSİ 380V DERİN KUYU DALGIÇ POMPA 4SD3/38","MRSMAX","Dalgıç Pompalar","ADET","20.00","TRY","0.0000","0","out_of_stock","https://www.mir-san.com.tr/idea/rf/96/myassets/products/093/3.jpg?revision=1759757400"
"mirsan-efiyat","92","","4''SERİSİ 380V DERİN KUYU DALGIÇ POMPA 4SD4/34","MRSMAX","Dalgıç Pompalar","ADET","20.00","TRY","0.0000","0","out_of_stock","https://www.mir-san.com.tr/idea/rf/96/myassets/products/092/3.jpg?revision=1759757407"
"mirsan-efiyat","91","","4''SERİSİ 380V DERİN KUYU DALGIÇ POMPA 4SD3/30","MRSMAX","Dalgıç Pompalar","ADET","20.00","TRY","0.0000","0","out_of_stock","https://www.mir-san.com.tr/idea/rf/96/myassets/products/091/3.jpg?revision=1759757414"
"mirsan-efiyat","90","","4''SERİSİ 220V DERİN KUYU DALGIÇ POMPA 4SDM8/17","MRSMAX","Dalgıç Pompalar","ADET","20.00","TRY","0.0000","0","out_of_stock","https://www.mir-san.com.tr/idea/rf/96/myassets/products/090/3.jpg?revision=1759757421"
"mirsan-efiyat","89","","4''SERİSİ 220V DERİN KUYU DALGIÇ POMPA 4SDM10/14","MRSMAX","Dalgıç Pompalar","ADET","20.00","TRY","0.0000","0","out_of_stock","https://www.mir-san.com.tr/idea/rf/96/myassets/products/089/3.jpg?revision=1759757427"
"mirsan-efiyat","88","","4''SERİSİ 220V DERİN KUYU DALGIÇ POMPA 4SDM3/30","MRSMAX","Dalgıç Pompalar","ADET","20.00","TRY","0.0000","0","out_of_stock","https://www.mir-san.com.tr/idea/rf/96/myassets/products/088/3.jpg?revision=1759757440"
"mirsan-efiyat","87","","4''SERİSİ 220V DERİN KUYU DALGIÇ POMPA 4SDM4/26","MRSMAX","Dalgıç Pompalar","ADET","20.00","TRY","0.0000","0","out_of_stock","https://www.mir-san.com.tr/idea/rf/96/myassets/products/087/3.jpg?revision=1759757446"
"mirsan-efiyat","86","","4''SERİSİ 220V DERİN KUYU DALGIÇ POMPA 4SDM3/20","MRSMAX","Dalgıç Pompalar","ADET","20.00","TRY","0.0000","0","out_of_stock","https://www.mir-san.com.tr/idea/rf/96/myassets/products/086/3.jpg?revision=1759757452"
"mirsan-efiyat","85","","4''SERİSİ 220V DERİN KUYU DALGIÇ POMPA 4SDM4/14","MRSMAX","Dalgıç Pompalar","ADET","20.00","TRY","0.0000","0","out_of_stock","https://www.mir-san.com.tr/idea/rf/96/myassets/products/085/2.jpg?revision=1759757460"
"mirsan-efiyat","84","","4''SERİSİ 220V DERİN KUYU DALGIÇ POMPA 4SDM4/10","MRSMAX","Dalgıç Pompalar","ADET","20.00","TRY","0.0000","0","out_of_stock","https://www.mir-san.com.tr/idea/rf/96/myassets/products/084/2.jpg?revision=1759757467"
"mirsan-efiyat","83","","4''SERİSİ 220V DERİN KUYU DALGIÇ POMPA 4SDM4/8","MRSMAX","Dalgıç Pompalar","ADET","20.00","TRY","0.0000","0","out_of_stock","https://www.mir-san.com.tr/idea/rf/96/myassets/products/083/1.jpg?revision=1759757473"
"mirsan-efiyat","82","","4''SERİSİ 220V DERİN KUYU DALGIÇ POMPA 4SDM4/6","MRSMAX","Dalgıç Pompalar","ADET","20.00","TRY","0.0000","0","out_of_stock","https://www.mir-san.com.tr/idea/rf/96/myassets/products/082/1.jpg?revision=1759757480"
"mirsan-efiyat","81","","V-DF SERİSİ BAKIR SARGILI DRENAJ DALGIÇ POMPA V2200DF","IBELTECH","Dalgıç Pompalar","ADET","20.00","TRY","0.0000","0","out_of_stock","https://www.mir-san.com.tr/idea/rf/96/myassets/products/081/ilk-sayfa-2025-katalog-3-pdf-sayfa-1-goruntu-0002.jpg?revision=1759755682"
"mirsan-efiyat","80","","V-DF SERİSİ BAKIR SARGILI DRENAJ DALGIÇ POMPA V1800DF","IBELTECH","Dalgıç Pompalar","ADET","20.00","TRY","0.0000","0","out_of_stock","https://www.mir-san.com.tr/idea/rf/96/myassets/products/080/ilk-sayfa-2025-katalog-3-pdf-sayfa-1-goruntu-0002.jpg?revision=1759755664"
"mirsan-efiyat","79","","V-DF SERİSİ BAKIR SARGILI DRENAJ DALGIÇ POMPA V1500DF","IBELTECH","Dalgıç Pompalar","ADET","20.00","TRY","0.0000","0","out_of_stock","https://www.mir-san.com.tr/idea/rf/96/myassets/products/079/ilk-sayfa-2025-katalog-3-pdf-sayfa-1-goruntu-0002.jpg?revision=1759755646"
"mirsan-efiyat","78","","V-DF SERİSİ BAKIR SARGILI DRENAJ DALGIÇ POMPA V1300DF","IBELTECH","Dalgıç Pompalar","ADET","20.00","TRY","0.0000","0","out_of_stock","https://www.mir-san.com.tr/idea/rf/96/myassets/products/078/ilk-sayfa-2025-katalog-3-pdf-sayfa-1-goruntu-0002.jpg?revision=1759755636"
"mirsan-efiyat","77","","V-DF SERİSİ BAKIR SARGILI DRENAJ DALGIÇ POMPA V1100DF","IBELTECH","Dalgıç Pompalar","ADET","20.00","TRY","0.0000","0","out_of_stock","https://www.mir-san.com.tr/idea/rf/96/myassets/products/077/ilk-sayfa-2025-katalog-3-pdf-sayfa-1-goruntu-0002.jpg?revision=1759755623"
"mirsan-efiyat","76","","V-DF SERİSİ BAKIR SARGILI DRENAJ DALGIÇ POMPA V750DF","IBELTECH","Dalgıç Pompalar","ADET","20.00","TRY","0.0000","0","out_of_stock","https://www.mir-san.com.tr/idea/rf/96/myassets/products/076/ilk-sayfa-2025-katalog-3-pdf-sayfa-1-goruntu-0002.jpg?revision=1759755611"
"mirsan-efiyat","75","","V-DF SERİSİ BAKIR SARGILI DRENAJ DALGIÇ POMPA V450DF","IBELTECH","Dalgıç Pompalar","ADET","20.00","TRY","0.0000","0","out_of_stock","https://www.mir-san.com.tr/idea/rf/96/myassets/products/075/ilk-sayfa-2025-katalog-3-pdf-sayfa-1-goruntu-0002.jpg?revision=1759755596"
"mirsan-efiyat","74","","V SERİSİ BAKIR SARGILI DRENAJ DALGIÇ POMPA V1100F","IBELTECH","Dalgıç Pompalar","ADET","20.00","TRY","0.0000","0","out_of_stock","https://www.mir-san.com.tr/idea/rf/96/myassets/products/074/ilk-sayfa-2025-katalog-3-pdf-sayfa-1-goruntu-0001.jpg?revision=1759755521"
"mirsan-efiyat","73","","V SERİSİ BAKIR SARGILI DRENAJ DALGIÇ POMPA V750F","IBELTECH","Dalgıç Pompalar","ADET","20.00","TRY","0.0000","0","out_of_stock","https://www.mir-san.com.tr/idea/rf/96/myassets/products/073/ilk-sayfa-2025-katalog-3-pdf-sayfa-1-goruntu-0001.jpg?revision=1759755509"
"mirsan-efiyat","72","","V SERİSİ BAKIR SARGILI DRENAJ DALGIÇ POMPA V450F","IBELTECH","Dalgıç Pompalar","ADET","20.00","TRY","0.0000","0","out_of_stock","https://www.mir-san.com.tr/idea/rf/96/myassets/products/072/ilk-sayfa-2025-katalog-3-pdf-sayfa-1-goruntu-0001.jpg?revision=1759755498"
"mirsan-efiyat","71","","V SERİSİ BAKIR SARGILI DRENAJ DALGIÇ POMPA V250F","IBELTECH","Dalgıç Pompalar","ADET","20.00","TRY","0.0000","0","out_of_stock","https://www.mir-san.com.tr/idea/rf/96/myassets/products/071/ilk-sayfa-2025-katalog-3-pdf-sayfa-1-goruntu-0001.jpg?revision=1759755481"
"mirsan-efiyat","70","","EDP SERİSİ BAKIR SARGILI TİTREŞİMLİ DALGIÇ POMPA IBL-EDP04","IBELTECH","Dalgıç Pompalar","ADET","20.00","TRY","0.0000","0","out_of_stock","https://www.mir-san.com.tr/idea/rf/96/myassets/products/070/ilk-sayfa-2025-katalog-2-pdf-sayfa-1-goruntu-0002.jpg?revision=1759484279"
"mirsan-efiyat","69","","EDP SERİSİ BAKIR SARGILI TİTREŞİMLİ DALGIÇ POMPA IBL-EDP02","IBELTECH","Dalgıç Pompalar","ADET","20.00","TRY","0.0000","0","out_of_stock","https://www.mir-san.com.tr/idea/rf/96/myassets/products/069/ilk-sayfa-2025-katalog-2-pdf-sayfa-1-goruntu-0002.jpg?revision=1759484246"
"mirsan-efiyat","68","","EDP SERİSİ BAKIR SARGILI TİTREŞİMLİ DALGIÇ POMPA IBL-EDP01","IBELTECH","Dalgıç Pompalar","ADET","20.00","TRY","0.0000","0","out_of_stock","https://www.mir-san.com.tr/idea/rf/96/myassets/products/068/ilk-sayfa-2025-katalog-2-pdf-sayfa-1-goruntu-0002.jpg?revision=1759484228"
"mirsan-efiyat","67","","EDP SERİSİ BAKIR SARGILI TİTREŞİMLİ FLATÖRLÜ DALGIÇ POMPA IBL-EDP05","IBELTECH","Dalgıç Pompalar","ADET","20.00","TRY","0.0000","0","out_of_stock","https://www.mir-san.com.tr/idea/rf/96/myassets/products/067/ilk-sayfa-2025-katalog-2-pdf-sayfa-1-goruntu-0001.jpg?revision=1759484179"
"mirsan-efiyat","66","","EDP SERİSİ BAKIR SARGILI TİTREŞİMLİ FLATÖRLÜ DALGIÇ POMPA IBL-EDP03","IBELTECH","Dalgıç Pompalar","ADET","20.00","TRY","0.0000","0","out_of_stock","https://www.mir-san.com.tr/idea/rf/96/myassets/products/066/ilk-sayfa-2025-katalog-2-pdf-sayfa-1-goruntu-0001.jpg?revision=1759484165"
"mirsan-efiyat","65","","QDX SERİSİ TEMİZ SU DALGIÇ POMPA QDX6-33-1.5F","IBELTECH","Dalgıç Pompalar","ADET","20.00","TRY","0.0000","0","out_of_stock","https://www.mir-san.com.tr/idea/rf/96/myassets/products/065/ilk-sayfa-2025-katalog-pdf-sayfa-1-goruntu-0003.jpg?revision=1759483215"
"mirsan-efiyat","64","","QDX SERİSİ TEMİZ SU DALGIÇ POMPA QDX1.5-32-0.75F","IBELTECH","Dalgıç Pompalar","ADET","20.00","TRY","0.0000","0","out_of_stock","https://www.mir-san.com.tr/idea/rf/96/myassets/products/064/ilk-sayfa-2025-katalog-pdf-sayfa-1-goruntu-0003.jpg?revision=1759483197"
"mirsan-efiyat","63","","QDX SERİSİ TEMİZ SU DALGIÇ POMPA QDX3-20-0.55F","IBELTECH","Dalgıç Pompalar","ADET","20.00","TRY","0.0000","0","out_of_stock","https://www.mir-san.com.tr/idea/rf/96/myassets/products/063/ilk-sayfa-2025-katalog-pdf-sayfa-1-goruntu-0003.jpg?revision=1759483166"
"mirsan-efiyat","62","","QDX SERİSİ TEMİZ SU DALGIÇ POMPA QDX1.5-16-037F","IBELTECH","Dalgıç Pompalar","ADET","20.00","TRY","0.0000","0","out_of_stock","https://www.mir-san.com.tr/idea/rf/96/myassets/products/062/ilk-sayfa-2025-katalog-pdf-sayfa-1-goruntu-0003.jpg?revision=1759483117"
"mirsan-efiyat","61","","QSB-103 SERİSİ YÜKSEK İRTİFA TEMİZ SU DALGIÇ POMPA QSB-JH 1000103","IBELTECH","Dalgıç Pompalar","ADET","20.00","TRY","0.0000","0","out_of_stock","https://www.mir-san.com.tr/idea/rf/96/myassets/products/061/ilk-sayfa-2025-katalog-pdf-sayfa-1-goruntu-0004.jpg?revision=1759482642"
"mirsan-efiyat","60","","QSB-103 SERİSİ YÜKSEK İRTİFA TEMİZ SU DALGIÇ POMPA QSB-JH 800103","IBELTECH","Dalgıç Pompalar","ADET","20.00","TRY","0.0000","0","out_of_stock","https://www.mir-san.com.tr/idea/rf/96/myassets/products/060/ilk-sayfa-2025-katalog-pdf-sayfa-1-goruntu-0004.jpg?revision=1759482623"
"mirsan-efiyat","59","","QSB-11 SERİSİ GİZLİ ŞAMANDIRALI PLASTİK DALGIÇ POMPA QSB-JH 750811","IBELTECH","Dalgıç Pompalar","ADET","20.00","TRY","0.0000","0","out_of_stock","https://www.mir-san.com.tr/idea/rf/96/myassets/products/059/ilk-sayfa-2025-katalog-pdf-sayfa-1-goruntu-0002.jpg?revision=1759482561"
"mirsan-efiyat","58","","QSB-11 SERİSİ GİZLİ ŞAMANDIRALI PLASTİK DALGIÇ POMPA QSB-JH 550811","IBELTECH","Dalgıç Pompalar","ADET","20.00","TRY","0.0000","0","out_of_stock","https://www.mir-san.com.tr/idea/rf/96/myassets/products/058/ilk-sayfa-2025-katalog-pdf-sayfa-1-goruntu-0002.jpg?revision=1759482549"
"mirsan-efiyat","57","","QSB-11 SERİSİ GİZLİ ŞAMANDIRALI PLASTİK DALGIÇ POMPA QSB-JH 400811","IBELTECH","Dalgıç Pompalar","ADET","20.00","TRY","0.0000","0","out_of_stock","https://www.mir-san.com.tr/idea/rf/96/myassets/products/057/ilk-sayfa-2025-katalog-pdf-sayfa-1-goruntu-0002.jpg?revision=1759482533"
"mirsan-efiyat","56","","QSB-38 SERİSİ PLASTİK KOMBİNE DALGIÇ POMPA QSB-JH 90038","IBELTECH","Dalgıç Pompalar","ADET","20.00","TRY","0.0000","0","out_of_stock","https://www.mir-san.com.tr/idea/rf/96/myassets/products/056/ilk-sayfa-2025-katalog-pdf-sayfa-1-goruntu-0001.jpg?revision=1759482484"
"mirsan-efiyat","55","","QSB-38 SERİSİ PLASTİK KOMBİNE DALGIÇ POMPA QSB-JH 75038","IBELTECH","Dalgıç Pompalar","ADET","20.00","TRY","0.0000","0","out_of_stock","https://www.mir-san.com.tr/idea/rf/96/myassets/products/055/ilk-sayfa-2025-katalog-pdf-sayfa-1-goruntu-0001.jpg?revision=1759482472"
"mirsan-efiyat","54","","QSB-38 SERİSİ PLASTİK KOMBİNE DALGIÇ POMPA QSB-JH 55038","IBELTECH","Dalgıç Pompalar","ADET","20.00","TRY","0.0000","0","out_of_stock","https://www.mir-san.com.tr/idea/rf/96/myassets/products/054/ilk-sayfa-2025-katalog-pdf-sayfa-1-goruntu-0001.jpg?revision=1759482460"
"mirsan-efiyat","53","","QSB-38 SERİSİ PLASTİK KOMBİNE DALGIÇ POMPA QSB-JH 40038","IBELTECH","Dalgıç Pompalar","ADET","20.00","TRY","0.0000","0","out_of_stock","https://www.mir-san.com.tr/idea/rf/96/myassets/products/053/ilk-sayfa-2025-katalog-pdf-sayfa-1-goruntu-0001.jpg?revision=1759482435"
"mirsan-efiyat","52","","YMPV SERİSİ BAKIR SARGILI DİKEY MİLLİ ÇOK KADEMELİ SU POMPASI YMPV9-90T","IBELTECH","Çok Kademeli Milli Pompalar","ADET","20.00","TRY","573.3000","0","out_of_stock","https://www.mir-san.com.tr/idea/rf/96/myassets/products/052/ilk-sayfa-2025-katalog-3-pdf-sayfa-1-goruntu-0002.jpg?revision=1775651378"
"mirsan-efiyat","51","","YMPV SERİSİ BAKIR SARGILI DİKEY MİLLİ ÇOK KADEMELİ SU POMPASI YMPV6-90T","IBELTECH","Çok Kademeli Milli Pompalar","ADET","20.00","TRY","409.5000","0","out_of_stock","https://www.mir-san.com.tr/idea/rf/96/myassets/products/051/ilk-sayfa-2025-katalog-3-pdf-sayfa-1-goruntu-0002.jpg?revision=1775651371"
"mirsan-efiyat","50","","YMPV SERİSİ BAKIR SARGILI DİKEY MİLLİ ÇOK KADEMELİ SU POMPASI YMPV6-70T","IBELTECH","Çok Kademeli Milli Pompalar","ADET","20.00","TRY","386.1000","0","out_of_stock","https://www.mir-san.com.tr/idea/rf/96/myassets/products/050/ilk-sayfa-2025-katalog-3-pdf-sayfa-1-goruntu-0002.jpg?revision=1775651363"
"mirsan-efiyat","49","","YMPV SERİSİ BAKIR SARGILI DİKEY MİLLİ ÇOK KADEMELİ SU POMPASI YMPV6-50T","IBELTECH","Çok Kademeli Milli Pompalar","ADET","20.00","TRY","315.9000","0","out_of_stock","https://www.mir-san.com.tr/idea/rf/96/myassets/products/049/ilk-sayfa-2025-katalog-3-pdf-sayfa-1-goruntu-0002.jpg?revision=1775651356"
"mirsan-efiyat","48","","YMPV SERİSİ BAKIR SARGILI DİKEY MİLLİ ÇOK KADEMELİ SU POMPASI YMPV9-90","IBELTECH","Çok Kademeli Milli Pompalar","ADET","20.00","TRY","573.3000","0","out_of_stock","https://www.mir-san.com.tr/idea/rf/96/myassets/products/048/ilk-sayfa-2025-katalog-3-pdf-sayfa-1-goruntu-0002.jpg?revision=1775651323"
"mirsan-efiyat","47","","YMPV SERİSİ BAKIR SARGILI DİKEY MİLLİ ÇOK KADEMELİ SU POMPASI YMPV6-90","IBELTECH","Çok Kademeli Milli Pompalar","ADET","20.00","TRY","409.5000","0","out_of_stock","https://www.mir-san.com.tr/idea/rf/96/myassets/products/047/ilk-sayfa-2025-katalog-3-pdf-sayfa-1-goruntu-0002.jpg?revision=1775651315"
"mirsan-efiyat","46","","YMPV SERİSİ BAKIR SARGILI DİKEY MİLLİ ÇOK KADEMELİ SU POMPASI YMPV6-70","IBELTECH","Çok Kademeli Milli Pompalar","ADET","20.00","TRY","386.1000","0","out_of_stock","https://www.mir-san.com.tr/idea/rf/96/myassets/products/046/ilk-sayfa-2025-katalog-3-pdf-sayfa-1-goruntu-0002.jpg?revision=1775651305"
"mirsan-efiyat","45","","YMPV SERİSİ BAKIR SARGILI DİKEY MİLLİ ÇOK KADEMELİ SU POMPASI YMPV6-50","IBELTECH","Çok Kademeli Milli Pompalar","ADET","20.00","TRY","315.9000","0","out_of_stock","https://www.mir-san.com.tr/idea/rf/96/myassets/products/045/ilk-sayfa-2025-katalog-3-pdf-sayfa-1-goruntu-0002.jpg?revision=1775651289"
"mirsan-efiyat","44","","YMP SERİSİ BAKIR SARGILI YATAY MİLLİ ÇOK KADEMELİ SU POMPASI YMP9-90T","IBELTECH","Çok Kademeli Milli Pompalar","ADET","20.00","TRY","573.3000","0","out_of_stock","https://www.mir-san.com.tr/idea/rf/96/myassets/products/044/ilk-sayfa-2025-katalog-3-pdf-sayfa-1-goruntu-0001.jpg?revision=1775651125"
"mirsan-efiyat","43","","YMP SERİSİ BAKIR SARGILI YATAY MİLLİ ÇOK KADEMELİ SU POMPASI YMP6-90","IBELTECH","Çok Kademeli Milli Pompalar","ADET","20.00","TRY","397.8000","0","out_of_stock","https://www.mir-san.com.tr/idea/rf/96/myassets/products/043/ilk-sayfa-2025-katalog-3-pdf-sayfa-1-goruntu-0001.jpg?revision=1775651113"
"mirsan-efiyat","42","","YMP SERİSİ BAKIR SARGILI YATAY MİLLİ ÇOK KADEMELİ SU POMPASI YMP6-70","IBELTECH","Çok Kademeli Milli Pompalar","ADET","20.00","TRY","374.4000","0","out_of_stock","https://www.mir-san.com.tr/idea/rf/96/myassets/products/042/ilk-sayfa-2025-katalog-3-pdf-sayfa-1-goruntu-0001.jpg?revision=1775651103"
"mirsan-efiyat","41","","YMP SERİSİ BAKIR SARGILI YATAY MİLLİ ÇOK KADEMELİ SU POMPASI YMP6-50","IBELTECH","Çok Kademeli Milli Pompalar","ADET","20.00","TRY","305.0000","0","out_of_stock","https://www.mir-san.com.tr/idea/rf/96/myassets/products/041/ilk-sayfa-2025-katalog-3-pdf-sayfa-1-goruntu-0001.jpg?revision=1775651093"
"mirsan-efiyat","40","","JET SERİSİ ALÜMİNYUM SARGILI KENDİNDEN EMİŞLİ POMPA JET100","MRSMAX","Kendinden Emişli Jet Pompalar","ADET","20.00","TRY","109.9800","0","out_of_stock","https://www.mir-san.com.tr/idea/rf/96/myassets/products/040/ilk-sayfa-2025-katalog-2-pdf-sayfa-1-goruntu-0002.jpg?revision=1775651073"
"mirsan-efiyat","39","","SP SERİSİ ALÜMİNYUM SARGILI SANTRİFÜJ POMPA SP152","MRSMAX","Santrifüj Pompalar","ADET","20.00","TRY","170.8200","0","out_of_stock","https://www.mir-san.com.tr/idea/rf/96/myassets/products/039/ilk-sayfa-2025-katalog-2-pdf-sayfa-1-goruntu-0004.jpg?revision=1775651066"
"mirsan-efiyat","38","","CPM SERİSİ ALÜMİNYUM SARGILI SANTRİFÜJ POMPA CPM158","MRSMAX","Santrifüj Pompalar","ADET","20.00","TRY","88.9200","0","out_of_stock","https://www.mir-san.com.tr/idea/rf/96/myassets/products/038/ilk-sayfa-2025-katalog-2-pdf-sayfa-1-goruntu-0001.jpg?revision=1775651051"
"mirsan-efiyat","37","","QB SERİSİ ALÜMİNYUM SARGILI MİKRO VORTEX POMPA QB80","MRSMAX","Mikro Vortex Pompalar","ADET","20.00","TRY","109.9800","0","out_of_stock","https://www.mir-san.com.tr/idea/rf/96/myassets/products/037/ilk-sayfa-2025-katalog-2-pdf-sayfa-1-goruntu-0003.jpg?revision=1775651043"
"mirsan-efiyat","36","","QB SERİSİ ALÜMİNYUM SARGILI MİKRO VORTEX POMPA QB70","MRSMAX","Mikro Vortex Pompalar","ADET","20.00","TRY","84.2400","0","out_of_stock","https://www.mir-san.com.tr/idea/rf/96/myassets/products/036/ilk-sayfa-2025-katalog-2-pdf-sayfa-1-goruntu-0003.jpg?revision=1775651035"
"mirsan-efiyat","35","","QB SERİSİ ALÜMİNYUM SARGILI MİKRO VORTEX POMPA QB60","MRSMAX","Mikro Vortex Pompalar","ADET","20.00","TRY","44.4600","0","out_of_stock","https://www.mir-san.com.tr/idea/rf/96/myassets/products/035/ilk-sayfa-2025-katalog-2-pdf-sayfa-1-goruntu-0003.jpg?revision=1775651024"
"mirsan-efiyat","33","","JET SERİSİ BAKIR SARGILI KENDİNDEN EMİŞLİ POMPA JET100-B","IBELTECH","Kendinden Emişli Jet Pompalar","ADET","20.00","TRY","152.1000","0","out_of_stock","https://www.mir-san.com.tr/idea/rf/96/myassets/products/033/ilk-sayfa-2025-katalog-pdf-sayfa-1-goruntu-0001.jpg?revision=1775651003"
"mirsan-efiyat","32","","SP SERİSİ BAKIR SARGILI SANTRİFÜJ POMPA SP152-B","IBELTECH","Santrifüj Pompalar","ADET","20.00","TRY","222.3000","0","out_of_stock","https://www.mir-san.com.tr/idea/rf/96/myassets/products/032/ilk-sayfa-2025-katalog-pdf-sayfa-1-goruntu-0003.jpg?revision=1775650993"
"mirsan-efiyat","31","","CPM SERİSİ BAKIR SARGILI SANTRİFÜJ POMPA CPM158-B","IBELTECH","Santrifüj Pompalar","ADET","20.00","TRY","117.0000","0","out_of_stock","https://www.mir-san.com.tr/idea/rf/96/myassets/products/031/ilk-sayfa-2025-katalog-pdf-sayfa-1-goruntu-0004.jpg?revision=1775650965"
"mirsan-efiyat","30","","QB SERİSİ BAKIR SARGILI MİKRO VORTEX POMPA QB80-B","IBELTECH","Mikro Vortex Pompalar","ADET","20.00","TRY","120.0000","0","out_of_stock","https://www.mir-san.com.tr/idea/rf/96/myassets/products/030/ilk-sayfa-2025-katalog-pdf-sayfa-1-goruntu-0002.jpg?revision=1775650959"
"mirsan-efiyat","29","","QB SERİSİ BAKIR SARGILI MİKRO VORTEX POMPA QB70-B","IBELTECH","Mikro Vortex Pompalar","ADET","20.00","TRY","105.3000","0","out_of_stock","https://www.mir-san.com.tr/idea/rf/96/myassets/products/029/ilk-sayfa-2025-katalog-pdf-sayfa-1-goruntu-0002.jpg?revision=1775650947"
"mirsan-efiyat","28","","QB SERİSİ BAKIR SARGILI MİKRO VORTEX POMPA QB60-B","IBELTECH","Mikro Vortex Pompalar","ADET","20.00","TRY","62.5200","0","out_of_stock","https://www.mir-san.com.tr/idea/rf/96/myassets/products/028/ilk-sayfa-2025-katalog-pdf-sayfa-1-goruntu-0002.jpg?revision=1775650928"
"mirsan-efiyat","27","","TANKLI JET-SDM SERİSİ BAKIR SARGILI 24 TANKLI SANTRİFÜJ POMPA JET-750SDM+24L","IBELTECH","Santrifüj Pompalar","ADET","20.00","TRY","292.9000","0","out_of_stock","https://www.mir-san.com.tr/idea/rf/96/myassets/products/027/ilk-sayfa-2025-katalog-pdf-sayfa-1-goruntu-0002.jpg?revision=1775650884"
"mirsan-efiyat","26","","TANKLI JET-AH SERİSİ BAKIR SARGILI HİDROFORLU SANTRİFÜJ POMPA JET-1500AH+24L","IBELTECH","Santrifüj Pompalar","ADET","20.00","TRY","468.0000","0","out_of_stock","https://www.mir-san.com.tr/idea/rf/96/myassets/products/026/ilk-sayfa-2025-katalog-pdf-sayfa-1-goruntu-0004.jpg?revision=1775650908"
"mirsan-efiyat","24","","TANKLI JET-AH SERİSİ BAKIR SARGILI HİDROFORLU SANTRİFÜJ POMPA JET-750AH+24L","IBELTECH","Santrifüj Pompalar","ADET","20.00","TRY","292.9000","0","out_of_stock","https://www.mir-san.com.tr/idea/rf/96/myassets/products/024/ilk-sayfa-2025-katalog-pdf-sayfa-1-goruntu-0003.jpg?revision=1775650898"
"mirsan-efiyat","20","","DGP SERİSİ BAKIR SARGILI HİDROFORLU MİKRO VORTEX POMPA DGP750-B","IBELTECH","Mikro Vortex Pompalar","ADET","20.00","TRY","198.9000","0","out_of_stock","https://www.mir-san.com.tr/idea/rf/96/myassets/products/020/ilk-sayfa-2025-katalog-pdf-sayfa-1-goruntu-0001.jpg?revision=1775650848"
"mirsan-efiyat","19","","DGP SERİSİ BAKIR SARGILI HİDROFORLU MİKRO VORTEX POMPA DGP130-D","IBELTECH","Mikro Vortex Pompalar","ADET","20.00","TRY","140.4000","0","out_of_stock","https://www.mir-san.com.tr/idea/rf/96/myassets/products/019/ilk-sayfa-2025-katalog-pdf-sayfa-1-goruntu-0001.jpg?revision=1775650832"
"mirsan-efiyat","18","","JET-SDM SERİSİ BAKIR SARGILI PASLANMAZ ÇELİK GÖVDELİ KENDİNDEN EMİŞLİ POMPA JET-750SDM","IBELTECH","Kendinden Emişli Jet Pompalar","ADET","20.00","TRY","163.8000","0","out_of_stock","https://www.mir-san.com.tr/idea/rf/96/myassets/products/018/ilk-sayfa-2025-katalog-pdf-sayfa-1-goruntu-0002.jpg?revision=1775647660"
"mirsan-efiyat","17","","JET SERİSİ BAKIR SARGILI KENDİNDEN EMİŞLİ POMPA JET-1500AH","IBELTECH","Kendinden Emişli Jet Pompalar","ADET","20.00","TRY","304.2000","0","out_of_stock","https://www.mir-san.com.tr/idea/rf/96/myassets/products/017/ilk-sayfa-2025-katalog-pdf-sayfa-1-goruntu-0001.jpg?revision=1775647647"
"mirsan-efiyat","16","","JET SERİSİ BAKIR SARGILI KENDİNDEN EMİŞLİ POMPA JET-1100AH","IBELTECH","Kendinden Emişli Jet Pompalar","ADET","20.00","TRY","280.8000","0","out_of_stock","https://www.mir-san.com.tr/idea/rf/96/myassets/products/016/ilk-sayfa-2025-katalog-pdf-sayfa-1-goruntu-0001.jpg?revision=1775647640"
"mirsan-efiyat","15","","JET SERİSİ BAKIR SARGILI KENDİNDEN EMİŞLİ POMPA JET-750AH","IBELTECH","Kendinden Emişli Jet Pompalar","ADET","20.00","TRY","182.5200","0","out_of_stock","https://www.mir-san.com.tr/idea/rf/96/myassets/products/015/ilk-sayfa-2025-katalog-pdf-sayfa-1-goruntu-0001.jpg?revision=1775647632"
"mirsan-efiyat","14","","DHM SERİSİ BAKIR SARGILI MİKRO SANTRİFÜJ POMPA DHM/7BR","IBELTECH","Santrifüj Pompalar","ADET","20.00","TRY","561.6000","0","out_of_stock","https://www.mir-san.com.tr/idea/rf/96/myassets/products/014/ilk-sayfa-2025-katalog-pdf-sayfa-1-goruntu-0004.jpg?revision=1775647589"
"mirsan-efiyat","13","","DHM SERİSİ BAKIR SARGILI MİKRO SANTRİFÜJ POMPA DHM/6AR","IBELTECH","Santrifüj Pompalar","ADET","20.00","TRY","514.8000","0","out_of_stock","https://www.mir-san.com.tr/idea/rf/96/myassets/products/013/ilk-sayfa-2025-katalog-pdf-sayfa-1-goruntu-0004.jpg?revision=1775647580"
"mirsan-efiyat","12","","DHM SERİSİ BAKIR SARGILI MİKRO SANTRİFÜJ POMPA DHM/6AM","IBELTECH","Santrifüj Pompalar","ADET","20.00","TRY","468.0000","0","out_of_stock","https://www.mir-san.com.tr/idea/rf/96/myassets/products/012/ilk-sayfa-2025-katalog-pdf-sayfa-1-goruntu-0004.jpg?revision=1775647572"
"mirsan-efiyat","11","","DHM SERİSİ BAKIR SARGILI MİKRO SANTRİFÜJ POMPA DHM/5AM","IBELTECH","Santrifüj Pompalar","ADET","20.00","TRY","280.8000","0","out_of_stock","https://www.mir-san.com.tr/idea/rf/96/myassets/products/011/ilk-sayfa-2025-katalog-pdf-sayfa-1-goruntu-0004.jpg?revision=1775647563"
"mirsan-efiyat","10","","SCM SERİSİ BAKIR SARGILI 2 KADEMELİ YÜKSEK İRTİFA SANTRİFÜJ POMPA SCM2-60","IBELTECH","2 Zamanlı Su Pompaları","ADET","20.00","TRY","351.0000","0","out_of_stock","https://www.mir-san.com.tr/idea/rf/96/myassets/products/010/ilk-sayfa-2025-katalog-pdf-sayfa-1-goruntu-0003.jpg?revision=1775647503"
"mirsan-efiyat","9","","SCM SERİSİ BAKIR SARGILI 2 KADEMELİ YÜKSEK İRTİFA SANTRİFÜJ POMPA SCM2-55","IBELTECH","2 Zamanlı Su Pompaları","ADET","20.00","TRY","327.6000","0","out_of_stock","https://www.mir-san.com.tr/idea/rf/96/myassets/products/009/ilk-sayfa-2025-katalog-pdf-sayfa-1-goruntu-0003.jpg?revision=1775647491"
"mirsan-efiyat","8","","SCM SERİSİ BAKIR SARGILI 2 KADEMELİ YÜKSEK İRTİFA SANTRİFÜJ POMPA SCM2-52","IBELTECH","2 Zamanlı Su Pompaları","ADET","20.00","TRY","304.2000","0","out_of_stock","https://www.mir-san.com.tr/idea/rf/96/myassets/products/008/ilk-sayfa-2025-katalog-pdf-sayfa-1-goruntu-0003.jpg?revision=1775647482"
"mirsan-efiyat","7","","SCM SERİSİ BAKIR SARGILI 2 KADEMELİ YÜKSEK İRTİFA SANTRİFÜJ POMPA SCM2-45","IBELTECH","2 Zamanlı Su Pompaları","ADET","20.00","TRY","222.3000","0","out_of_stock","https://www.mir-san.com.tr/idea/rf/96/myassets/products/007/ilk-sayfa-2025-katalog-pdf-sayfa-1-goruntu-0003.jpg?revision=1775647466"
"mirsan-efiyat","6","","2DCM SERİSİ BAKIR SARGILI 2 KADEMELİ YÜKSEK İRTİFA SANTRİFÜJ POMPA 2DCM-160/160","IBELTECH","2 Zamanlı Su Pompaları","ADET","20.00","TRY","327.6000","0","out_of_stock","https://www.mir-san.com.tr/idea/rf/96/myassets/products/006/ilk-sayfa-2025-katalog-pdf-sayfa-1-goruntu-0004.jpg?revision=1775642199"
"mirsan-efiyat","5","","DCM SERİSİ BAKIR SARGILI SANTRİFÜJ POMPA DCM158","IBELTECH","Santrifüj Pompalar","ADET","20.00","TRY","175.5000","0","out_of_stock","https://www.mir-san.com.tr/idea/rf/96/myassets/products/005/ilk-sayfa-2025-katalog-pdf-sayfa-1-goruntu-0003.jpg?revision=1775642187"
"mirsan-efiyat","4","","DKM-1D SERİSİ BAKIR SARGILI MİKRO VORTEX POMPA DKM60-1D","IBELTECH","Mikro Vortex Pompalar","ADET","20.00","TRY","81.9000","0","out_of_stock","https://www.mir-san.com.tr/idea/rf/96/myassets/products/004/ilk-sayfa-2025-katalog-pdf-sayfa-1-goruntu-0001.jpg?revision=1775642173"
"mirsan-efiyat","3","","DKM SERİSİ BAKIR SARGILI MİKRO VORTEX POMPA DKM80","IBELTECH","Mikro Vortex Pompalar","ADET","20.00","TRY","140.4000","0","out_of_stock","https://www.mir-san.com.tr/idea/rf/96/myassets/products/003/mirsan-2025-katalog-sayfa-02-goruntu-0002.jpg?revision=1775642149"
"mirsan-efiyat","2","","DKM SERİSİ BAKIR SARGILI MİKRO VORTEX POMPA DKM70","IBELTECH","Mikro Vortex Pompalar","ADET","20.00","TRY","128.7000","0","out_of_stock","https://www.mir-san.com.tr/idea/rf/96/myassets/products/002/mirsan-2025-katalog-sayfa-02-goruntu-0002.jpg?revision=1775642134"
"mirsan-efiyat","1","","DKM SERİSİ BAKIR SARGILI MİKRO VORTEX POMPA DKM60","IBELTECH","Mikro Vortex Pompalar","ADET","20.00","TRY","84.2400","0","out_of_stock","https://www.mir-san.com.tr/idea/rf/96/myassets/products/001/mirsan-2025-katalog-sayfa-02-goruntu-0002.jpg?revision=1775640824"
"euromix-stock","AB 001","1234500000034","VAKUMLU TEKLİ SAPLAMA ALT BAĞLANTI TAKIMI PİRİNÇ","EUROMIX","KUGU BAGLANTILARI","ADET","20.00","TRY","49.98","0","out_of_stock","https://bayi.euro-mix.com.tr/Content/img/Stokpic/Normal/1639.png"
"euromix-stock","AB 001-1","1234590920649","POŞETLİ ÇİFTLİ ALT SAPLAMA BAĞLANTI TAKIMI PİRİNÇ","EUROMIX","KUGU BAGLANTILARI","ADET","20.00","TRY","47.12","3603","in_stock","https://bayi.euro-mix.com.tr/Content/img/Stokpic/Normal/1640.png"
"euromix-stock","AB 002","1234500000041","VAKUMLU ÇİFTLİ SAPLAMA ALT BAĞLANTI TAKIMI PİRİNÇ","EUROMIX","KUGU BAGLANTILARI","ADET","20.00","TRY","60.70","0","out_of_stock","https://bayi.euro-mix.com.tr/Content/img/Stokpic/Normal/1641.png"
"euromix-stock","AB 002-1","1234590920656","POŞETLİ TEKLİ SAPLAMA BAĞLANTI TAKIMI PİRİNÇ","EUROMIX","KUGU BAGLANTILARI","ADET","20.00","TRY","40.03","7038","in_stock","https://bayi.euro-mix.com.tr/Content/img/Stokpic/Normal/1642.png"
"euromix-stock","AB 002-2","1234590924340","EKO POŞETLİ TEKLİ SAPLAMA BAĞLANTI TAKIM","EUROMIX","KUGU BAGLANTILARI","ADET","20.00","TRY","11.14","1310","in_stock","https://bayi.euro-mix.com.tr/Content/img/Stokpic/Normal/1643.png"
"euromix-stock","AB 003","1234590924357","POŞETLİ DELTA TEK SAPLAMA ALT BAĞLANTI TAKIMI 67MM","EUROMIX","KUGU BAGLANTILARI","ADET","20.00","TRY","51.32","0","out_of_stock","https://bayi.euro-mix.com.tr/Content/img/Stokpic/Normal/1644.png"
"euromix-stock","AB 004","1234590920434","POŞETLİ DELTA ÇİFT SAPLAMA BAĞLANTI TAKIMI 80MM","EUROMIX","KUGU BAGLANTILARI","ADET","20.00","TRY","57.47","763","in_stock","https://bayi.euro-mix.com.tr/Content/img/Stokpic/Normal/1645.png"
"euromix-stock","AB 009","1234590940944","ARITMA ALT BAĞLANTI TAKIMI PİRİNÇ","EUROMIX","ARITMA MUSLUKLARI","ADET","20.00","TRY","85.68","4505","in_stock","https://bayi.euro-mix.com.tr/Content/img/Stokpic/Normal/6211.png"
"euromix-stock","AC 001-1","1234500000065","ADAPTÖR CONTA 1. KALİTE","EUROMIX","DİGER","ADET","20.00","TRY","11.49","15639","in_stock","https://bayi.euro-mix.com.tr/Content/img/Stokpic/Normal/6212.png"
"euromix-stock","AC 001-3","1234590920182","ADAPTÖR CONTA MİX (EXTRA)","EUROMIX","DİGER","ADET","20.00","TRY","5.34","0","out_of_stock","https://bayi.euro-mix.com.tr/Content/img/Stokpic/Normal/6213.png"
"euromix-stock","AC 001-4","8698829480015","MUFFMATİK (sifon çekvalf)","EUROMIX","DİGER","ADET","20.00","TRY","74.26","1","in_stock","https://bayi.euro-mix.com.tr/Content/img/Stokpic/Normal/6214.png"
"euromix-stock","AKS 001","1234590911470","AÇIK KAĞITLIK 208/A","EUROMIX","AKSESUARLAR","ADET","20.00","TRY","106.75","1","in_stock","https://bayi.euro-mix.com.tr/Content/img/Stokpic/Normal/6216.png"
"euromix-stock","AKS 002","1234590912057","YUVARLAK HAVLULUK 217/A","EUROMIX","AKSESUARLAR","ADET","20.00","TRY","106.75","71","in_stock","https://bayi.euro-mix.com.tr/Content/img/Stokpic/Normal/6217.png"
"euromix-stock","AKS 003","1234590911463","UZUN HAVLULUK 205/A","EUROMIX","AKSESUARLAR","ADET","20.00","TRY","94.25","0","out_of_stock","https://bayi.euro-mix.com.tr/Content/img/Stokpic/Normal/6218.png"
"euromix-stock","AKS 004","1234590911500","AÇIK SOLO KAĞITLIK 211/A","EUROMIX","AKSESUARLAR","ADET","20.00","TRY","84.69","1","in_stock","https://bayi.euro-mix.com.tr/Content/img/Stokpic/Normal/6219.png"
"euromix-stock","AKS 005","1234590915058","KAPALI TUVALET KAĞITLIK 203/G","EUROMIX","AKSESUARLAR","ADET","20.00","TRY","106.75","1","in_stock","https://bayi.euro-mix.com.tr/Content/img/Stokpic/Normal/6220.png"
"euromix-stock","AKS 005-1","1234590911364","KAPALI TUVALET KAĞITLIĞI DİL KAPAK 203/DA","EUROMIX","BANYO AKSESUARLARI","ADET","20.00","TRY","79.04","0","out_of_stock","https://bayi.euro-mix.com.tr/Content/img/Stokpic/Normal/6221.png"
"euromix-stock","AKS 005-2","1234590938255","KAPALI TUVALET KAĞITLIĞI DİL KAPAK SİYAH","EUROMIX","BANYO AKSESUARLARI","ADET","20.00","TRY","78.54","0","out_of_stock","https://bayi.euro-mix.com.tr/Content/img/Stokpic/Normal/6222.png"
"euromix-stock","AKS 005-3","1234590938262","YAPIŞKANLI TUVALET KAĞITLIĞI DİL KAPAK 503/D","EUROMIX","BANYO AKSESUARLARI","ADET","20.00","TRY","92.82","339","in_stock","https://bayi.euro-mix.com.tr/Content/img/Stokpic/Normal/6223.png"
"euromix-stock","AKS 006","1234590911333","CAM SABUNLUK (201/A)","EUROMIX","BANYO AKSESUARLARI","ADET","20.00","TRY","166.37","0","out_of_stock","https://bayi.euro-mix.com.tr/Content/img/Stokpic/Normal/6224.png"
"euromix-stock","AKS 007","1234590911340","CAM FIRÇALIK (202/A)","EUROMIX","BANYO AKSESUARLARI","ADET","20.00","TRY","166.37","0","out_of_stock","https://bayi.euro-mix.com.tr/Content/img/Stokpic/Normal/6225.png"
"euromix-stock","AKS 008","1230789012072","ETAJER (207/A)","EUROMIX","BANYO AKSESUARLARI","ADET","20.00","TRY","135.66","0","out_of_stock","https://bayi.euro-mix.com.tr/Content/img/Stokpic/Normal/6226.png"
"euromix-stock","AKS 009","1234590911517","KAPAKLI SOLO KAĞITLIK 211/K","EUROMIX","BANYO AKSESUARLARI","ADET","20.00","TRY","107.77","1","in_stock","https://bayi.euro-mix.com.tr/Content/img/Stokpic/Normal/6227.png"
"euromix-stock","AKS 010-1","1234590911494","6 PARÇA BLİSTER (242)","EUROMIX","AKSESUARLAR","ADET","20.00","TRY","785.40","0","out_of_stock","https://bayi.euro-mix.com.tr/Content/img/Stokpic/Normal/3322.png"
"euromix-stock","AKS 010-3","1234590923145","VAKUMLU 5 PARÇA AYNA TAKIMI (230)","EUROMIX","AKSESUARLAR","ADET","20.00","TRY","714.00","4","in_stock","https://bayi.euro-mix.com.tr/Content/img/Stokpic/Normal/6228.png"
"euromix-stock","AKS 010-4","1234590924388","ÇANTA KUTU AYNA TAKIMI SET 1. KALİTE","EUROMIX","AKSESUARLAR","ADET","20.00","TRY","862.16","1","in_stock","https://bayi.euro-mix.com.tr/Content/img/Stokpic/Normal/6229.png"
"euromix-stock","AKS 010-5","1234590938538","VAKUMLU 6 PARÇA AYNA TAKIMI (240)","EUROMIX","AKSESUARLAR","ADET","20.00","TRY","785.40","1","in_stock","https://bayi.euro-mix.com.tr/Content/img/Stokpic/Normal/6230.png"
"euromix-stock","AKS 011","1234590912439","TEK AYNA (VAKUMLU AMBALAJ)","EUROMIX","AKSESUARLAR","ADET","20.00","TRY","180.65","0","out_of_stock","https://bayi.euro-mix.com.tr/Content/img/Stokpic/Normal/6231.png"
"euromix-stock","AKS 012","1235678912068","2 Lİ BORNOZ ASKI","EUROMIX","BANYO AKSESUARLARI","ADET","20.00","TRY","71.40","0","out_of_stock","https://bayi.euro-mix.com.tr/Content/img/Stokpic/Normal/6232.png"
"euromix-stock","AKS 019","1234500000225","BAĞLANTI APARATI (ALÜMİNYUM)","EUROMIX","AKSESUARLAR","ADET","20.00","TRY","4.28","0","out_of_stock","https://bayi.euro-mix.com.tr/Content/img/Stokpic/Normal/6233.png"
"euromix-stock","AKS 022","1234590912460","3 LÜ MUTFAK ASKILIK","EUROMIX","BANYO AKSESUARLARI","ADET","20.00","TRY","78.54","0","out_of_stock","https://bayi.euro-mix.com.tr/Content/img/Stokpic/Normal/6234.png"
"euromix-stock","AKS 023","1234590912477","4 LÜ MUTFAK ASKILIK","EUROMIX","BANYO AKSESUARLARI","ADET","20.00","TRY","142.80","0","out_of_stock","https://bayi.euro-mix.com.tr/Content/img/Stokpic/Normal/6235.png"
"euromix-stock","AKS 024","1234590912484","6 LI MUTFAK ASKILIK","EUROMIX","BANYO AKSESUARLARI","ADET","20.00","TRY","157.08","78","in_stock","https://bayi.euro-mix.com.tr/Content/img/Stokpic/Normal/6236.png"
"euromix-stock","AKS 026","1234590924500","TEKLİ KÖŞELİK","EUROMIX","BANYO AKSESUARLARI","ADET","20.00","TRY","128.52","18","in_stock","https://bayi.euro-mix.com.tr/Content/img/Stokpic/Normal/6237.png"
"euromix-stock","AKS 028","1234590912132","3 LÜ KÖŞELİK","EUROMIX","BANYO AKSESUARLARI","ADET","20.00","TRY","246.34","368","in_stock","https://bayi.euro-mix.com.tr/Content/img/Stokpic/Normal/6238.png"
"euromix-stock","AKS 028-1","1234590943242","3 LÜ MİNİ PLASTİK RAF KÖŞELİK","EUROMIX","BANYO AKSESUARLARI","ADET","20.00","TRY","133.43","54","in_stock","https://bayi.euro-mix.com.tr/Content/img/Stokpic/Normal/8176.png"
"euromix-stock","AKS 028-2","1234590943259","3 LÜ MİNİ PLASTİK RAF KÖŞELİK DEMONTE","EUROMIX","BANYO AKSESUARLARI","ADET","20.00","TRY","135.66","0","out_of_stock","https://bayi.euro-mix.com.tr/Content/img/Stokpic/Normal/8177.png"
"euromix-stock","AKS 030","1234590911609","2 Lİ KÖŞELİK","EUROMIX","BANYO AKSESUARLARI","ADET","20.00","TRY","215.54","300","in_stock","https://bayi.euro-mix.com.tr/Content/img/Stokpic/Normal/6239.png"
"euromix-stock","AKS 039","1234590915065","BAĞLANTI APARATI ZAMAK","EUROMIX","AKSESUARLAR","ADET","20.00","TRY","16.06","4569","in_stock","https://bayi.euro-mix.com.tr/Content/img/Stokpic/Normal/6240.png"
"euromix-stock","AKS 044","1234590916031","KROMLU KAPI ARKASI ASKILIK","EUROMIX","BANYO AKSESUARLARI","ADET","20.00","TRY","65.69","524","in_stock","https://bayi.euro-mix.com.tr/Content/img/Stokpic/Normal/1675.png"
"euromix-stock","AKS 051","1234590921493","TEK AYNA PLASTİK ÇERÇEVELİ","EUROMIX","AKSESUARLAR","ADET","20.00","TRY","39.28","0","out_of_stock","https://bayi.euro-mix.com.tr/Content/img/Stokpic/Normal/1676.png"
"euromix-stock","AKS 053","1234590922469","PASLANMAZ KAPALI TUVALET KAĞITLIK","EUROMIX","AKSESUARLAR","ADET","20.00","TRY","78.54","0","out_of_stock","https://bayi.euro-mix.com.tr/Content/img/Stokpic/Normal/1678.png"
"euromix-stock","AKS 054","1234590924517","TEKLİ BORNOZ ASKI","EUROMIX","BANYO AKSESUARLARI","ADET","20.00","TRY","53.56","8","in_stock","https://bayi.euro-mix.com.tr/Content/img/Stokpic/Normal/1679.png"
"euromix-stock","AKS 055","1234590923077","BAĞLANTI APARATI (PİRİNÇ)","EUROMIX","AKSESUARLAR","ADET","20.00","TRY","45.18","0","out_of_stock","https://bayi.euro-mix.com.tr/Content/img/Stokpic/Normal/6241.png"
"euromix-stock","AKS 056","5034590915036","YAPIŞKANLI KAPALI TUVALET KAĞITLIK 503/G","EUROMIX","BANYO AKSESUARLARI","ADET","20.00","TRY","92.82","0","out_of_stock","https://bayi.euro-mix.com.tr/Content/img/Stokpic/Normal/6242.png"
"euromix-stock","AKS 057","1234590924074","YAPIŞKANLI AÇIK KAĞITLIK 508","EUROMIX","BANYO AKSESUARLARI","ADET","20.00","TRY","78.54","260","in_stock","https://bayi.euro-mix.com.tr/Content/img/Stokpic/Normal/6243.png"
"euromix-stock","AKS 058","1234590924081","YAPIŞKANLI UZUN HAVLULUK 505","EUROMIX","BANYO AKSESUARLARI","ADET","20.00","TRY","139.59","6","in_stock","https://bayi.euro-mix.com.tr/Content/img/Stokpic/Normal/6244.png"
"euromix-stock","AKS 059","1234590924098","YAPIŞKANLI YUVARLAK HAVLULUK","EUROMIX","BANYO AKSESUARLARI","ADET","20.00","TRY","91.34","150","in_stock","https://bayi.euro-mix.com.tr/Content/img/Stokpic/Normal/6245.png"
"euromix-stock","AKS 060","1234590924524","PASLANMAZ 2 Lİ KÖŞELİK","EUROMIX","AKSESUARLAR","ADET","20.00","TRY","535.50","15","in_stock","https://bayi.euro-mix.com.tr/Content/img/Stokpic/Normal/6246.png"
"euromix-stock","AKS 061","1234590924531","PASLANMAZ 3 LÜ METAL KÖŞELİK","EUROMIX","AKSESUARLAR","ADET","20.00","TRY","656.88","0","out_of_stock","https://bayi.euro-mix.com.tr/Content/img/Stokpic/Normal/6247.png"
"euromix-stock","AKS 062","1234590924548","5 Lİ MUTFAK ASKILIK","EUROMIX","BANYO AKSESUARLARI","ADET","20.00","TRY","149.94","9","in_stock","https://bayi.euro-mix.com.tr/Content/img/Stokpic/Normal/6248.png"
"euromix-stock","AKS 064","1234590924401","HAVLUPAN ASKILIK","EUROMIX","AKSESUARLAR","ADET","20.00","TRY","18.56","0","out_of_stock",""
"euromix-stock","AKS 065","1234590931010","PLASTİK FIRÇALIK (202/A)","EUROMIX","BANYO AKSESUARLARI","ADET","20.00","TRY","68.54","0","out_of_stock","https://bayi.euro-mix.com.tr/Content/img/Stokpic/Normal/3271.png"
"euromix-stock","AKS 066","1234590931027","PLASTİK SABUNLUK (201/A)","EUROMIX","BANYO AKSESUARLARI","ADET","20.00","TRY","68.54","62","in_stock","https://bayi.euro-mix.com.tr/Content/img/Stokpic/Normal/3270.png"
"euromix-stock","AKS 068","1234590931041","PLASTİK YAYLI KATLI KÖŞELİK","EUROMIX","AKSESUARLAR","ADET","20.00","TRY","683.31","0","out_of_stock","https://bayi.euro-mix.com.tr/Content/img/Stokpic/Normal/3326.png"
"euromix-stock","AKS 069","1234590931058","LÜKS 2 Lİ BORNOZ ASKI","EUROMIX","BANYO AKSESUARLARI","ADET","20.00","TRY","85.68","0","out_of_stock","https://bayi.euro-mix.com.tr/Content/img/Stokpic/Normal/3450.png"
"euromix-stock","AKS 075","1234590930839","YAPIŞKANLI AÇIK SOLO KAĞITLIK 511","EUROMIX","BANYO AKSESUARLARI","ADET","20.00","TRY","98.53","0","out_of_stock","https://bayi.euro-mix.com.tr/Content/img/Stokpic/Normal/6249.png"
"euromix-stock","AKS 076","1234590930846","YAPIŞKANLI KAPAKLI SOLO KAĞITLIK 511/K","EUROMIX","BANYO AKSESUARLARI","ADET","20.00","TRY","114.96","68","in_stock","https://bayi.euro-mix.com.tr/Content/img/Stokpic/Normal/6250.png"
"euromix-stock","AKS 078","1234590934189","ETAJER AYAĞI TAKIM","EUROMIX","AKSESUARLAR","ADET","20.00","TRY","107.10","7","in_stock","https://bayi.euro-mix.com.tr/Content/img/Stokpic/Normal/6251.png"
"euromix-stock","AKS 079","1234590938200","PLASTİK AYNA TAKIMI BÜYÜK","EUROMIX","AKSESUARLAR","ADET","20.00","TRY","251.48","0","out_of_stock","https://bayi.euro-mix.com.tr/Content/img/Stokpic/Normal/6252.png"
"euromix-stock","AKS 080","1234590938217","PLASTİK AYNA TAKIMI ORTA","EUROMIX","AKSESUARLAR","ADET","20.00","TRY","232.76","0","out_of_stock","https://bayi.euro-mix.com.tr/Content/img/Stokpic/Normal/6253.png"
"euromix-stock","AKS 081","1234590938224","PLASTİK AYNA TAKIMI KÜÇÜK","EUROMIX","AKSESUARLAR","ADET","20.00","TRY","201.18","0","out_of_stock","https://bayi.euro-mix.com.tr/Content/img/Stokpic/Normal/6254.png"
"euromix-stock","AKS 082","1234590938231","YAPIŞKNALI KAPALI TUVALET KAĞITLIK SİYAH 303/G","EUROMIX","BANYO AKSESUARLARI","ADET","20.00","TRY","114.24","0","out_of_stock","https://bayi.euro-mix.com.tr/Content/img/Stokpic/Normal/6255.png"
"euromix-stock","AKS 083","1234590938248","AÇIK WC KAĞITLIK SİYAH 308","EUROMIX","BANYO AKSESUARLARI","ADET","20.00","TRY","71.40","0","out_of_stock","https://bayi.euro-mix.com.tr/Content/img/Stokpic/Normal/6256.png"
"euromix-stock","AKS 084","1234590938279","YUVARLAK HAVLULUK SİYAH 317","EUROMIX","BANYO AKSESUARLARI","ADET","20.00","TRY","85.68","207","in_stock","https://bayi.euro-mix.com.tr/Content/img/Stokpic/Normal/6257.png"
"euromix-stock","AKS 085","1234590938286","UZUN HAVLULUK SİYAH","EUROMIX","BANYO AKSESUARLARI","ADET","20.00","TRY","106.75","10","in_stock","https://bayi.euro-mix.com.tr/Content/img/Stokpic/Normal/6258.png"
"euromix-stock","AKS 086","1234590938293","KAPAKLI SOLO KAĞITLIK SİYAH 311/K","EUROMIX","BANYO AKSESUARLARI","ADET","20.00","TRY","107.10","137","in_stock","https://bayi.euro-mix.com.tr/Content/img/Stokpic/Normal/6259.png"
"euromix-stock","AKS 087","1234590938330","AÇIK SOLO KAĞITLIK SİYAH 311","EUROMIX","BANYO AKSESUARLARI","ADET","20.00","TRY","85.68","69","in_stock","https://bayi.euro-mix.com.tr/Content/img/Stokpic/Normal/6260.png"
"euromix-stock","AKS 088","1234590938347","CAM SABUNLUK SİYAH 299","EUROMIX","BANYO AKSESUARLARI","ADET","20.00","TRY","95.68","0","out_of_stock","https://bayi.euro-mix.com.tr/Content/img/Stokpic/Normal/6262.png"
"euromix-stock","AKS 089","1234590938354","YAPIŞKANLI SABUNLUK","EUROMIX","BANYO AKSESUARLARI","ADET","20.00","TRY","80.05","0","out_of_stock","https://bayi.euro-mix.com.tr/Content/img/Stokpic/Normal/6263.png"
"euromix-stock","AKS 090","1234590938361","CAM FIRÇALIK SİYAH 300","EUROMIX","BANYO AKSESUARLARI","ADET","20.00","TRY","95.68","0","out_of_stock","https://bayi.euro-mix.com.tr/Content/img/Stokpic/Normal/6264.png"
"euromix-stock","AKS 091","1234590938378","YAPIŞKANLI FIRÇALIK","EUROMIX","BANYO AKSESUARLARI","ADET","20.00","TRY","80.05","0","out_of_stock","https://bayi.euro-mix.com.tr/Content/img/Stokpic/Normal/6265.png"
"euromix-stock","AKS 092","1234590938385","ETAJER SİYAH","EUROMIX","BANYO AKSESUARLARI","ADET","20.00","TRY","171.36","0","out_of_stock","https://bayi.euro-mix.com.tr/Content/img/Stokpic/Normal/6266.png"
"euromix-stock","AKS 093","1234590938392","YAPIŞKANLI ETAJER","EUROMIX","BANYO AKSESUARLARI","ADET","20.00","TRY","160.12","0","out_of_stock","https://bayi.euro-mix.com.tr/Content/img/Stokpic/Normal/6267.png"
"euromix-stock","AKS 094","1234590938408","2 Lİ BORNOZ ASKI SİYAH","EUROMIX","BANYO AKSESUARLARI","ADET","20.00","TRY","71.40","0","out_of_stock","https://bayi.euro-mix.com.tr/Content/img/Stokpic/Normal/6268.png"
"euromix-stock","AKS 095","1234590938415","YAPIŞKANLI 2 Lİ BORNOZ ASKI","EUROMIX","BANYO AKSESUARLARI","ADET","20.00","TRY","18.85","0","out_of_stock","https://bayi.euro-mix.com.tr/Content/img/Stokpic/Normal/6269.png"
"euromix-stock","AKS 096","1234590938422","3 LÜ MUTFAK ASKILIK SİYAH","EUROMIX","BANYO AKSESUARLARI","ADET","20.00","TRY","78.54","0","out_of_stock","https://bayi.euro-mix.com.tr/Content/img/Stokpic/Normal/6270.png"
"euromix-stock","AKS 097","1234590938439","4 LÜ MUTFAK ASKILIK SİYAH","EUROMIX","BANYO AKSESUARLARI","ADET","20.00","TRY","142.80","0","out_of_stock","https://bayi.euro-mix.com.tr/Content/img/Stokpic/Normal/6271.png"
"euromix-stock","AKS 098","1234590938446","5 Lİ MUTFAK ASKILIK SİYAH","EUROMIX","BANYO AKSESUARLARI","ADET","20.00","TRY","149.94","35","in_stock","https://bayi.euro-mix.com.tr/Content/img/Stokpic/Normal/6272.png"
"euromix-stock","AKS 099","1234590938453","6 LI MUTFAK ASKILIK SİYAH","EUROMIX","BANYO AKSESUARLARI","ADET","20.00","TRY","157.08","0","out_of_stock","https://bayi.euro-mix.com.tr/Content/img/Stokpic/Normal/6273.png"
"euromix-stock","AKS 100","1234590938460","TEKLİ KÖŞELİK GOLD","EUROMIX","AKSESUARLAR","ADET","20.00","TRY","58.90","0","out_of_stock","https://bayi.euro-mix.com.tr/Content/img/Stokpic/Normal/6274.png"
"euromix-stock","AKS 101","1234590938477","TEKLİ KÖŞELİK SİYAH","EUROMIX","AKSESUARLAR","ADET","20.00","TRY","121.38","2","in_stock","https://bayi.euro-mix.com.tr/Content/img/Stokpic/Normal/6275.png"
"euromix-stock","AKS 102","1234590938484","2 Lİ KÖŞELİK GOLD","EUROMIX","AKSESUARLAR","ADET","20.00","TRY","185.64","0","out_of_stock","https://bayi.euro-mix.com.tr/Content/img/Stokpic/Normal/6276.png"
"euromix-stock","AKS 103","1234590938491","2 Lİ KÖŞELİK SİYAH","EUROMIX","AKSESUARLAR","ADET","20.00","TRY","197.06","0","out_of_stock","https://bayi.euro-mix.com.tr/Content/img/Stokpic/Normal/6277.png"
"euromix-stock","AKS 104","1234590938507","3 LÜ KÖŞELİK GOLD","EUROMIX","AKSESUARLAR","ADET","20.00","TRY","205.28","0","out_of_stock","https://bayi.euro-mix.com.tr/Content/img/Stokpic/Normal/6278.png"
"euromix-stock","AKS 105","1234590938514","3 LÜ KÖŞELİK SİYAH","EUROMIX","AKSESUARLAR","ADET","20.00","TRY","249.90","0","out_of_stock","https://bayi.euro-mix.com.tr/Content/img/Stokpic/Normal/6279.png"
"euromix-stock","AKS 106","1234590938521","PASLANMAZ TEKLİ KÖŞELİK","EUROMIX","AKSESUARLAR","ADET","20.00","TRY","205.28","1","in_stock","https://bayi.euro-mix.com.tr/Content/img/Stokpic/Normal/6280.png"
"euromix-stock","AKS 107","1234590938545","KAPAKLI WC KAĞITLIK F1 KROM","EUROMIX","BANYO AKSESUARLARI","ADET","20.00","TRY","478.38","6","in_stock","https://bayi.euro-mix.com.tr/Content/img/Stokpic/Normal/6281.png"
"euromix-stock","AKS 108","1234590938552","AÇIK WC KAĞITLIK F1 KROM","EUROMIX","BANYO AKSESUARLARI","ADET","20.00","TRY","385.56","27","in_stock","https://bayi.euro-mix.com.tr/Content/img/Stokpic/Normal/6282.png"
"euromix-stock","AKS 109","1234590938569","UZUN HAVLULUK F1 KROM","EUROMIX","BANYO AKSESUARLARI","ADET","20.00","TRY","571.20","5","in_stock","https://bayi.euro-mix.com.tr/Content/img/Stokpic/Normal/6283.png"
"euromix-stock","AKS 110","1234590938576","YUVARLAK HAVLULUK F1 KROM","EUROMIX","BANYO AKSESUARLARI","ADET","20.00","TRY","449.82","0","out_of_stock","https://bayi.euro-mix.com.tr/Content/img/Stokpic/Normal/6284.png"
"euromix-stock","AKS 111","1234590938583","AÇIK SOLO HAVLULUK F1 KROM","EUROMIX","BANYO AKSESUARLARI","ADET","20.00","TRY","399.84","25","in_stock","https://bayi.euro-mix.com.tr/Content/img/Stokpic/Normal/6285.png"
"euromix-stock","AKS 112","1234590938590","KAPAKLI SOLO HAVLULUK F1 KROM","EUROMIX","BANYO AKSESUARLARI","ADET","20.00","TRY","485.52","0","out_of_stock","https://bayi.euro-mix.com.tr/Content/img/Stokpic/Normal/6286.png"
"euromix-stock","AKS 113","1234590938606","BORNOZLUK F1 KROM","EUROMIX","BANYO AKSESUARLARI","ADET","20.00","TRY","252.76","13","in_stock","https://bayi.euro-mix.com.tr/Content/img/Stokpic/Normal/6287.png"
"euromix-stock","AKS 114","1234590938613","CAM SABUNLUK F1 KROM","EUROMIX","BANYO AKSESUARLARI","ADET","20.00","TRY","449.82","2","in_stock","https://bayi.euro-mix.com.tr/Content/img/Stokpic/Normal/6288.png"
"euromix-stock","AKS 115","1234590938620","DİŞ FIRÇALIK F1 KROM","EUROMIX","BANYO AKSESUARLARI","ADET","20.00","TRY","449.82","10","in_stock","https://bayi.euro-mix.com.tr/Content/img/Stokpic/Normal/6289.png"
"euromix-stock","AKS 116","1234590938637","ETAJER F1 KROM","EUROMIX","BANYO AKSESUARLARI","ADET","20.00","TRY","585.48","0","out_of_stock","https://bayi.euro-mix.com.tr/Content/img/Stokpic/Normal/6290.png"
"euromix-stock","AKS 117","1234590938644","ETAJER F1 GOLD","EUROMIX","BANYO AKSESUARLARI","ADET","20.00","TRY","1156.68","0","out_of_stock","https://bayi.euro-mix.com.tr/Content/img/Stokpic/Normal/6291.png"
"euromix-stock","AKS 118","1234590938651","KAPAKLI WC KAĞITLIK F1 GOLD","EUROMIX","BANYO AKSESUARLARI","ADET","20.00","TRY","835.38","0","out_of_stock","https://bayi.euro-mix.com.tr/Content/img/Stokpic/Normal/6292.png"
"euromix-stock","AKS 119","1234590938668","AÇIK WC KAĞITLIK F1 GOLD","EUROMIX","BANYO AKSESUARLARI","ADET","20.00","TRY","671.16","0","out_of_stock","https://bayi.euro-mix.com.tr/Content/img/Stokpic/Normal/6293.png"
"euromix-stock","AKS 120","1234590938675","AÇIK SOLO HAVLULUK F1 GOLD","EUROMIX","BANYO AKSESUARLARI","ADET","20.00","TRY","785.40","0","out_of_stock","https://bayi.euro-mix.com.tr/Content/img/Stokpic/Normal/6294.png"
"euromix-stock","AKS 121","1234590938682","KAPAKLI SOLO HAVLULUK F1 GOLD","EUROMIX","BANYO AKSESUARLARI","ADET","20.00","TRY","971.04","0","out_of_stock","https://bayi.euro-mix.com.tr/Content/img/Stokpic/Normal/6295.png"
"euromix-stock","AKS 122","1234590938699","YUVARLAK HAVLULUK F1 GOLD","EUROMIX","BANYO AKSESUARLARI","ADET","20.00","TRY","785.40","0","out_of_stock","https://bayi.euro-mix.com.tr/Content/img/Stokpic/Normal/6296.png"
"euromix-stock","AKS 123","1234590938705","UZUN HAVLULUK F1 GOLD","EUROMIX","BANYO AKSESUARLARI","ADET","20.00","TRY","999.60","0","out_of_stock","https://bayi.euro-mix.com.tr/Content/img/Stokpic/Normal/6297.png"
"euromix-stock","AKS 124","1234590938712","BORNOZLUK F1 GOLD","EUROMIX","BANYO AKSESUARLARI","ADET","20.00","TRY","442.68","0","out_of_stock","https://bayi.euro-mix.com.tr/Content/img/Stokpic/Normal/6298.png"
"euromix-stock","AKS 125","1234590938729","DİŞ FIRÇALIK F1 GOLD","EUROMIX","BANYO AKSESUARLARI","ADET","20.00","TRY","785.40","0","out_of_stock","https://bayi.euro-mix.com.tr/Content/img/Stokpic/Normal/6299.png"
"euromix-stock","AKS 126","1234590938736","DİŞ FIRÇALIK F1 ANTİK","EUROMIX","BANYO AKSESUARLARI","ADET","20.00","TRY","785.40","0","out_of_stock","https://bayi.euro-mix.com.tr/Content/img/Stokpic/Normal/6300.png"
"euromix-stock","AKS 127","1234590938743","DİŞ FIRÇALIK F1 SİYAH","EUROMIX","BANYO AKSESUARLARI","ADET","20.00","TRY","449.82","0","out_of_stock","https://bayi.euro-mix.com.tr/Content/img/Stokpic/Normal/6301.png"
"euromix-stock","AKS 128","1234590938750","CAM SABUNLUK F1 GOLD","EUROMIX","BANYO AKSESUARLARI","ADET","20.00","TRY","785.40","0","out_of_stock","https://bayi.euro-mix.com.tr/Content/img/Stokpic/Normal/6302.png"
"euromix-stock","AKS 129","1234590938767","KAPAKLI WC KAĞITLIK F1 ANTİK","EUROMIX","BANYO AKSESUARLARI","ADET","20.00","TRY","835.38","0","out_of_stock","https://bayi.euro-mix.com.tr/Content/img/Stokpic/Normal/6303.png"
"euromix-stock","AKS 130","1234590938774","AÇIK WC KAĞITLIK F1 ANTİK","EUROMIX","BANYO AKSESUARLARI","ADET","20.00","TRY","671.16","0","out_of_stock","https://bayi.euro-mix.com.tr/Content/img/Stokpic/Normal/6304.png"
"euromix-stock","AKS 131","1234590938781","UZUN HAVLULUK F1 ANTİK","EUROMIX","BANYO AKSESUARLARI","ADET","20.00","TRY","999.60","0","out_of_stock","https://bayi.euro-mix.com.tr/Content/img/Stokpic/Normal/6305.png"
"euromix-stock","AKS 132","1234590938798","YUVARLAK HAVLULUK F1 ANTİK","EUROMIX","BANYO AKSESUARLARI","ADET","20.00","TRY","785.40","0","out_of_stock","https://bayi.euro-mix.com.tr/Content/img/Stokpic/Normal/6306.png"
"euromix-stock","AKS 133","1234590938804","KAPAKLI SOLO HAVLULUK F1 ANTİK","EUROMIX","BANYO AKSESUARLARI","ADET","20.00","TRY","971.04","0","out_of_stock","https://bayi.euro-mix.com.tr/Content/img/Stokpic/Normal/6307.png"
"euromix-stock","AKS 134","1234590938811","AÇIK SOLO HAVLULUK F1 ANTİK","EUROMIX","BANYO AKSESUARLARI","ADET","20.00","TRY","785.40","0","out_of_stock","https://bayi.euro-mix.com.tr/Content/img/Stokpic/Normal/6308.png"
"euromix-stock","AKS 135","1234590938828","BORNOZLUK F1 ANTİK","EUROMIX","BANYO AKSESUARLARI","ADET","20.00","TRY","442.68","0","out_of_stock","https://bayi.euro-mix.com.tr/Content/img/Stokpic/Normal/6309.png"
"euromix-stock","AKS 136","1234590938835","ETAJER F1 ANTİK","EUROMIX","BANYO AKSESUARLARI","ADET","20.00","TRY","1156.68","0","out_of_stock","https://bayi.euro-mix.com.tr/Content/img/Stokpic/Normal/6310.png"
"euromix-stock","AKS 137","1234590938842","CAM SABUNLUK F1 ANTİK","EUROMIX","BANYO AKSESUARLARI","ADET","20.00","TRY","785.40","0","out_of_stock","https://bayi.euro-mix.com.tr/Content/img/Stokpic/Normal/6311.png"
"euromix-stock","AKS 138","1234590938859","KAPAKLI WC KAĞITLIK F1 SİYAH","EUROMIX","BANYO AKSESUARLARI","ADET","20.00","TRY","428.40","0","out_of_stock","https://bayi.euro-mix.com.tr/Content/img/Stokpic/Normal/6312.png"
"euromix-stock","AKS 139","1234590938866","AÇIK WC KAĞITLIK F1 SİYAH","EUROMIX","BANYO AKSESUARLARI","ADET","20.00","TRY","385.56","0","out_of_stock","https://bayi.euro-mix.com.tr/Content/img/Stokpic/Normal/6313.png"
"euromix-stock","AKS 140","1234590938873","UZUN HAVLULUK F1 SİYAH","EUROMIX","BANYO AKSESUARLARI","ADET","20.00","TRY","585.48","0","out_of_stock","https://bayi.euro-mix.com.tr/Content/img/Stokpic/Normal/6314.png"
"euromix-stock","AKS 141","1234590938880","YUVARLAK HAVLULUK F1 SİYAH","EUROMIX","BANYO AKSESUARLARI","ADET","20.00","TRY","449.82","0","out_of_stock","https://bayi.euro-mix.com.tr/Content/img/Stokpic/Normal/6315.png"
"euromix-stock","AKS 142","1234590938897","KAPAKLI SOLO HAVLULUK F1 SİYAH","EUROMIX","BANYO AKSESUARLARI","ADET","20.00","TRY","485.52","0","out_of_stock","https://bayi.euro-mix.com.tr/Content/img/Stokpic/Normal/6316.png"
"euromix-stock","AKS 143","1234590938903","AÇIK SOLO HAVLULUK F1 SİYAH","EUROMIX","BANYO AKSESUARLARI","ADET","20.00","TRY","399.84","0","out_of_stock","https://bayi.euro-mix.com.tr/Content/img/Stokpic/Normal/6317.png"
"euromix-stock","AKS 144","1234590938910","BORNOZLUK F1 SİYAH","EUROMIX","BANYO AKSESUARLARI","ADET","20.00","TRY","252.76","0","out_of_stock","https://bayi.euro-mix.com.tr/Content/img/Stokpic/Normal/6318.png"
"euromix-stock","AKS 145","1234590938927","ETAJER F1 SİYAH","EUROMIX","BANYO AKSESUARLARI","ADET","20.00","TRY","585.48","0","out_of_stock","https://bayi.euro-mix.com.tr/Content/img/Stokpic/Normal/6319.png"
"euromix-stock","AKS 146","1234590938934","CAM SABUNLUK F1 SİYAH","EUROMIX","BANYO AKSESUARLARI","ADET","20.00","TRY","449.82","0","out_of_stock","https://bayi.euro-mix.com.tr/Content/img/Stokpic/Normal/6320.png"
"euromix-stock","AKS 147","1234590939375","BAĞLANTI APARATI PLASTİK","EUROMIX","AKSESUARLAR","ADET","20.00","TRY","9.21","0","out_of_stock","https://bayi.euro-mix.com.tr/Content/img/Stokpic/Normal/6321.png"
"euromix-stock","AKS 148","1234590941545","TEKLİ BORNOZ ASKI SİYAH","EUROMIX","BANYO AKSESUARLARI","ADET","20.00","TRY","28.56","0","out_of_stock",""
"euromix-stock","AKS 149","","3 LÜ AKSESUAR SETİ","EUROMIX","AKSESUARLAR","ADET","20.00","TRY","271.32","42","in_stock",""
"euromix-stock","AR 004","1234590924562","ŞELALE BASMALI REZARVUAR","EUROMIX","VİTRİFİYE MALZEMELERİ","ADET","20.00","TRY","615.82","1","in_stock","https://bayi.euro-mix.com.tr/Content/img/Stokpic/Normal/6322.png"
"euromix-stock","AR 005","1234590924579","ÜRGÜP ÇEKMELİ ASMA REZARVUAR","EUROMIX","VİTRİFİYE MALZEMELERİ","ADET","20.00","TRY","615.82","35","in_stock","https://bayi.euro-mix.com.tr/Content/img/Stokpic/Normal/6323.png"
"euromix-stock","ART 001","1234590915539","ÇUBUK KOL ARITMA MUSLUĞU","EUROMIX","ARITMA MUSLUKLARI","ADET","20.00","TRY","431.09","353","in_stock","https://bayi.euro-mix.com.tr/Content/img/Stokpic/Normal/6326.png"
"euromix-stock","ART 005","1234590941002","EUROMİX 25 LİK MİX ARITMA MUSLUĞU","EUROMIX","ARITMA MUSLUKLARI","ADET","20.00","TRY","571.20","0","out_of_stock","https://bayi.euro-mix.com.tr/Content/img/Stokpic/Normal/6327.png"
"euromix-stock","ART 006","1234590941316","ARITMA QUİCK BİRLEŞTİRME MANŞON","EUROMIX","ARITMA MUSLUKLARI","ADET","20.00","TRY","7.19","7699","in_stock","https://bayi.euro-mix.com.tr/Content/img/Stokpic/Normal/6328.png"
"euromix-stock","ART 007","1234590918271","ARITMA TANK VANASI","EUROMIX","ARITMA MUSLUKLARI","ADET","20.00","TRY","28.02","42","in_stock","https://bayi.euro-mix.com.tr/Content/img/Stokpic/Normal/6329.png"
"euromix-stock","ART 008","1234590941293","ARITMA QUİCK DİRSEK","EUROMIX","ARITMA MUSLUKLARI","ADET","20.00","TRY","7.51","13","in_stock","https://bayi.euro-mix.com.tr/Content/img/Stokpic/Normal/6330.png"
"euromix-stock","ART 009","1234590941309","ARITMA QUİCK TE","EUROMIX","ARITMA MUSLUKLARI","ADET","20.00","TRY","12.99","409","in_stock","https://bayi.euro-mix.com.tr/Content/img/Stokpic/Normal/6331.png"
"euromix-stock","ART 010","1234590941552","ARITMA MİNİ VANASI (İTH)","EUROMIX","ARITMA MUSLUKLARI","ADET","20.00","TRY","68.33","0","out_of_stock",""
"euromix-stock","ART 012","1234590941378","ARITMA QUİCK 6 LIK HORTUM (5 METRE)","EUROMIX","ARITMA MUSLUKLARI","ADET","20.00","TRY","71.85","5325","in_stock","https://bayi.euro-mix.com.tr/Content/img/Stokpic/Normal/6332.png"
"euromix-stock","ART 013","1234590941217","SİYAH EUROMİX 25 LİK MİX ARITMA MUSLUĞU","EUROMIX","ARITMA MUSLUKLARI","ADET","20.00","TRY","735.42","109","in_stock","https://bayi.euro-mix.com.tr/Content/img/Stokpic/Normal/6333.png"
"euromix-stock","ART 014","1234590943365","COMBO HAT ALMA METAL VANA","EUROMIX","ARITMA MUSLUKLARI","ADET","20.00","TRY","77.21","328","in_stock","https://bayi.euro-mix.com.tr/Content/img/Stokpic/Normal/8200.png"
"euromix-stock","ASKI 001","1234500000287","KROM DUŞ ASKISI (KÜÇÜK)","EUROMIX","DUŞ TAKIMLARI","ADET","20.00","TRY","15.04","10427","in_stock","https://bayi.euro-mix.com.tr/Content/img/Stokpic/Normal/6335.png"
"euromix-stock","ASKI 002","1234500000294","CIT CIT ASKI","EUROMIX","DUŞ TAKIMLARI","ADET","20.00","TRY","36.96","1","in_stock","https://bayi.euro-mix.com.tr/Content/img/Stokpic/Normal/6336.png"
"euromix-stock","ASKI 006","1234590914808","LÜX MAFSAL KROM ASKI","EUROMIX","DUŞ TAKIMLARI","ADET","20.00","TRY","61.50","4777","in_stock","https://bayi.euro-mix.com.tr/Content/img/Stokpic/Normal/6337.png"
"euromix-stock","ASKI 007","1234590924425","KROM DUŞ ASKISI (BÜYÜK)","EUROMIX","DUŞ TAKIMLARI","ADET","20.00","TRY","15.04","17206","in_stock","https://bayi.euro-mix.com.tr/Content/img/Stokpic/Normal/6338.png"
"euromix-stock","ASKI 008","1234590923039","KROM CIT CIT ASKI","EUROMIX","DUŞ TAKIMLARI","ADET","20.00","TRY","55.44","178","in_stock","https://bayi.euro-mix.com.tr/Content/img/Stokpic/Normal/6339.png"
"euromix-stock","ASKI 009","1234590923459","LÜX MAFSAL YAPIŞKANLI (vakumlu)","EUROMIX","DUŞ TAKIMLARI","ADET","20.00","TRY","102.50","0","out_of_stock","https://bayi.euro-mix.com.tr/Content/img/Stokpic/Normal/6340.png"
"euromix-stock","ASKI 010","1234590930686","ROBOT DUŞ ASKISI (22 LİK)","EUROMIX","DUŞ TAKIMLARI","ADET","20.00","TRY","61.50","384","in_stock","https://bayi.euro-mix.com.tr/Content/img/Stokpic/Normal/6341.png"
"euromix-stock","ASKI 011","1234590930693","ROBOT DUŞ BORU AYAĞI","EUROMIX","DUŞ TAKIMLARI","ADET","20.00","TRY","61.50","2793","in_stock","https://bayi.euro-mix.com.tr/Content/img/Stokpic/Normal/6342.png"
"euromix-stock","ASKI 012","1234590930709","ROBOT DUŞ SABUNLUĞU","EUROMIX","DUŞ TAKIMLARI","ADET","20.00","TRY","61.50","1318","in_stock","https://bayi.euro-mix.com.tr/Content/img/Stokpic/Normal/6343.png"
"euromix-stock","ASKI 013","1234590940487","ROBOT BORUSU YÖNLENDİRİCİ SOMUN NİPELİ TAKIM","EUROMIX","DUŞ TAKIMLARI","ADET","20.00","TRY","34.17","0","out_of_stock","https://bayi.euro-mix.com.tr/Content/img/Stokpic/Normal/6344.png"
"euromix-stock","ASKI 014","1234590940975","SİYAH DUŞ ASKISI (BÜYÜK)","EUROMIX","DUŞ TAKIMLARI","ADET","20.00","TRY","15.04","933","in_stock","https://bayi.euro-mix.com.tr/Content/img/Stokpic/Normal/6345.png"
"euromix-stock","ASKI 015","1234590940982","YAPIŞKANLI SİYAH DUŞ ASKISI","EUROMIX","DUŞ TAKIMLARI","ADET","20.00","TRY","40.99","1302","in_stock","https://bayi.euro-mix.com.tr/Content/img/Stokpic/Normal/6346.png"
"euromix-stock","ASKI 016","1234590941569","ROBOT DUŞ ASKISI (25 LİK)","EUROMIX","DUŞ TAKIMLARI","ADET","20.00","TRY","61.50","0","out_of_stock",""
"euromix-stock","ASKI 017","","YAPIŞKANLI KROM DUŞ ASKISI","EUROMIX","DUŞ TAKIMLARI","ADET","20.00","TRY","44.42","574","in_stock",""
"euromix-stock","AU 001","1234590920298","ARITICI UCU","EUROMIX","YEDEK PARÇALAR","ADET","20.00","TRY","270.97","34","in_stock","https://bayi.euro-mix.com.tr/Content/img/Stokpic/Normal/1702.png"
"euromix-stock","BA 002","1234590918783","BATARYA ANAHTARI","EUROMIX","YEDEK PARÇALAR","ADET","20.00","TRY","13.36","2044","in_stock","https://bayi.euro-mix.com.tr/Content/img/Stokpic/Normal/1703.png"
"euromix-stock","BB 001","1234500003981","DÜZ BANYO BORUSU 2 MT","EUROMIX","OTEL EKİPMANLARI","ADET","20.00","TRY","174.48","202","in_stock","https://bayi.euro-mix.com.tr/Content/img/Stokpic/Normal/6347.png"
"euromix-stock","BB 002","1234500003998","KÖŞE BANYO BORUSU","EUROMIX","OTEL EKİPMANLARI","ADET","20.00","TRY","250.77","0","out_of_stock","https://bayi.euro-mix.com.tr/Content/img/Stokpic/Normal/1705.png"
"euromix-stock","BB 003","1234500004001","DÜZ BANYO BORUSU 3MT","EUROMIX","OTEL EKİPMANLARI","ADET","20.00","TRY","225.81","194","in_stock","https://bayi.euro-mix.com.tr/Content/img/Stokpic/Normal/6348.png"
"euromix-stock","BD 001","1234500000324","VAKUMLU BATARYA DİRSEĞİ TAKIM","EUROMIX","BATARYA DİRSEKLERİ","ADET","20.00","TRY","149.94","0","out_of_stock","https://bayi.euro-mix.com.tr/Content/img/Stokpic/Normal/1707.png"
"euromix-stock","BD 007","1234590914419","BATARYA DİRSEĞİ (PRİNÇ)","EUROMIX","BATARYA DİRSEKLERİ","ADET","20.00","TRY","51.32","0","out_of_stock","https://bayi.euro-mix.com.tr/Content/img/Stokpic/Normal/1711.png"
"euromix-stock","BD 008","1234590920045","BASINÇ MONOMETRE","EUROMIX","BASINÇ (REGÜLETÖR) MALZEMELERİ","ADET","20.00","TRY","128.45","199","in_stock","https://bayi.euro-mix.com.tr/Content/img/Stokpic/Normal/1712.png"
"euromix-stock","BD 010","1234590921134","PRİNÇ POŞETLİ BATARYA DİRSEĞİ TAKIM","EUROMIX","BATARYA DİRSEKLERİ","ADET","20.00","TRY","135.66","3120","in_stock","https://bayi.euro-mix.com.tr/Content/img/Stokpic/Normal/1713.png"
"euromix-stock","BD 012","1234590924623","BASINÇ DÜŞÜRÜCÜ ""1 (REKORLU)","EUROMIX","BASINÇ (REGÜLETÖR) MALZEMELERİ","ADET","20.00","TRY","2856.00","0","out_of_stock","https://bayi.euro-mix.com.tr/Content/img/Stokpic/Normal/6349.png"
"euromix-stock","BD 013","1234590922247","BASINÇ DÜŞÜRÜCÜ ""1 (REKORSUZ)","EUROMIX","BASINÇ (REGÜLETÖR) MALZEMELERİ","ADET","20.00","TRY","2627.52","0","out_of_stock","https://bayi.euro-mix.com.tr/Content/img/Stokpic/Normal/6350.png"
"euromix-stock","BD 015","1234590924630","BATARYA DİRSEĞİ EKO","EUROMIX","BATARYA DİRSEKLERİ","ADET","20.00","TRY","27.33","154759","in_stock","https://bayi.euro-mix.com.tr/Content/img/Stokpic/Normal/6351.png"
"euromix-stock","BGT 001","1234500000348","BATARYA GÖBEK TAKIMI","EUROMIX","YEDEK PARÇALAR","ADET","20.00","TRY","164.22","0","out_of_stock","https://bayi.euro-mix.com.tr/Content/img/Stokpic/Normal/1719.png"
"euromix-stock","BGT 001-2","1234590922438","VAKUMLU BATARYA GÖBEK TAKIMI","EUROMIX","YEDEK PARÇALAR","ADET","20.00","TRY","185.64","0","out_of_stock","https://bayi.euro-mix.com.tr/Content/img/Stokpic/Normal/1720.png"
"euromix-stock","BH 001","1234590920892","MİX BASKI HUNİSİ 40 LIK","EUROMIX","BASKI SOMUN VE HUNİLER","ADET","20.00","TRY","8.89","0","out_of_stock","https://bayi.euro-mix.com.tr/Content/img/Stokpic/Normal/1721.png"
"euromix-stock","BH 005","1234590914594","25 LİK HUNİ","EUROMIX","YEDEK PARÇALAR","ADET","20.00","TRY","6.84","12050","in_stock","https://bayi.euro-mix.com.tr/Content/img/Stokpic/Normal/1722.png"
"euromix-stock","BH 007","1234590923329","MIX BASKI HUNİSİ 35 LİK","EUROMIX","BASKI SOMUN VE HUNİLER","ADET","20.00","TRY","7.51","1360","in_stock","https://bayi.euro-mix.com.tr/Content/img/Stokpic/Normal/1723.png"
"euromix-stock","BH 012","1234590933816","25 MT LİK BAHÇE HORTUMU","EUROMIX","BAHÇE HORTUMLARI","ADET","20.00","TRY","615.82","1","in_stock","https://bayi.euro-mix.com.tr/Content/img/Stokpic/Normal/6362.png"
"euromix-stock","BH 014","1234590933823","50 MT LİK SİLİKONLU ÖRGÜLÜ HORTUMU","EUROMIX","BAHÇE HORTUMLARI","ADET","20.00","TRY","514.08","300","in_stock","https://bayi.euro-mix.com.tr/Content/img/Stokpic/Normal/6364.png"
"euromix-stock","BICE 001","1234500000355","BICE KLIPS (1.000 adet)","EUROMIX","YEDEK PARÇALAR","ADET","20.00","TRY","1744.85","0","out_of_stock","https://bayi.euro-mix.com.tr/Content/img/Stokpic/Normal/1725.png"
"euromix-stock","BK 002","1234590911876","BACA KAPAĞI","EUROMIX","HAVALANDIRMA","ADET","20.00","TRY","20.71","642","in_stock","https://bayi.euro-mix.com.tr/Content/img/Stokpic/Normal/6366.png"
"euromix-stock","BK 003","1234590914884","BACA KAPAĞI AYARLI","EUROMIX","HAVALANDIRMA","ADET","20.00","TRY","57.84","228","in_stock","https://bayi.euro-mix.com.tr/Content/img/Stokpic/Normal/6367.png"
"euromix-stock","BK 006","1234590920731","SİYAH KOMBİ BACA KUŞLUĞU","EUROMIX","HAVALANDIRMA","ADET","20.00","TRY","51.32","457","in_stock","https://bayi.euro-mix.com.tr/Content/img/Stokpic/Normal/6368.png"
"euromix-stock","BK 007","1234590920748","KOMBİ BACA CONTASI (ÇİFTLİ)","EUROMIX","HAVALANDIRMA","ADET","20.00","TRY","57.84","112","in_stock","https://bayi.euro-mix.com.tr/Content/img/Stokpic/Normal/6369.png"
"euromix-stock","BK 010","","BACA KLEPESİ (PLASTİK)","EUROMIX","HAVALANDIRMA","ADET","20.00","TRY","98.53","23","in_stock",""
"euromix-stock","BM 001","1234590913207","BİDON MUSLUĞU","EUROMIX","SEMAVER VE PLASTİK MUSLUKLAR","ADET","20.00","TRY","32.84","1","in_stock","https://bayi.euro-mix.com.tr/Content/img/Stokpic/Normal/6371.png"
"euromix-stock","BS 001","1234590924470","BATARYA SAPI","EUROMIX","YEDEK PARÇALAR","ADET","20.00","TRY","35.94","1397","in_stock","https://bayi.euro-mix.com.tr/Content/img/Stokpic/Normal/6373.png"
"euromix-stock","BS 002","1234590924241","MİX BORU SOMUNU (prinç)","EUROMIX","YEDEK PARÇALAR","ADET","20.00","TRY","35.70","0","out_of_stock","https://bayi.euro-mix.com.tr/Content/img/Stokpic/Normal/1733.png"
"euromix-stock","BS 003","1234590920908","MİX BASKI SOMUNU 40 LIK","EUROMIX","BASKI SOMUN VE HUNİLER","ADET","20.00","TRY","32.79","10679","in_stock","https://bayi.euro-mix.com.tr/Content/img/Stokpic/Normal/1734.png"
"euromix-stock","BS 004","1234590914587","25 LİK BASKI SOMUNU PRİNÇ","EUROMIX","BASKI SOMUN VE HUNİLER","ADET","20.00","TRY","23.92","10423","in_stock","https://bayi.euro-mix.com.tr/Content/img/Stokpic/Normal/1735.png"
"euromix-stock","BS 005","1234590920915","MİX BASKI SOMUNU 35 LİK","EUROMIX","BASKI SOMUN VE HUNİLER","ADET","20.00","TRY","30.07","406","in_stock","https://bayi.euro-mix.com.tr/Content/img/Stokpic/Normal/1736.png"
"euromix-stock","BS 006","1234590922339","BATARYA UZUN SOMUN NİPELİ (prinç)","EUROMIX","BATARYA NİPELLERİ","ADET","20.00","TRY","35.70","1423","in_stock","https://bayi.euro-mix.com.tr/Content/img/Stokpic/Normal/1737.png"
"euromix-stock","BS 007","1234590923350","BATARYA KISA SOMUN NİPELİ (prinç)","EUROMIX","BATARYA NİPELLERİ","ADET","20.00","TRY","39.01","3564","in_stock","https://bayi.euro-mix.com.tr/Content/img/Stokpic/Normal/1738.png"
"euromix-stock","BS 008","1234590924494","PASLANMAZ 40 LIK MİX BASKI SOMUNU VE HUNİ TK","EUROMIX","BASKI SOMUN VE HUNİLER","ADET","20.00","TRY","11.61","37854","in_stock","https://bayi.euro-mix.com.tr/Content/img/Stokpic/Normal/1739.png"
"euromix-stock","BS 010","1234590924463","PASLANMAZ BATARYA KISA SOMUN NİPELİ","EUROMIX","BATARYA NİPELLERİ","ADET","20.00","TRY","11.61","11749","in_stock","https://bayi.euro-mix.com.tr/Content/img/Stokpic/Normal/1740.png"
"euromix-stock","BT 001","1234590912255","BATARYA TERMİNALİ","EUROMIX","FİTİNGSLER","ADET","20.00","TRY","65.69","198","in_stock","https://bayi.euro-mix.com.tr/Content/img/Stokpic/Normal/6377.png"
"euromix-stock","BT 002","1234590918516","TAHARET TERMİNALİ","EUROMIX","FİTİNGSLER","ADET","20.00","TRY","65.69","476","in_stock","https://bayi.euro-mix.com.tr/Content/img/Stokpic/Normal/6378.png"
"euromix-stock","BT 003","1234590939313","TAHARET TERMİNALİ 25-1/2""","EUROMIX","FİTİNGSLER","ADET","20.00","TRY","70.61","0","out_of_stock","https://bayi.euro-mix.com.tr/Content/img/Stokpic/Normal/6379.png"
"euromix-stock","BT TSE 001","1234500000430","ACEM ÇEVİRMELİ BANYO BATARYASI","EUROMIX","KLASİK ACEM SERİSİ","ADET","20.00","TRY","1856.40","1","in_stock","https://bayi.euro-mix.com.tr/Content/img/Stokpic/Normal/6380.png"
"euromix-stock","BT TSE 002","1234500000447","ACEM ÇEVİRMELİ KARTAL BATARYASI","EUROMIX","KLASİK ACEM SERİSİ","ADET","20.00","TRY","1285.20","0","out_of_stock","https://bayi.euro-mix.com.tr/Content/img/Stokpic/Normal/6381.png"
"euromix-stock","BT TSE 003","1234500000454","ACEM ÇEVİRMELİ KUĞU BATARYASI","EUROMIX","KLASİK ACEM SERİSİ","ADET","20.00","TRY","928.20","19","in_stock","https://bayi.euro-mix.com.tr/Content/img/Stokpic/Normal/6382.png"
"euromix-stock","BT TSE 004","1234500000461","ACEM ÇEVİRMELİ DÖNER EVYE BATARYASI DUVARDAN","EUROMIX","KLASİK ACEM SERİSİ","ADET","20.00","TRY","1106.70","0","out_of_stock","https://bayi.euro-mix.com.tr/Content/img/Stokpic/Normal/6383.png"
"euromix-stock","BT TSE 006","1234500004025","ACEM ÇEVİRMELİ SABİT EVYE BATARYASI","EUROMIX","KLASİK ACEM SERİSİ","ADET","20.00","TRY","1263.78","19","in_stock","https://bayi.euro-mix.com.tr/Content/img/Stokpic/Normal/6385.png"
"euromix-stock","BT TSE 006-1","1234590916598","ACEM ÇEVİRMELİ LAVABO BATARYASI BASTON BORULU","EUROMIX","KLASİK ACEM SERİSİ","ADET","20.00","TRY","1106.70","0","out_of_stock","https://bayi.euro-mix.com.tr/Content/img/Stokpic/Normal/1748.png"
"euromix-stock","BT TSE 022","1234590926054","ALFA ÇEVİRMELİ BANYO BATARYASI","EUROMIX","KLASİK ALFA SERİSİ","ADET","20.00","TRY","1606.50","0","out_of_stock","https://bayi.euro-mix.com.tr/Content/img/Stokpic/Normal/6393.png"
"euromix-stock","BT TSE 023","1234590926061","ALFA ÇEVİRMELİ DÖNER EVYE BATARYASI","EUROMIX","KLASİK ALFA SERİSİ","ADET","20.00","TRY","1142.40","0","out_of_stock","https://bayi.euro-mix.com.tr/Content/img/Stokpic/Normal/6394.png"
"euromix-stock","BT TSE 024","1234590926078","ALFA ÇEVİRMELİ LAVABO BATARYASI BASTON BORULU","EUROMIX","KLASİK ALFA SERİSİ","ADET","20.00","TRY","1142.40","0","out_of_stock","https://bayi.euro-mix.com.tr/Content/img/Stokpic/Normal/3291.png"
"euromix-stock","BT TSE 025","1234590926085","ALFA ÇEVİRMELİ KUĞU BATARYASI","EUROMIX","KLASİK ALFA SERİSİ","ADET","20.00","TRY","978.18","0","out_of_stock","https://bayi.euro-mix.com.tr/Content/img/Stokpic/Normal/6395.png"
"euromix-stock","BT TSE 027","1234590926108","ALFA ÇEVİRMELİ SABİT EVYE BATARYASI","EUROMIX","KLASİK ALFA SERİSİ","ADET","20.00","TRY","1285.20","0","out_of_stock","https://bayi.euro-mix.com.tr/Content/img/Stokpic/Normal/6397.png"
"euromix-stock","BT TSE 035","1234590934684","ACEM ÇEVİRMELİ DÖNER LAVABO BATARYASI","EUROMIX","KLASİK ACEM SERİSİ","ADET","20.00","TRY","1106.70","0","out_of_stock","https://bayi.euro-mix.com.tr/Content/img/Stokpic/Normal/6401.png"
"euromix-stock","BU 001","1234500000478","BORU HORTUM UCU","EUROMIX","PERLATÖR VE BORU UÇLARI","ADET","20.00","TRY","28.56","3370","in_stock","https://bayi.euro-mix.com.tr/Content/img/Stokpic/Normal/1749.png"
"euromix-stock","CC 003","1234590915423","ÇAMAŞIR ÇATALI (PRİNÇ)","EUROMIX","UZATMA GRUBU","ADET","20.00","TRY","134.58","518","in_stock","https://bayi.euro-mix.com.tr/Content/img/Stokpic/Normal/6403.png"
"euromix-stock","CC 004","1234590924708","ÇAMAŞIR ÇATALI (PLASTİK)","EUROMIX","UZATMA GRUBU","ADET","20.00","TRY","20.53","1654","in_stock","https://bayi.euro-mix.com.tr/Content/img/Stokpic/Normal/6404.png"
"euromix-stock","CN 001","1234500000522","MUSLUK CONTASI SİYAH (1.000 ADET) PK","EUROMIX","MUSLUK CONTALARI","ADET","20.00","TRY","379.85","45","in_stock","https://bayi.euro-mix.com.tr/Content/img/Stokpic/Normal/6405.png"
"euromix-stock","CN 001-1","1234590914426","MUSLUK CONTASI BALLI (1.000 ADET) PK","EUROMIX","MUSLUK CONTALARI","ADET","20.00","TRY","667.14","7","in_stock","https://bayi.euro-mix.com.tr/Content/img/Stokpic/Normal/6406.png"
"euromix-stock","CN 001-3","1234590915119","MUSLUK CONTASI HAYKAR (1.000 ADET) PK","EUROMIX","MUSLUK CONTALARI","ADET","20.00","TRY","1231.66","26","in_stock","https://bayi.euro-mix.com.tr/Content/img/Stokpic/Normal/6407.png"
"euromix-stock","CN 001-4","1234590915126","TAHARET CONTASI HAYKAR (1.000 ADET) PK","EUROMIX","DİGER","ADET","20.00","TRY","314.16","36","in_stock","https://bayi.euro-mix.com.tr/Content/img/Stokpic/Normal/6408.png"
"euromix-stock","CN 001-5","1234590921547","TAHARET CONTASI PLASTİK (1.000 ADET) PK","EUROMIX","DİGER","ADET","20.00","TRY","271.32","15","in_stock","https://bayi.euro-mix.com.tr/Content/img/Stokpic/Normal/6409.png"
"euromix-stock","CN 001-6","1234590930471","3/4 MUSLUK CONTASI (1.000 ADET) PK","EUROMIX","MUSLUK CONTALARI","ADET","20.00","TRY","357.00","0","out_of_stock","https://bayi.euro-mix.com.tr/Content/img/Stokpic/Normal/6410.png"
"euromix-stock","CN 002","1234500000539","3/8 REKOR CONTA (1.000 ADET) PK","EUROMIX","REKOR CONTALARI","ADET","20.00","TRY","297.65","25030","in_stock","https://bayi.euro-mix.com.tr/Content/img/Stokpic/Normal/6411.png"
"euromix-stock","CN 002-1","1234500003950","3/8 YEŞİL CONTA (1.000 ADET)","EUROMIX","REKOR CONTALARI","ADET","20.00","TRY","390.03","10","in_stock","https://bayi.euro-mix.com.tr/Content/img/Stokpic/Normal/1759.png"
"euromix-stock","CN 003","1234500000546","1/2 REKOR CONTA (1.000 ADET) PAKET","EUROMIX","REKOR CONTALARI","ADET","20.00","TRY","328.44","50026","in_stock","https://bayi.euro-mix.com.tr/Content/img/Stokpic/Normal/6412.png"
"euromix-stock","CN 003-1","1234500003967","1/2 YEŞİL CONTA (1.000 ADET) PAKET","EUROMIX","REKOR CONTALARI","ADET","20.00","TRY","271.32","19","in_stock","https://bayi.euro-mix.com.tr/Content/img/Stokpic/Normal/6413.png"
"euromix-stock","CN 004","1234500000553","3/4 REKOR CONTA (1.000 ADET) PK","EUROMIX","REKOR CONTALARI","ADET","20.00","TRY","371.28","50057","in_stock","https://bayi.euro-mix.com.tr/Content/img/Stokpic/Normal/6414.png"
"euromix-stock","CN 004-1","1234500003974","3/4 YEŞİL CONTA (1.000 ADET) PK","EUROMIX","REKOR CONTALARI","ADET","20.00","TRY","342.72","15","in_stock","https://bayi.euro-mix.com.tr/Content/img/Stokpic/Normal/6415.png"
"euromix-stock","CN 004-2","1234590922360","3/8 YEŞİL FİBER CONTA (500 ADET)","EUROMIX","REKOR CONTALARI","ADET","20.00","TRY","342.72","0","out_of_stock","https://bayi.euro-mix.com.tr/Content/img/Stokpic/Normal/1763.png"
"euromix-stock","CN 008","1234500000560","3/8 FİBER CONTA (1.000 ADET) PK","EUROMIX","REKOR CONTALARI","ADET","20.00","TRY","615.82","22","in_stock","https://bayi.euro-mix.com.tr/Content/img/Stokpic/Normal/6416.png"
"euromix-stock","CN 009","1234500000577","1/2 FİBER CONTA (1.000 ADET) PAKET","EUROMIX","REKOR CONTALARI","ADET","20.00","TRY","718.47","10","in_stock","https://bayi.euro-mix.com.tr/Content/img/Stokpic/Normal/6417.png"
"euromix-stock","CN 009-1","1234590919292","1/2 YEŞİL FİBER CONTA (500 ADET) PAKET","EUROMIX","REKOR CONTALARI","ADET","20.00","TRY","449.82","0","out_of_stock","https://bayi.euro-mix.com.tr/Content/img/Stokpic/Normal/6418.png"
"euromix-stock","CN 010","1234500000584","3/4 FİBER CONTA (1.000 ADET)","EUROMIX","REKOR CONTALARI","ADET","20.00","TRY","821.10","28","in_stock","https://bayi.euro-mix.com.tr/Content/img/Stokpic/Normal/1767.png"
"euromix-stock","CN 010-1","1234590919308","3/4 YEŞİL FİBER CONTA (500 ADET) PK","EUROMIX","REKOR CONTALARI","ADET","20.00","TRY","556.92","94","in_stock","https://bayi.euro-mix.com.tr/Content/img/Stokpic/Normal/6419.png"
"euromix-stock","CN 010-2","1234590941613","1"" YEŞİL FİBER CONTA (100 ADET) PK","EUROMIX","REKOR CONTALARI","ADET","20.00","TRY","214.20","0","out_of_stock",""
"euromix-stock","CN 011","1234590911883","VİSAM DENİZ CONTA","EUROMIX","IC TAKIM BOŞALTMA GRUBU CONTALARI","ADET","20.00","TRY","15.71","340","in_stock","https://bayi.euro-mix.com.tr/Content/img/Stokpic/Normal/6420.png"
"euromix-stock","CN 011-1","1234590914433","İÇ TAKIM CONTASI (TEMA AKKURT)","EUROMIX","IC TAKIM BOŞALTMA GRUBU CONTALARI","ADET","20.00","TRY","15.71","0","out_of_stock","https://bayi.euro-mix.com.tr/Content/img/Stokpic/Normal/6426.png"
"euromix-stock","CN 011-2","1234590914440","İÇ TAKIM CONTASI (TEMA KONİK)","EUROMIX","IC TAKIM BOŞALTMA GRUBU CONTALARI","ADET","20.00","TRY","15.71","1380","in_stock","https://bayi.euro-mix.com.tr/Content/img/Stokpic/Normal/6429.png"
"euromix-stock","CN 011-3","1234590914457","İÇ TAKIM CONTASI (NKP)","EUROMIX","IC TAKIM BOŞALTMA GRUBU CONTALARI","ADET","20.00","TRY","15.71","703","in_stock","https://bayi.euro-mix.com.tr/Content/img/Stokpic/Normal/6430.png"
"euromix-stock","CN 011-4","1234590914464","İÇ TAKIM CONTASI (VİSAM LORD)","EUROMIX","IC TAKIM BOŞALTMA GRUBU CONTALARI","ADET","20.00","TRY","15.71","340","in_stock","https://bayi.euro-mix.com.tr/Content/img/Stokpic/Normal/6431.png"
"euromix-stock","CN 011-5","1234590914471","İÇ TAKIM CONTASI (SİAMP)","EUROMIX","IC TAKIM BOŞALTMA GRUBU CONTALARI","ADET","20.00","TRY","15.71","619","in_stock","https://bayi.euro-mix.com.tr/Content/img/Stokpic/Normal/6432.png"
"euromix-stock","CN 011-6","1234590914822","İÇ TAKIM CONTASI (ASET)","EUROMIX","IC TAKIM BOŞALTMA GRUBU CONTALARI","ADET","20.00","TRY","15.71","200","in_stock","https://bayi.euro-mix.com.tr/Content/img/Stokpic/Normal/6433.png"
"euromix-stock","CN 011-7","1234590921530","İÇ TAKIM CONTASI NOVA SİLİKON CONTA","EUROMIX","IC TAKIM BOŞALTMA GRUBU CONTALARI","ADET","20.00","TRY","15.71","190","in_stock","https://bayi.euro-mix.com.tr/Content/img/Stokpic/Normal/1777.png"
"euromix-stock","CN 011-8","1234590922391","VİTRA İÇ TAKIM CONTASI","EUROMIX","IC TAKIM BOŞALTMA GRUBU CONTALARI","ADET","20.00","TRY","15.71","1","in_stock","https://bayi.euro-mix.com.tr/Content/img/Stokpic/Normal/1778.png"
"euromix-stock","CN 011-9","1234590923183","KALE İÇ TAKIM CONTASI","EUROMIX","IC TAKIM BOŞALTMA GRUBU CONTALARI","ADET","20.00","TRY","15.71","0","out_of_stock","https://bayi.euro-mix.com.tr/Content/img/Stokpic/Normal/6434.png"
"euromix-stock","CN 011.0","1234590924715","İÇ TAKIM CONTASI (JAPAR)","EUROMIX","IC TAKIM BOŞALTMA GRUBU CONTALARI","ADET","20.00","TRY","15.71","380","in_stock","https://bayi.euro-mix.com.tr/Content/img/Stokpic/Normal/6421.png"
"euromix-stock","CN 011.1","1234590924722","İÇ TAKIM CONTASI (SEREL)","EUROMIX","IC TAKIM BOŞALTMA GRUBU CONTALARI","ADET","20.00","TRY","15.71","0","out_of_stock","https://bayi.euro-mix.com.tr/Content/img/Stokpic/Normal/6422.png"
"euromix-stock","CN 011.3","1234590931270","İÇ TAKIM CONTASI (SEREL DÜZ)","EUROMIX","IC TAKIM BOŞALTMA GRUBU CONTALARI","ADET","20.00","TRY","15.71","0","out_of_stock","https://bayi.euro-mix.com.tr/Content/img/Stokpic/Normal/6423.png"
"euromix-stock","CN 011.4","1234590931287","İÇ TAKIM CONTASI TEOS","EUROMIX","IC TAKIM BOŞALTMA GRUBU CONTALARI","ADET","20.00","TRY","15.71","220","in_stock","https://bayi.euro-mix.com.tr/Content/img/Stokpic/Normal/6424.png"
"euromix-stock","CN 011.5","1234590933779","İÇ TAKIM CONTASI (HAKERSAN)","EUROMIX","IC TAKIM BOŞALTMA GRUBU CONTALARI","ADET","20.00","TRY","15.71","0","out_of_stock","https://bayi.euro-mix.com.tr/Content/img/Stokpic/Normal/6425.png"
"euromix-stock","CN 011.7","","İÇ TAKIM CONTASI SET (22 ÇEŞİT-550 ADET)","EUROMIX","IC TAKIM BOŞALTMA GRUBU CONTALARI","ADET","20.00","TRY","8568.00","4","in_stock",""
"euromix-stock","CN 012","1234590931294","TEKLİ EVYE CONTASI","EUROMIX","DİGER","ADET","20.00","TRY","0.79","0","out_of_stock","https://bayi.euro-mix.com.tr/Content/img/Stokpic/Normal/6435.png"
"euromix-stock","CN 016","1234590930006","VALF CONTASI","EUROMIX","DİGER","ADET","20.00","TRY","7.19","1053","in_stock","https://bayi.euro-mix.com.tr/Content/img/Stokpic/Normal/6436.png"
"euromix-stock","CN 019","1234500000607","SAAT CONTASI (1.000 ADET) PK","EUROMIX","DİGER","PAKET","20.00","TRY","595.31","49","in_stock","https://bayi.euro-mix.com.tr/Content/img/Stokpic/Normal/6437.png"
"euromix-stock","CN 019-1","1234590941620","1"" SAAT CONTASI (100 ADET) PK","EUROMIX","DİGER","PAKET","20.00","TRY","214.20","0","out_of_stock",""
"euromix-stock","CN 022","1234590913382","HELA TAŞI CONTASI","EUROMIX","DİGER","ADET","20.00","TRY","15.41","848","in_stock","https://bayi.euro-mix.com.tr/Content/img/Stokpic/Normal/1780.png"
"euromix-stock","CN 023","1234590913436","KLOZET TAŞI CONTASI","EUROMIX","DİGER","ADET","20.00","TRY","25.37","3368","in_stock","https://bayi.euro-mix.com.tr/Content/img/Stokpic/Normal/1781.png"
"euromix-stock","CN 024","1234590914280","BATARYA ORİNG BORU CONTASI (500 ADET) PK","EUROMIX","DİGER","ADET","20.00","TRY","390.03","1","in_stock","https://bayi.euro-mix.com.tr/Content/img/Stokpic/Normal/6438.png"
"euromix-stock","CN 025","1234590914839","TEMİZ SU CONTASI (500 ADET) PK","EUROMIX","DİGER","ADET","20.00","TRY","164.22","0","out_of_stock","https://bayi.euro-mix.com.tr/Content/img/Stokpic/Normal/6439.png"
"euromix-stock","CN 026","1234590917328","ÇANAK CONTA","EUROMIX","DİGER","ADET","20.00","TRY","29.28","0","out_of_stock","https://bayi.euro-mix.com.tr/Content/img/Stokpic/Normal/1783.png"
"euromix-stock","CN 027","1234590931300","KUĞU ALT CONTASI ADET (34,6 X 2,62)","EUROMIX","DİGER","ADET","20.00","TRY","3.58","10206","in_stock","https://bayi.euro-mix.com.tr/Content/img/Stokpic/Normal/6440.png"
"euromix-stock","CN 028","1234590915782","BATARYA NİPEL CONTA (500 ADET) PK","EUROMIX","DİGER","ADET","20.00","TRY","287.38","1","in_stock","https://bayi.euro-mix.com.tr/Content/img/Stokpic/Normal/6441.png"
"euromix-stock","CN 030","1234590926139","KÜRE GÖBEK CONTASI","EUROMIX","DİGER","ADET","20.00","TRY","357.00","61","in_stock","https://bayi.euro-mix.com.tr/Content/img/Stokpic/Normal/6442.png"
"euromix-stock","CN 032","1234590917168","GÖMME REZERVUAR PİS SU GİRİŞ CONTASI","EUROMIX","GÖMME REZERVUAR PARÇALARI","ADET","20.00","TRY","35.10","0","out_of_stock","https://bayi.euro-mix.com.tr/Content/img/Stokpic/Normal/6443.png"
"euromix-stock","CN 034","1234590917663","GÖMME KADA REZERVUAR KISA TEMİZ SU GRŞ VE ÇKŞ TK.","EUROMIX","GÖMME REZERVUAR PARÇALARI","ADET","20.00","TRY","123.16","1","in_stock","https://bayi.euro-mix.com.tr/Content/img/Stokpic/Normal/6445.png"
"euromix-stock","CN 035","1234590919803","ÇİFT KADEMELİ CONTA","EUROMIX","IC TAKIM BOŞALTMA GRUBU CONTALARI","ADET","20.00","TRY","15.71","305","in_stock","https://bayi.euro-mix.com.tr/Content/img/Stokpic/Normal/6446.png"
"euromix-stock","CN 036","1234590920120","3/4 REKOR CONTASI HAYKAR(paket)","EUROMIX","REKOR CONTALARI","ADET","20.00","TRY","975.07","19","in_stock","https://bayi.euro-mix.com.tr/Content/img/Stokpic/Normal/6447.png"
"euromix-stock","CN 037","1234590920137","1/2 REKOR CONTA HAYKAR (1.000 ADET) (PAKET)","EUROMIX","REKOR CONTALARI","ADET","20.00","TRY","872.42","15","in_stock","https://bayi.euro-mix.com.tr/Content/img/Stokpic/Normal/6448.png"
"euromix-stock","CN 038","1234590920144","3/8 REKOR CONTASI HAYKAR(PAKET)","EUROMIX","REKOR CONTALARI","ADET","20.00","TRY","685.44","21","in_stock","https://bayi.euro-mix.com.tr/Content/img/Stokpic/Normal/6449.png"
"euromix-stock","CN 040","1234590921486","45 LİK GÖMME REZERVUAR TEMİZ SU GİRİŞ CONTASI","EUROMIX","GÖMME REZERVUAR PARÇALARI","ADET","20.00","TRY","10.35","271","in_stock","https://bayi.euro-mix.com.tr/Content/img/Stokpic/Normal/6450.png"
"euromix-stock","CN 041","1234590922377","DOĞALGAZ CONTASI 1/2 PK","EUROMIX","REKOR CONTALARI","ADET","20.00","TRY","135.66","0","out_of_stock","https://bayi.euro-mix.com.tr/Content/img/Stokpic/Normal/6451.png"
"euromix-stock","CN 043","1234590922643","FLEX UCU ORİNG CONTA ( 500 ADET ) PK","EUROMIX","DİGER","ADET","20.00","TRY","184.75","110","in_stock","https://bayi.euro-mix.com.tr/Content/img/Stokpic/Normal/6452.png"
"euromix-stock","CN 044","1234590923138","GÖMME REZERVUAR KÖRÜKLÜ DİRSEKLİ KADA","EUROMIX","KADALAR","ADET","20.00","TRY","225.81","59","in_stock","https://bayi.euro-mix.com.tr/Content/img/Stokpic/Normal/6453.png"
"euromix-stock","CN 048","1234590916451","GEBERİT CONTASI","EUROMIX","IC TAKIM BOŞALTMA GRUBU CONTALARI","ADET","20.00","TRY","15.71","190","in_stock","https://bayi.euro-mix.com.tr/Content/img/Stokpic/Normal/6456.png"
"euromix-stock","CN 054","1234590934561","NKP GÖMME REZERVUAR CONTASI","EUROMIX","IC TAKIM BOŞALTMA GRUBU CONTALARI","ADET","20.00","TRY","10.28","59","in_stock","https://bayi.euro-mix.com.tr/Content/img/Stokpic/Normal/6458.png"
"euromix-stock","CN 058","1234590941132","ARITMA BORUSU ORİNG CONTA ( 250 ADET ) PK","EUROMIX","DİGER","ADET","20.00","TRY","121.38","4986","in_stock",""
"euromix-stock","CN 060","1234590941408","REKOR SİFON CONTASI","EUROMIX","DİGER","ADET","20.00","TRY","3.09","500","in_stock",""
"euromix-stock","CN 061","","KONİK REKOR CONTASI","EUROMIX","DİGER","ADET","20.00","TRY","6.72","1782","in_stock",""
"euromix-stock","CN 062","","ARITMA BATARYA ORİNG BORU CONTASI PK","EUROMIX","DİGER","ADET","20.00","TRY","1713.60","1","in_stock",""
"euromix-stock","CR 001","1234500000614","ÇAMAŞIR REKORU (plastik)","EUROMIX","YEDEK PARÇALAR","ADET","20.00","TRY","8.22","210","in_stock","https://bayi.euro-mix.com.tr/Content/img/Stokpic/Normal/1795.png"
"euromix-stock","CV 001","1234590915720","3/4 ÇALPARALI ÇEKVALF","EUROMIX","SARI FİTTİNGSLER","ADET","20.00","TRY","343.22","27","in_stock","https://bayi.euro-mix.com.tr/Content/img/Stokpic/Normal/6460.png"
"euromix-stock","CV 002","1234590915713","1/2 ÇEKVALF ÇALPARALI","EUROMIX","SARI FİTTİNGSLER","ADET","20.00","TRY","264.18","17","in_stock","https://bayi.euro-mix.com.tr/Content/img/Stokpic/Normal/6461.png"
"euromix-stock","CV 003","1234590916543","1"" ÇALPARALI ÇEKVALF","EUROMIX","SARI FİTTİNGSLER","ADET","20.00","TRY","532.90","1","in_stock","https://bayi.euro-mix.com.tr/Content/img/Stokpic/Normal/6462.png"
"euromix-stock","CV 004","1234590918189","3/4 DİK ÇEKVALF","EUROMIX","SARI FİTTİNGSLER","ADET","20.00","TRY","325.16","39","in_stock","https://bayi.euro-mix.com.tr/Content/img/Stokpic/Normal/6463.png"
"euromix-stock","CV 005","1234590918196","1"" DİK ÇEKVALF","EUROMIX","SARI FİTTİNGSLER","ADET","20.00","TRY","433.54","0","out_of_stock","https://bayi.euro-mix.com.tr/Content/img/Stokpic/Normal/6464.png"
"euromix-stock","CV 006","1234590924746","1""1/4 DİK ÇEKVALF","EUROMIX","SARI FİTTİNGSLER","ADET","20.00","TRY","800.59","0","out_of_stock","https://bayi.euro-mix.com.tr/Content/img/Stokpic/Normal/6465.png"
"euromix-stock","CV 007","1234590924753","2"" DİK ÇEKVALF","EUROMIX","SARI FİTTİNGSLER","ADET","20.00","TRY","1385.16","22","in_stock","https://bayi.euro-mix.com.tr/Content/img/Stokpic/Normal/6466.png"
"euromix-stock","CV 008","1234590924760","1""1/4 ÇEKVALF ÇALPARALI","EUROMIX","SARI FİTTİNGSLER","ADET","20.00","TRY","1067.44","0","out_of_stock","https://bayi.euro-mix.com.tr/Content/img/Stokpic/Normal/6467.png"
"euromix-stock","CV 009","1234590924777","1""1/2 ÇEKVALF ÇALPARALI","EUROMIX","SARI FİTTİNGSLER","ADET","20.00","TRY","1099.26","0","out_of_stock","https://bayi.euro-mix.com.tr/Content/img/Stokpic/Normal/6468.png"
"euromix-stock","CV 010","1234590924784","2"" ÇALPARALI ÇEKVALF","EUROMIX","SARI FİTTİNGSLER","ADET","20.00","TRY","1625.79","0","out_of_stock","https://bayi.euro-mix.com.tr/Content/img/Stokpic/Normal/6469.png"
"euromix-stock","CV 011","1234590918172","1/2 DİK ÇEKVALF","EUROMIX","SARI FİTTİNGSLER","ADET","20.00","TRY","224.20","0","out_of_stock","https://bayi.euro-mix.com.tr/Content/img/Stokpic/Normal/6470.png"
"euromix-stock","CV 012","1234590924791","1""1/2 DİK ÇEKVALF","EUROMIX","SARI FİTTİNGSLER","ADET","20.00","TRY","971.04","0","out_of_stock","https://bayi.euro-mix.com.tr/Content/img/Stokpic/Normal/6471.png"
"euromix-stock","CV 013","1234590924807","3"" ÇALPARALI ÇEKVALF","EUROMIX","SARI FİTTİNGSLER","ADET","20.00","TRY","3570.00","0","out_of_stock","https://bayi.euro-mix.com.tr/Content/img/Stokpic/Normal/1808.png"
"euromix-stock","CV 014","1234590931317","3"" DİK ÇEKVALF","EUROMIX","SARI FİTTİNGSLER","ADET","20.00","TRY","3512.88","0","out_of_stock","https://bayi.euro-mix.com.tr/Content/img/Stokpic/Normal/3435.png"
"euromix-stock","CV 015","","4"" ÇALPARALI ÇEKVALF","EUROMIX","SARI FİTTİNGSLER","ADET","20.00","TRY","7425.60","0","out_of_stock",""
"euromix-stock","DA 001","1234500000638","DUŞ ADAPTÖRÜ","EUROMIX","DUŞ TAKIMLARI","ADET","20.00","TRY","3.93","0","out_of_stock","https://bayi.euro-mix.com.tr/Content/img/Stokpic/Normal/6472.png"
"euromix-stock","DD 001","1234590911548","DOĞALGAZ DİRSEĞİ 1/2-3/8","EUROMIX","GAZ FLEX HORTUMLARI (14800) VE PARÇALARI","ADET","20.00","TRY","32.84","256","in_stock","https://bayi.euro-mix.com.tr/Content/img/Stokpic/Normal/6473.png"
"euromix-stock","DD 002","1234590911555","DOĞALGAZ DİRSEĞİ 1/2-1/2","EUROMIX","GAZ FLEX HORTUMLARI (14800) VE PARÇALARI","ADET","20.00","TRY","35.94","754","in_stock","https://bayi.euro-mix.com.tr/Content/img/Stokpic/Normal/6474.png"
"euromix-stock","DD 003","1234590917243","1/2 PRENSES OCAK","EUROMIX","GAZ FLEX HORTUMLARI (14800) VE PARÇALARI","ADET","20.00","TRY","21.42","862","in_stock","https://bayi.euro-mix.com.tr/Content/img/Stokpic/Normal/6475.png"
"euromix-stock","DD 004","1234590924814","PİPO FIRIN HORTUM GİRİŞİ","EUROMIX","GAZ FLEX HORTUMLARI (14800) VE PARÇALARI","ADET","20.00","TRY","29.99","244","in_stock","https://bayi.euro-mix.com.tr/Content/img/Stokpic/Normal/6476.png"
"euromix-stock","DD 005","1234590921080","DOĞALGAZ ENJEKTÖR (MEME) NO3","EUROMIX","GAZ FLEX HORTUMLARI (14800) VE PARÇALARI","ADET","20.00","TRY","32.84","67","in_stock","https://bayi.euro-mix.com.tr/Content/img/Stokpic/Normal/1814.png"
"euromix-stock","DD 006","1234590921097","DOĞALGAZ ENJEKTÖR (MEME) NO4","EUROMIX","GAZ FLEX HORTUMLARI (14800) VE PARÇALARI","ADET","20.00","TRY","32.84","163","in_stock","https://bayi.euro-mix.com.tr/Content/img/Stokpic/Normal/1815.png"
"euromix-stock","DD 007","1234590921349","DOĞALGAZ ENJEKTÖR (MEME) NO2","EUROMIX","GAZ FLEX HORTUMLARI (14800) VE PARÇALARI","ADET","20.00","TRY","32.84","150","in_stock","https://bayi.euro-mix.com.tr/Content/img/Stokpic/Normal/1816.png"
"euromix-stock","DD 008","1234590922896","DOĞALGAZ ENJEKTÖR (MEME) NO6","EUROMIX","GAZ FLEX HORTUMLARI (14800) VE PARÇALARI","ADET","20.00","TRY","32.84","69","in_stock","https://bayi.euro-mix.com.tr/Content/img/Stokpic/Normal/1817.png"
"euromix-stock","DD 009","1234590922889","DOĞALGAZ ENJEKTÖR (MEME) NO5","EUROMIX","GAZ FLEX HORTUMLARI (14800) VE PARÇALARI","ADET","20.00","TRY","29.75","337","in_stock","https://bayi.euro-mix.com.tr/Content/img/Stokpic/Normal/1818.png"
"euromix-stock","DD 010","1234590941637","DOĞALGAZ ENJEKTÖR (MEME) NO1","EUROMIX","GAZ FLEX HORTUMLARI (14800) VE PARÇALARI","ADET","20.00","TRY","29.75","239","in_stock",""
"euromix-stock","DF 003","1234500000669","150 CM DOĞALGAZ FLEXİ (MAKARONLU)","EUROMIX","HORTUMLAR","ADET","20.00","TRY","19.86","0","out_of_stock","https://bayi.euro-mix.com.tr/Content/img/Stokpic/Normal/1819.png"
"euromix-stock","DF 005","1234500000683","14404 (YENİ TİP) DOĞALGAZ FLEXİ 50 CM","EUROMIX","GAZ FLEX HORTUMLARI (14800) VE PARÇALARI","koli","20.00","TRY","387.26","1","in_stock","https://bayi.euro-mix.com.tr/Content/img/Stokpic/Normal/6477.png"
"euromix-stock","DF 006","1234500000690","14404 (YENİ TİP) DOĞALGAZ FLEXİ 75 CM","EUROMIX","GAZ FLEX HORTUMLARI (14800) VE PARÇALARI","ADET","20.00","TRY","445.12","1","in_stock","https://bayi.euro-mix.com.tr/Content/img/Stokpic/Normal/6478.png"
"euromix-stock","DF 007","1234500000706","14404 (YENİ TİP) DOĞALGAZ FLEXİ 100 CM","EUROMIX","GAZ FLEX HORTUMLARI (14800) VE PARÇALARI","ADET","20.00","TRY","507.78","1","in_stock","https://bayi.euro-mix.com.tr/Content/img/Stokpic/Normal/6479.png"
"euromix-stock","DF 008","1234500000713","14404 (YENİ TİP) DOĞALGAZ FLEXİ 125 CM","EUROMIX","GAZ FLEX HORTUMLARI (14800) VE PARÇALARI","ADET","20.00","TRY","572.70","79","in_stock","https://bayi.euro-mix.com.tr/Content/img/Stokpic/Normal/6480.png"
"euromix-stock","DF 009","1234500000720","14404 (YENİ TİP) DOĞALGAZ FLEXİ 150 CM","EUROMIX","GAZ FLEX HORTUMLARI (14800) VE PARÇALARI","ADET","20.00","TRY","626.32","1","in_stock","https://bayi.euro-mix.com.tr/Content/img/Stokpic/Normal/6481.png"
"euromix-stock","DF 010","1234500000737","14404 (YENİ TİP) DOĞALGAZ FLEXİ 200 CM","EUROMIX","GAZ FLEX HORTUMLARI (14800) VE PARÇALARI","ADET","20.00","TRY","772.25","8","in_stock","https://bayi.euro-mix.com.tr/Content/img/Stokpic/Normal/6482.png"
"euromix-stock","DF 018","1234590920304","SAYAÇ FLEXİ MAKARONLU 23CM","EUROMIX","GAZ FLEX HORTUMLARI (14800) VE PARÇALARI","ADET","20.00","TRY","335.58","0","out_of_stock","https://bayi.euro-mix.com.tr/Content/img/Stokpic/Normal/1826.png"
"euromix-stock","DF 020","1234590924821","(YENİ TİP) SAYAÇ FLEXİ MAKARONLU 23CM","EUROMIX","GAZ FLEX HORTUMLARI (14800) VE PARÇALARI","ADET","20.00","TRY","502.92","4","in_stock","https://bayi.euro-mix.com.tr/Content/img/Stokpic/Normal/6483.png"
"euromix-stock","DF 021","1234590924838","(YENİ TİP) 3/4 KOMBİ FLEXİ 40 CM","EUROMIX","GAZ FLEX HORTUMLARI (14800) VE PARÇALARI","ADET","20.00","TRY","378.42","55","in_stock","https://bayi.euro-mix.com.tr/Content/img/Stokpic/Normal/6484.png"
"euromix-stock","DF 022","1234590924845","(YENİ TİP) 3/4 KOMBİ FLEXİ 50 CM","EUROMIX","GAZ FLEX HORTUMLARI (14800) VE PARÇALARI","ADET","20.00","TRY","395.14","78","in_stock","https://bayi.euro-mix.com.tr/Content/img/Stokpic/Normal/6485.png"
"euromix-stock","DF 023","1234590924852","(YENİ TİP) 3/4 KOMBİ FLEXİ 60 CM","EUROMIX","GAZ FLEX HORTUMLARI (14800) VE PARÇALARI","ADET","20.00","TRY","418.02","26","in_stock","https://bayi.euro-mix.com.tr/Content/img/Stokpic/Normal/6486.png"
"euromix-stock","DF 024","1234590924869","(YENİ TİP) 3/4 KOMBİ FLEXİ 90 CM","EUROMIX","GAZ FLEX HORTUMLARI (14800) VE PARÇALARI","ADET","20.00","TRY","474.20","1","in_stock","https://bayi.euro-mix.com.tr/Content/img/Stokpic/Normal/6487.png"
"euromix-stock","DF 025","1234590937722","(YENİ TİP) SAYAÇ FLEXİ MAKARONLU 20CM","EUROMIX","GAZ FLEX HORTUMLARI (14800) VE PARÇALARI","ADET","20.00","TRY","314.16","0","out_of_stock","https://bayi.euro-mix.com.tr/Content/img/Stokpic/Normal/6488.png"
"euromix-stock","DF 026","1234590937739","SAYAÇ KONSOLU","EUROMIX","GAZ FLEX HORTUMLARI (14800) VE PARÇALARI","ADET","20.00","TRY","18.65","27","in_stock","https://bayi.euro-mix.com.tr/Content/img/Stokpic/Normal/6489.png"
"euromix-stock","DF 027","1234590937746","DELİKLİ DÖKÜM SAYAÇ REKORU","EUROMIX","GAZ FLEX HORTUMLARI (14800) VE PARÇALARI","ADET","20.00","TRY","78.54","0","out_of_stock","https://bayi.euro-mix.com.tr/Content/img/Stokpic/Normal/6490.png"
"euromix-stock","DF 028","1234590937753","PASLANMAZ SAYAÇ REKORU","EUROMIX","GAZ FLEX HORTUMLARI (14800) VE PARÇALARI","ADET","20.00","TRY","307.93","0","out_of_stock","https://bayi.euro-mix.com.tr/Content/img/Stokpic/Normal/6491.png"
"euromix-stock","DF 029","1234590937760","PASLANMAZ DELİKLİ SAYAÇ REKORU","EUROMIX","GAZ FLEX HORTUMLARI (14800) VE PARÇALARI","ADET","20.00","TRY","307.93","0","out_of_stock","https://bayi.euro-mix.com.tr/Content/img/Stokpic/Normal/6492.png"
"euromix-stock","DF 030","1234590941644","DOGALGAZ SAYAÇ CONTASI 1""1/4","EUROMIX","MUSLUK CONTALARI","ADET","20.00","TRY","1.43","4618","in_stock",""
"euromix-stock","DH 002","1234500000782","POŞETLİ 140CM DUŞ HORTUMU (EKO PVC MODEL)","EUROMIX","DUŞ HORTUMLARI","ADET","20.00","TRY","34.17","11579","in_stock","https://bayi.euro-mix.com.tr/Content/img/Stokpic/Normal/6493.png"
"euromix-stock","DH 002-4","1234590934431","POŞETLİ SIK ÖRGÜLÜ 200CM DUŞ HORTUMU","EUROMIX","DUŞ HORTUMLARI","ADET","20.00","TRY","85.41","8333","in_stock","https://bayi.euro-mix.com.tr/Content/img/Stokpic/Normal/6495.png"
"euromix-stock","DH 002-5","1234590939054","KUTULU SIK ÖRGÜLÜ 200CM DUŞ HORTUMU","EUROMIX","DUŞ HORTUMLARI","ADET","20.00","TRY","107.28","1436","in_stock","https://bayi.euro-mix.com.tr/Content/img/Stokpic/Normal/6496.png"
"euromix-stock","DH 002-6","1234590943457","POŞETLİ SIK ÖRGÜLÜ 200CM DUŞ HORTUMU İÇİ ÇELİK 360","EUROMIX","DUŞ HORTUMLARI","ADET","20.00","TRY","187.91","2975","in_stock",""
"euromix-stock","DH 002-7","","BLİSTERLİ SIK ÖRGÜ 200CM DUŞ HORTUMU İÇİ ÇELİK 360","EUROMIX","DUŞ TAKIMLARI","ADET","20.00","TRY","211.81","0","out_of_stock",""
"euromix-stock","DH 003","1234500000805","PLASTİK İHLAS DUŞ HORTUMU 1/2-1/2","EUROMIX","DUŞ HORTUMLARI","ADET","20.00","TRY","55.44","0","out_of_stock","https://bayi.euro-mix.com.tr/Content/img/Stokpic/Normal/6497.png"
"euromix-stock","DH 004","1234500000812","PLASTİK İHLAS DUŞ HORTUMU 1/2- 3/4","EUROMIX","DUŞ HORTUMLARI","ADET","20.00","TRY","51.41","0","out_of_stock","https://bayi.euro-mix.com.tr/Content/img/Stokpic/Normal/6498.png"
"euromix-stock","DH 005","1234590937180","POŞETLİ 150CM SIK ÖRGÜLÜ DUŞ HORTUMU","EUROMIX","DUŞ HORTUMLARI","ADET","20.00","TRY","60.13","42544","in_stock","https://bayi.euro-mix.com.tr/Content/img/Stokpic/Normal/6499.png"
"euromix-stock","DH 005-1","1234590911623","BLİSTERLİ SIK ÖRGÜLÜ 150CM 360° DÖNERLİ DUŞ HORT.","EUROMIX","DUŞ HORTUMLARI","ADET","20.00","TRY","153.74","6072","in_stock","https://bayi.euro-mix.com.tr/Content/img/Stokpic/Normal/6500.png"
"euromix-stock","DH 005-2","8697742680342","KUTULU 150CM SIK ÖRGÜLÜ DUŞ HORTUMU","EUROMIX","DUŞ HORTUMLARI","ADET","20.00","TRY","82.00","0","out_of_stock","https://bayi.euro-mix.com.tr/Content/img/Stokpic/Normal/6501.png"
"euromix-stock","DH 005-5","1234590932505","POŞETLİ ÇELİK ÖRGÜLÜ 150CM 360° DÖNERLİ DUŞ HORT","EUROMIX","DUŞ HORTUMLARI","ADET","20.00","TRY","158.52","17948","in_stock","https://bayi.euro-mix.com.tr/Content/img/Stokpic/Normal/8230.png"
"euromix-stock","DH 005-5-1","","POŞETLİ DIŞI ÇELİK ÖRGÜLÜ 150CM 360° DUŞ HORT","EUROMIX","DUŞ HORTUMLARI","ADET","20.00","TRY","242.24","0","out_of_stock","https://bayi.euro-mix.com.tr/Content/img/Stokpic/Normal/8227.png"
"euromix-stock","DH 005-6","1234590937197","BLİSTERLİ İÇİ ÇELİK ÖRGÜLÜ 150CM 360° DÖN DUŞ HORT","EUROMIX","DUŞ HORTUMLARI","ADET","20.00","TRY","204.99","0","out_of_stock","https://bayi.euro-mix.com.tr/Content/img/Stokpic/Normal/8231.png"
"euromix-stock","DH 005-6-1","","BLİSTERLİ DIŞI ÇELİK ÖRGÜLÜ 150CM 360° DUŞ HORT","EUROMIX","DUŞ HORTUMLARI","ADET","20.00","TRY","271.32","0","out_of_stock","https://bayi.euro-mix.com.tr/Content/img/Stokpic/Normal/8226.png"
"euromix-stock","DH 005-7","1234590941163","BLİSRTERLİ 150CM SIK ÖRGÜLÜ DUŞ HORTUMU (EKO)","EUROMIX","DUŞ HORTUMLARI","ADET","20.00","TRY","85.41","7454","in_stock",""
"euromix-stock","DH 005-8","","KROMLU POŞETLİ 150CM SIK ÖRGÜLÜ DUŞ HORTUMU","EUROMIX","DUŞ TAKIMLARI","ADET","20.00","TRY","60.13","0","out_of_stock",""
"euromix-stock","DH 006","1234500000829","BERBER DUŞ HORTUMU","EUROMIX","DUŞ HORTUMLARI","ADET","20.00","TRY","102.50","0","out_of_stock","https://bayi.euro-mix.com.tr/Content/img/Stokpic/Normal/6504.png"
"euromix-stock","DH 007","1234590914914","POŞETLİ SIK ÖRGÜLÜ 150CM 360° DÖNERLİ DUŞ HORTUMU","EUROMIX","DUŞ HORTUMLARI","ADET","20.00","TRY","141.44","7289","in_stock","https://bayi.euro-mix.com.tr/Content/img/Stokpic/Normal/6505.png"
"euromix-stock","DH 009","1234590915324","POŞETLİ DUŞ HORTUMU 150CM 1. SINIF (GÜMÜŞ) PLASTİK","EUROMIX","DUŞ HORTUMLARI","ADET","20.00","TRY","85.41","1915","in_stock","https://bayi.euro-mix.com.tr/Content/img/Stokpic/Normal/6506.png"
"euromix-stock","DH 010","1234590915331","POŞETLİ YAYLI 150CM DUŞ HORTUMU","EUROMIX","DUŞ HORTUMLARI","ADET","20.00","TRY","132.55","0","out_of_stock","https://bayi.euro-mix.com.tr/Content/img/Stokpic/Normal/1845.png"
"euromix-stock","DH 011","1234590915652","POŞETLİ ŞADDAF 110CM METAL DUŞ HORTUMU","EUROMIX","DUŞ HORTUMLARI","ADET","20.00","TRY","82.00","454","in_stock","https://bayi.euro-mix.com.tr/Content/img/Stokpic/Normal/6507.png"
"euromix-stock","DH 014","1234590924890","POŞETLİ ANKASTRE KUAFÖR DUŞ HORTUMU","EUROMIX","DUŞ HORTUMLARI","Adet","20.00","TRY","273.32","320","in_stock","https://bayi.euro-mix.com.tr/Content/img/Stokpic/Normal/6508.png"
"euromix-stock","DH 015","1234590920007","POŞETLİ ROBOT RAYLI 60CM DUŞ HORTUMU","EUROMIX","DUŞ HORTUMLARI","Adet","20.00","TRY","43.04","6630","in_stock","https://bayi.euro-mix.com.tr/Content/img/Stokpic/Normal/6509.png"
"euromix-stock","DH 015-1","1234590941651","POŞETLİ ROBOT RAYLI 70CM DUŞ HORTUMU","EUROMIX","DUŞ HORTUMLARI","Adet","20.00","TRY","60.13","1822","in_stock",""
"euromix-stock","DH 016","1234590920267","POŞETLİ İÇİ ÇELİK ÖRGÜ 150CM DUŞ HORTUMU","EUROMIX","DUŞ HORTUMLARI","ADET","20.00","TRY","82.00","9998","in_stock","https://bayi.euro-mix.com.tr/Content/img/Stokpic/Normal/6510.png"
"euromix-stock","DH 017","1234590931324","POŞETLİ ŞADDAF 110CM METAL KROM DUŞ HORT 1/2-1/2","EUROMIX","DUŞ HORTUMLARI","ADET","20.00","TRY","85.41","598","in_stock","https://bayi.euro-mix.com.tr/Content/img/Stokpic/Normal/6511.png"
"euromix-stock","DH 018","1234590931331","BRİSTERLİ DUŞ HORTUMU 150CM 1. SINIF (GÜMÜŞ) PLS","EUROMIX","DUŞ HORTUMLARI","ADET","20.00","TRY","115.48","2092","in_stock","https://bayi.euro-mix.com.tr/Content/img/Stokpic/Normal/6512.png"
"euromix-stock","DH 019","1234590934141","POŞETLİ GOLD DUŞ HORTUMU","EUROMIX","DUŞ HORTUMLARI","ADET","20.00","TRY","192.01","0","out_of_stock","https://bayi.euro-mix.com.tr/Content/img/Stokpic/Normal/6513.png"
"euromix-stock","DH 020","1234590934158","POŞETLİ METAL SİYAH 150CM ÖRGÜLÜ DUŞ HORTUMU","EUROMIX","DUŞ HORTUMLARI","ADET","20.00","TRY","94.30","4464","in_stock","https://bayi.euro-mix.com.tr/Content/img/Stokpic/Normal/6514.png"
"euromix-stock","DH 021","1234590941668","POŞETLİ ŞADDAF 110CM METAL KROM DUŞ HORT. 1/2-3/8","EUROMIX","DUŞ HORTUMLARI","ADET","20.00","TRY","102.50","6914","in_stock","https://bayi.euro-mix.com.tr/Content/img/Stokpic/Normal/3981.png"
"euromix-stock","DH 022","1234590939023","BLİSTERLİ GOLD DUŞ HORTUMU","EUROMIX","DUŞ HORTUMLARI","ADET","20.00","TRY","239.15","0","out_of_stock","https://bayi.euro-mix.com.tr/Content/img/Stokpic/Normal/6515.png"
"euromix-stock","DH 023","1234590939030","BRİSTERLİ METAL SİYAH 150CM DUŞ HORTUMU","EUROMIX","DUŞ HORTUMLARI","ADET","20.00","TRY","136.67","0","out_of_stock","https://bayi.euro-mix.com.tr/Content/img/Stokpic/Normal/6516.png"
"euromix-stock","DH 024","1234590939047","KUTULU İÇİ ÇELİK ÖRGÜLÜ DUŞ HORTUMU","EUROMIX","DUŞ HORTUMLARI","ADET","20.00","TRY","164.67","0","out_of_stock","https://bayi.euro-mix.com.tr/Content/img/Stokpic/Normal/6517.png"
"euromix-stock","DH 025","1234590925149","ENDÜSTRİYEL BATARYA HORTUMU","EUROMIX","DUŞ HORTUMLARI","ADET","20.00","TRY","1129.03","22","in_stock","https://bayi.euro-mix.com.tr/Content/img/Stokpic/Normal/6518.png"
"euromix-stock","DH 026","1234590940296","POŞETLİ DUŞ HORTUMU 150CM 1. SINIF (SİYAH) PLASTİK","EUROMIX","DUŞ HORTUMLARI","ADET","20.00","TRY","119.58","0","out_of_stock","https://bayi.euro-mix.com.tr/Content/img/Stokpic/Normal/6519.png"
"euromix-stock","DH 027","1234590941675","POŞETLİ ŞADDAF 110CM PLASTİK DUŞ HORT 1/2-1/2","EUROMIX","DUŞ HORTUMLARI","ADET","20.00","TRY","88.82","97","in_stock",""
"euromix-stock","DH 029","1234590941682","POŞETLİ SİYAH ROBOT RAYLI 60CM DUŞ HORTUMU","EUROMIX","DUŞ HORTUMLARI","Adet","20.00","TRY","51.93","362","in_stock",""
"euromix-stock","DH 030","1234590941699","MİSİNELİ POŞETLİ ŞADDAF 110CM DUŞ HORT. 1/2-3/8","EUROMIX","DUŞ HORTUMLARI","ADET","20.00","TRY","191.32","0","out_of_stock",""
"euromix-stock","DH 031","1234590941705","POŞETLİ SİYAH ROBOT RAYLI 80 CM DUŞ HORTUMU","EUROMIX","DUŞ HORTUMLARI","Adet","20.00","TRY","60.13","3566","in_stock",""
"euromix-stock","DH 032","","ENDÜSTRİYEL BATARYA HORTUMU İNCE","EUROMIX","DUŞ HORTUMLARI","ADET","20.00","TRY","321.30","0","out_of_stock",""
"euromix-stock","DH 033","","POŞETLİ ŞADDAF PERLATÖRLÜ PLASTİK DUŞ HORT(ASKILI)","EUROMIX","DUŞ HORTUMLARI","ADET","20.00","TRY","102.82","28","in_stock",""
"euromix-stock","DK 003","1234590924906","SABİT DİRSEKLİ KADA","EUROMIX","KADALAR","ADET","20.00","TRY","251.48","1","in_stock","https://bayi.euro-mix.com.tr/Content/img/Stokpic/Normal/6522.png"
"euromix-stock","DKT 001","1234590916918","VAKUMLU DUŞAKABİN TEKERLEĞİ (ÇİFT TEKERLEK)","EUROMIX","OTEL EKİPMANLARI","ADET","20.00","TRY","107.10","0","out_of_stock","https://bayi.euro-mix.com.tr/Content/img/Stokpic/Normal/1850.png"
"euromix-stock","DKT 002","1234590917748","KABİN TEKERLEĞİ KISA","EUROMIX","OTEL EKİPMANLARI","Adet","20.00","TRY","14.36","0","out_of_stock","https://bayi.euro-mix.com.tr/Content/img/Stokpic/Normal/1852.png"
"euromix-stock","DKT 003","1234590918042","DUŞAKABİN TEKERLEĞİ TEKLİ TAKIM","EUROMIX","OTEL EKİPMANLARI","ADET","20.00","TRY","369.50","66","in_stock","https://bayi.euro-mix.com.tr/Content/img/Stokpic/Normal/1853.png"
"euromix-stock","DKT 006","1234590920243","ÇİFTLİ DUŞAKABİN TEKERLEĞİ ALT 8 Lİ","EUROMIX","OTEL EKİPMANLARI","ADET","20.00","TRY","369.50","120","in_stock","https://bayi.euro-mix.com.tr/Content/img/Stokpic/Normal/6523.png"
"euromix-stock","DKT 007","1234590920236","ÇİFTLİ DUŞAKABİN TEKERLEĞİ ÜST 8 Lİ","EUROMIX","OTEL EKİPMANLARI","ADET","20.00","TRY","369.50","138","in_stock","https://bayi.euro-mix.com.tr/Content/img/Stokpic/Normal/6524.png"
"euromix-stock","DKT 009","1234590921257","KABİN TEKERLEĞİ UZUN","EUROMIX","OTEL EKİPMANLARI","ADET","20.00","TRY","16.43","1800","in_stock","https://bayi.euro-mix.com.tr/Content/img/Stokpic/Normal/1858.png"
"euromix-stock","DKT 010","1234590924920","GRİ DUŞAKABİN TEKERLEĞİ","EUROMIX","OTEL EKİPMANLARI","ADET","20.00","TRY","359.23","0","out_of_stock","https://bayi.euro-mix.com.tr/Content/img/Stokpic/Normal/1859.png"
"euromix-stock","DKT 011","1234590920199","KROM DUŞAKABİN ÇİFT TEKER TAKIM","EUROMIX","OTEL EKİPMANLARI","ADET","20.00","TRY","369.50","437","in_stock",""
"euromix-stock","DKT 012","1234590923053","KABİN KULP AY TİPİ","EUROMIX","OTEL EKİPMANLARI","ADET","20.00","TRY","143.71","141","in_stock",""
"euromix-stock","DKT 013","1234590924913","KABİN KULP TOPUZ TİPİ","EUROMIX","OTEL EKİPMANLARI","ADET","20.00","TRY","102.65","187","in_stock",""
"euromix-stock","DKT 015","","SİYAH ÇİFTLİ DUŞAKABİN TEKERİ","EUROMIX","AKSESUARLAR","ADET","20.00","TRY","348.97","1","in_stock",""
"euromix-stock","DM 004","1234590916833","DOĞALGAZ MACUNU 400GR ( 24 ADET ) PK","EUROMIX","MACUN VE KETENLER","ADET","20.00","TRY","123.16","77","in_stock","https://bayi.euro-mix.com.tr/Content/img/Stokpic/Normal/6525.png"
"euromix-stock","DM 005","8681695366019","DERZMATİK(ORJİNAL)","EUROMIX","HIRDAVAT","ADET","20.00","TRY","51.41","0","out_of_stock","https://bayi.euro-mix.com.tr/Content/img/Stokpic/Normal/1861.png"
"euromix-stock","DM 007","1234590919223","TÜP DOĞALGAZ MACUNU ( 24 ADET ) PK","EUROMIX","MACUN VE KETENLER","ADET","20.00","TRY","31.85","69","in_stock","https://bayi.euro-mix.com.tr/Content/img/Stokpic/Normal/6526.png"
"euromix-stock","DM 010","1234590924975","PLUS DERZ DOLGU KARTUŞ 450 GR","EUROMIX","HIRDAVAT","ADET","20.00","TRY","22.48","0","out_of_stock","https://bayi.euro-mix.com.tr/Content/img/Stokpic/Normal/1863.png"
"euromix-stock","DM 011","869704200614","PLUS DERZMATİK GAGA UÇLU 380GR","EUROMIX","HIRDAVAT","ADET","20.00","TRY","87.04","367","in_stock",""
"euromix-stock","DP 001","8696063000730","ÇİFT KANAT DUŞ PERDESİ (POLYESTER) 90*200","EUROMIX","OTEL EKİPMANLARI","ADET","20.00","TRY","444.14","1","in_stock","https://bayi.euro-mix.com.tr/Content/img/Stokpic/Normal/6527.png"
"euromix-stock","DS 001","1234590924982","DUŞ SÜRGÜSÜ SATEN","EUROMIX","DUŞ TAKIMLARI","ADET","20.00","TRY","177.66","436","in_stock","https://bayi.euro-mix.com.tr/Content/img/Stokpic/Normal/6528.png"
"euromix-stock","DS 002","1234590924999","DUŞ SÜRGÜSÜ KROM","EUROMIX","DUŞ TAKIMLARI","ADET","20.00","TRY","216.60","822","in_stock","https://bayi.euro-mix.com.tr/Content/img/Stokpic/Normal/6529.png"
"euromix-stock","DS 003","1234590919704","DUŞ SÜZGECİ (ALÜMİNYUM)","EUROMIX","DUŞ TAKIMLARI","ADET","20.00","TRY","153.96","142","in_stock","https://bayi.euro-mix.com.tr/Content/img/Stokpic/Normal/1867.png"
"euromix-stock","DS 009","1234590921967","MEBRANLI 30 CM DUŞ SÜZGECİ LİNEER","EUROMIX","YER SİFONLARI","ADET","20.00","TRY","208.40","0","out_of_stock","https://bayi.euro-mix.com.tr/Content/img/Stokpic/Normal/6530.png"
"euromix-stock","DS 010","1234590921974","MEBRANLI 40 CM DUŞ SÜZGECİ LİNEER","EUROMIX","YER SİFONLARI","ADET","20.00","TRY","179.10","0","out_of_stock","https://bayi.euro-mix.com.tr/Content/img/Stokpic/Normal/6531.png"
"euromix-stock","DS 011","1234590921981","MEBRANLI 50 CM DUŞ SÜZGECİ LİNEER","EUROMIX","YER SİFONLARI","ADET","20.00","TRY","311.30","0","out_of_stock","https://bayi.euro-mix.com.tr/Content/img/Stokpic/Normal/6532.png"
"euromix-stock","DS 012","1234590921998","MEBRANLI 60 CM DUŞ SÜZGECİ LİNEER","EUROMIX","YER SİFONLARI","ADET","20.00","TRY","235.62","0","out_of_stock","https://bayi.euro-mix.com.tr/Content/img/Stokpic/Normal/6533.png"
"euromix-stock","DS 013","1234590925002","80 CM DUŞ SÜZGECİ LİNEER","EUROMIX","YER SİFONLARI","ADET","20.00","TRY","468.03","0","out_of_stock","https://bayi.euro-mix.com.tr/Content/img/Stokpic/Normal/6534.png"
"euromix-stock","DS 015","1234590925026","DÖNERLİ 20 CM DUŞ SÜZGECİ LİNEER","EUROMIX","YER SİFONLARI","ADET","20.00","TRY","188.85","310","in_stock","https://bayi.euro-mix.com.tr/Content/img/Stokpic/Normal/6535.png"
"euromix-stock","DS 016","1234590925033","DÖNERLİ 30 CM DUŞ SÜZGECİ LİNEER","EUROMIX","YER SİFONLARI","ADET","20.00","TRY","199.11","1839","in_stock","https://bayi.euro-mix.com.tr/Content/img/Stokpic/Normal/6536.png"
"euromix-stock","DS 017","1234590925040","DÖNERLİ 40 CM DUŞ SÜZGECİ LİNEER","EUROMIX","YER SİFONLARI","ADET","20.00","TRY","266.87","1262","in_stock","https://bayi.euro-mix.com.tr/Content/img/Stokpic/Normal/6537.png"
"euromix-stock","DS 018","1234590925057","DÖNERLİ 50 CM DUŞ SÜZGECİ LİNEER","EUROMIX","YER SİFONLARI","ADET","20.00","TRY","287.38","351","in_stock","https://bayi.euro-mix.com.tr/Content/img/Stokpic/Normal/6538.png"
"euromix-stock","DS 019","1234590925064","DÖNERLİ 60 CM DUŞ SÜZGECİ LİNEER","EUROMIX","YER SİFONLARI","ADET","20.00","TRY","307.93","371","in_stock","https://bayi.euro-mix.com.tr/Content/img/Stokpic/Normal/6539.png"
"euromix-stock","DS 020","1234590925071","DUŞ SÜRGÜSÜ SATEN (SİYAH)","EUROMIX","DUŞ TAKIMLARI","ADET","20.00","TRY","51.41","0","out_of_stock","https://bayi.euro-mix.com.tr/Content/img/Stokpic/Normal/6540.png"
"euromix-stock","DS 021","1234590925088","DUŞ SÜZGECİ PLASTİK","EUROMIX","DUŞ TAKIMLARI","ADET","20.00","TRY","30.79","1","in_stock","https://bayi.euro-mix.com.tr/Content/img/Stokpic/Normal/3221.png"
"euromix-stock","DS 031","1234590934165","DUŞ SÜRGÜSÜ GOLD","EUROMIX","DUŞ TAKIMLARI","ADET","20.00","TRY","341.64","0","out_of_stock","https://bayi.euro-mix.com.tr/Content/img/Stokpic/Normal/3503.png"
"euromix-stock","DT 004","1234590931393","KISA DUŞ TROBLEMİ","EUROMIX","SİFONLAR","ADET","20.00","TRY","112.51","1","in_stock","https://bayi.euro-mix.com.tr/Content/img/Stokpic/Normal/6547.png"
"euromix-stock","DUS 001","8697742680465","EKO DUŞ TAKIMI DÜZ","EUROMIX","MAFSALLI DUŞLAR","ADET","20.00","TRY","112.74","0","out_of_stock","https://bayi.euro-mix.com.tr/Content/img/Stokpic/Normal/6551.png"
"euromix-stock","DUS 004-2","1234590912507","ÖRGÜLÜ DUŞ TAKIMI 3 FONKSİYONLU (KARIŞIK)","EUROMIX","MAFSALLI DUŞLAR","ADET","20.00","TRY","131.88","0","out_of_stock","https://bayi.euro-mix.com.tr/Content/img/Stokpic/Normal/6552.png"
"euromix-stock","DUS 004-3","1234590941194","BLİSTERLİ ÖRGÜLÜ DUŞ TAKIMI 3 FONKSİYONLU","EUROMIX","MAFSALLI DUŞLAR","ADET","20.00","TRY","147.59","0","out_of_stock",""
"euromix-stock","DUS 004-4","1234590941729","BLİSTERLİ EKO DUŞ TAKIMI","EUROMIX","EL DUŞLARI","ADET","20.00","TRY","145.54","0","out_of_stock",""
"euromix-stock","DUS 004-5","1234590941736","BLİSTERLİ DENİZ DUŞ TAKIMI","EUROMIX","EL DUŞLARI","ADET","20.00","TRY","154.43","0","out_of_stock",""
"euromix-stock","DUS 005","1234500000911","GOLD PLASTİK DUŞ TAKIMI","EUROMIX","MAFSALLI DUŞLAR","ADET","20.00","TRY","104.24","0","out_of_stock","https://bayi.euro-mix.com.tr/Content/img/Stokpic/Normal/6553.png"
"euromix-stock","DUS 011","1234500004612","ÖRGÜLÜ DUŞ TAKIMI LÜX AY ÇİÇEĞİ","EUROMIX","MAFSALLI DUŞLAR","ADET","20.00","TRY","187.91","0","out_of_stock","https://bayi.euro-mix.com.tr/Content/img/Stokpic/Normal/6554.png"
"euromix-stock","DUS 011-1","1234590941439","BLİSTER ÖRGÜLÜ DUŞ TAKIMI LÜX AY ÇİÇEĞİ","EUROMIX","MAFSALLI DUŞLAR","ADET","20.00","TRY","194.75","0","out_of_stock",""
"euromix-stock","DUS 017","1234590912552","ÖRGÜLÜ DUŞ TAKIMI LÜX KARE","EUROMIX","MAFSALLI DUŞLAR","ADET","20.00","TRY","174.23","0","out_of_stock","https://bayi.euro-mix.com.tr/Content/img/Stokpic/Normal/6555.png"
"euromix-stock","DUS 017-1","1234590941446","BLİSTERLİ ÖRGÜLÜ DUŞ TAKIMI LÜX KARE","EUROMIX","MAFSALLI DUŞLAR","ADET","20.00","TRY","167.41","0","out_of_stock",""
"euromix-stock","DUS 046","1234590915751","ŞADDAF PLASTİK TAKIM (İZ YAPI)","EUROMIX","MAFSALLI DUŞLAR","ADET","20.00","TRY","230.93","82","in_stock","https://bayi.euro-mix.com.tr/Content/img/Stokpic/Normal/1898.png"
"euromix-stock","DUS 046-1","1234590917236","PASLANMAZ ŞADDAF TAKIM (İZ YAPI)","EUROMIX","MAFSALLI DUŞLAR","ADET","20.00","TRY","523.45","192","in_stock","https://bayi.euro-mix.com.tr/Content/img/Stokpic/Normal/1899.png"
"euromix-stock","DUS 046-2","1234590925132","EUROMİX ŞADDAF KROM TAKIM METAL HORTUM","EUROMIX","MAFSALLI DUŞLAR","ADET","20.00","TRY","273.32","0","out_of_stock","https://bayi.euro-mix.com.tr/Content/img/Stokpic/Normal/6556.png"
"euromix-stock","DUS 046-3","1234590937067","EUROMIX PLASTİK ŞADDAF TAKIM","EUROMIX","MAFSALLI DUŞLAR","ADET","20.00","TRY","204.99","0","out_of_stock","https://bayi.euro-mix.com.tr/Content/img/Stokpic/Normal/6557.png"
"euromix-stock","DUS 046-4","1234590937081","EUROMIX SİYAH ŞADDAF TAKIM","EUROMIX","MAFSALLI DUŞLAR","ADET","20.00","TRY","263.07","0","out_of_stock","https://bayi.euro-mix.com.tr/Content/img/Stokpic/Normal/6558.png"
"euromix-stock","DUS 046-5","1234590937098","EUROMIX GOLD ŞADDAF TAKIM","EUROMIX","MAFSALLI DUŞLAR","ADET","20.00","TRY","580.81","0","out_of_stock","https://bayi.euro-mix.com.tr/Content/img/Stokpic/Normal/6559.png"
"euromix-stock","DUS 049-1","1234590941453","BLİSTERLİ ÖRGÜLÜ DUŞ TAKIMI LÜX VENEDİK","EUROMIX","MAFSALLI DUŞLAR","ADET","20.00","TRY","194.75","0","out_of_stock",""
"euromix-stock","DUS 055","1234590919506","ÖRGÜLÜ DUŞ TAKIMI LÜX SEMA","EUROMIX","MAFSALLI DUŞLAR","ADET","20.00","TRY","239.15","0","out_of_stock","https://bayi.euro-mix.com.tr/Content/img/Stokpic/Normal/6561.png"
"euromix-stock","DUS 055-1","1234590941460","BLİSTERLİ ÖRGÜLÜ DUŞ TAKIMI LÜX SEMA","EUROMIX","MAFSALLI DUŞLAR","ADET","20.00","TRY","256.23","0","out_of_stock",""
"euromix-stock","DUS 056","1234590919513","ÖRGÜLÜ DUŞ TAKIMI LÜX İKRA","EUROMIX","MAFSALLI DUŞLAR","ADET","20.00","TRY","187.91","0","out_of_stock","https://bayi.euro-mix.com.tr/Content/img/Stokpic/Normal/6562.png"
"euromix-stock","DUS 056-1","1234590941477","BLİSTERLİ ÖRGÜLÜ DUŞ TAKIMI LÜX İKRA","EUROMIX","MAFSALLI DUŞLAR","ADET","20.00","TRY","215.93","0","out_of_stock",""
"euromix-stock","DUS 057","1234590919520","ÖRGÜLÜ DUŞ TAKIMI LÜX MELDA","EUROMIX","MAFSALLI DUŞLAR","ADET","20.00","TRY","232.33","0","out_of_stock","https://bayi.euro-mix.com.tr/Content/img/Stokpic/Normal/6563.png"
"euromix-stock","DUS 057-1","1234590941484","BLİSTERLİ ÖRGÜLÜ DUŞ TAKIMI LÜX MELDA","EUROMIX","MAFSALLI DUŞLAR","ADET","20.00","TRY","249.40","0","out_of_stock",""
"euromix-stock","DUS 058","1234590919841","ÖRGÜLÜ DUŞ TAKIMI LÜX ALYANS","EUROMIX","MAFSALLI DUŞLAR","ADET","20.00","TRY","167.41","0","out_of_stock","https://bayi.euro-mix.com.tr/Content/img/Stokpic/Normal/6564.png"
"euromix-stock","DUS 058-1","1234590941491","BLİSTERLİ ÖRGÜLÜ DUŞ TAKIMI LÜX ALYANS","EUROMIX","MAFSALLI DUŞLAR","ADET","20.00","TRY","184.50","0","out_of_stock",""
"euromix-stock","DUS 061","1234590923237","ÖRGÜLÜ DUŞ TAKIMI LÜX UZAY","EUROMIX","MAFSALLI DUŞLAR","ADET","20.00","TRY","177.66","0","out_of_stock","https://bayi.euro-mix.com.tr/Content/img/Stokpic/Normal/6565.png"
"euromix-stock","DUS 061-1","1234590941507","BLİSTERLİ ÖRGÜLÜ DUŞ TAKIMI LÜX UZAY","EUROMIX","MAFSALLI DUŞLAR","ADET","20.00","TRY","187.91","0","out_of_stock",""
"euromix-stock","DUS 063","1234590937074","EKO FONKSİYONLU DUŞ TAKIMI","EUROMIX","MAFSALLI DUŞLAR","ADET","20.00","TRY","256.23","0","out_of_stock","https://bayi.euro-mix.com.tr/Content/img/Stokpic/Normal/6566.png"
"euromix-stock","DUS 064","1234590943440","ULTRA ÖRGÜLÜ DUŞ TAKIMI LÜX","EUROMIX","MAFSALLI DUŞLAR","ADET","20.00","TRY","341.64","0","out_of_stock","https://bayi.euro-mix.com.tr/Content/img/Stokpic/Normal/8213.png"
"euromix-stock","DUS 065","","ÖRGÜLÜ DUŞ TAKIMI LÜX HÜMA","EUROMIX","DUŞ TAKIMLARI","ADET","20.00","TRY","290.40","0","out_of_stock","https://bayi.euro-mix.com.tr/Content/img/Stokpic/Normal/3818.png"
"euromix-stock","DUS 072","1234590939016","TITAN BLACK DUŞ PANELİ","EUROMIX","PANEL DUŞLAR","ADET","20.00","TRY","9224.53","1","in_stock","https://bayi.euro-mix.com.tr/Content/img/Stokpic/Normal/8170.png"
"euromix-stock","DUS 073","1234590939009","SWAN GOLD DUŞ PANELİ","EUROMIX","PANEL DUŞLAR","ADET","20.00","TRY","12982.67","0","out_of_stock","https://bayi.euro-mix.com.tr/Content/img/Stokpic/Normal/6568.png"
"euromix-stock","DUS 074","1234590938996","MARS MAT DUŞ PANELİ","EUROMIX","PANEL DUŞLAR","ADET","20.00","TRY","12641.01","0","out_of_stock","https://bayi.euro-mix.com.tr/Content/img/Stokpic/Normal/8169.png"
"euromix-stock","DUS 075","1234590941149","ÖRGÜLÜ SİYAH PANTER DUŞ TAKIMI","EUROMIX","EL DUŞLARI","ADET","20.00","TRY","245.99","0","out_of_stock",""
"euromix-stock","DUS 075-1","1234590941514","BLİSTERLİ ÖRGÜLÜ SİYAH PANTER DUŞ TAKIMI","EUROMIX","EL DUŞLARI","ADET","20.00","TRY","256.23","0","out_of_stock",""
"euromix-stock","DUS 075-2","","SİYAH DUŞ PANELİ","EUROMIX","PANEL DUŞLAR","ADET","20.00","TRY","8546.01","0","out_of_stock",""
"euromix-stock","DUS 075-3","","GOLD DUŞ PANELİ","EUROMIX","PANEL DUŞLAR","ADET","20.00","TRY","9566.17","0","out_of_stock",""
"euromix-stock","EB 001","1234500000935","KLASİK EVYE BORUSU (EKO)","EUROMIX","YEDEK PARÇALAR","ADET","20.00","TRY","84.05","1052","in_stock","https://bayi.euro-mix.com.tr/Content/img/Stokpic/Normal/6570.png"
"euromix-stock","EB 003","1234500000942","ART. TİPİ EVYE BORUSU (PASLANMAZ)","EUROMIX","YEDEK PARÇALAR","ADET","20.00","TRY","54.67","0","out_of_stock","https://bayi.euro-mix.com.tr/Content/img/Stokpic/Normal/6571.png"
"euromix-stock","EB 004","1234590914754","VAKUMLU KLASİK EVYE BORUSU (EKO)","EUROMIX","YEDEK PARÇALAR","ADET","20.00","TRY","85.41","12","in_stock","https://bayi.euro-mix.com.tr/Content/img/Stokpic/Normal/6572.png"
"euromix-stock","EK 001","1234500000959","EKSANTRİK KADA","EUROMIX","KADALAR","ADET","20.00","TRY","51.32","305","in_stock","https://bayi.euro-mix.com.tr/Content/img/Stokpic/Normal/1914.png"
"euromix-stock","EK 002","1234590915911","AÇILI EKSANTRİK KADA 40 MM","EUROMIX","KADALAR","ADET","20.00","TRY","173.46","186","in_stock","https://bayi.euro-mix.com.tr/Content/img/Stokpic/Normal/6574.png"
"euromix-stock","EK 003","1234590915928","AÇILI EKSANTRİK KADA 60 MM","EUROMIX","KADALAR","ADET","20.00","TRY","186.80","107","in_stock","https://bayi.euro-mix.com.tr/Content/img/Stokpic/Normal/6575.png"
"euromix-stock","EKK 001","1234590917618","EKO TELLİ KÖRÜKLÜ KADA (35cm)","EUROMIX","KADALAR","ADET","20.00","TRY","108.80","727","in_stock","https://bayi.euro-mix.com.tr/Content/img/Stokpic/Normal/1919.png"
"euromix-stock","EL DUS 002","1234500004087","KROM ŞADDAF DUŞ BAŞLIĞI","EUROMIX","EL DUŞLARI","ADET","20.00","TRY","128.45","2129","in_stock","https://bayi.euro-mix.com.tr/Content/img/Stokpic/Normal/6577.png"
"euromix-stock","EL DUS 007","1234500001024","GOLD EL DUŞU MASAJLI PLASTİK","EUROMIX","EL DUŞLARI","ADET","20.00","TRY","47.12","232","in_stock","https://bayi.euro-mix.com.tr/Content/img/Stokpic/Normal/8212.png"
"euromix-stock","EL DUS 008","1234500001031","KROM EL DUŞU FONKSİYONSUZ","EUROMIX","EL DUŞLARI","ADET","20.00","TRY","28.69","1818","in_stock","https://bayi.euro-mix.com.tr/Content/img/Stokpic/Normal/6579.png"
"euromix-stock","EL DUS 008-1","1234590912170","BLİSTERLİ KROM EL DUŞU","EUROMIX","EL DUŞLARI","ADET","20.00","TRY","64.92","0","out_of_stock","https://bayi.euro-mix.com.tr/Content/img/Stokpic/Normal/6580.png"
"euromix-stock","EL DUS 009","1234590923312","BERBER EL DUŞU","EUROMIX","EL DUŞLARI","ADET","20.00","TRY","143.49","0","out_of_stock","https://bayi.euro-mix.com.tr/Content/img/Stokpic/Normal/6582.png"
"euromix-stock","EL DUS 012","1234500001062","PAPATYA EL DUŞU","EUROMIX","EL DUŞLARI","ADET","20.00","TRY","25.70","0","out_of_stock","https://bayi.euro-mix.com.tr/Content/img/Stokpic/Normal/6583.png"
"euromix-stock","EL DUS 017","1234500004520","AYÇİÇEĞİ EL DUŞ BAŞLIĞI LÜKS","EUROMIX","EL DUŞLARI","ADET","20.00","TRY","68.33","8572","in_stock","https://bayi.euro-mix.com.tr/Content/img/Stokpic/Normal/6586.png"
"euromix-stock","EL DUS 017-1","1234590918875","BLİSTER AYÇİÇEĞİ EL DUŞ BAŞLIĞI LÜX","EUROMIX","EL DUŞLARI","ADET","20.00","TRY","122.99","0","out_of_stock","https://bayi.euro-mix.com.tr/Content/img/Stokpic/Normal/6587.png"
"euromix-stock","EL DUS 019","1234500004544","KARE EL DUŞ BAŞLIĞI LÜX","EUROMIX","EL DUŞLARI","ADET","20.00","TRY","59.46","2817","in_stock","https://bayi.euro-mix.com.tr/Content/img/Stokpic/Normal/6589.png"
"euromix-stock","EL DUS 019-1","1234590912217","BLİSTER KARE EL DUS BAŞLIĞI LÜX","EUROMIX","EL DUŞLARI","ADET","20.00","TRY","93.61","0","out_of_stock","https://bayi.euro-mix.com.tr/Content/img/Stokpic/Normal/6590.png"
"euromix-stock","EL DUS 019-2","1234590923220","UZAY EL DUŞ BAŞLIĞI LÜX","EUROMIX","EL DUŞLARI","ADET","20.00","TRY","49.19","3369","in_stock","https://bayi.euro-mix.com.tr/Content/img/Stokpic/Normal/6592.png"
"euromix-stock","EL DUS 019-3","1234590923299","BLİSTER UZAY EL DUŞ BAŞLIĞI LÜX","EUROMIX","EL DUŞLARI","ADET","20.00","TRY","93.61","0","out_of_stock","https://bayi.euro-mix.com.tr/Content/img/Stokpic/Normal/6593.png"
"euromix-stock","EL DUS 019-4","1234590925163","SILA EL DUŞ BAŞLIĞI LÜX","EUROMIX","EL DUŞLARI","ADET","20.00","TRY","40.99","363","in_stock","https://bayi.euro-mix.com.tr/Content/img/Stokpic/Normal/6595.png"
"euromix-stock","EL DUS 019-5","1234590924210","ÇİÇEK EL DUŞ BAŞLIĞI LÜX","EUROMIX","EL DUŞLARI","ADET","20.00","TRY","98.40","0","out_of_stock","https://bayi.euro-mix.com.tr/Content/img/Stokpic/Normal/1937.png"
"euromix-stock","EL DUS 019-6","1234590937128","KUTULU SILA EL DUŞ BAŞLIĞI LÜX","EUROMIX","EL DUŞLARI","ADET","20.00","TRY","78.57","0","out_of_stock","https://bayi.euro-mix.com.tr/Content/img/Stokpic/Normal/6596.png"
"euromix-stock","EL DUS 022","1234590925170","ANKASTRE DUŞ BAŞLIĞI","EUROMIX","EL DUŞLARI","ADET","20.00","TRY","118.20","0","out_of_stock","https://bayi.euro-mix.com.tr/Content/img/Stokpic/Normal/6597.png"
"euromix-stock","EL DUS 024","1234590912514","DENİZ 3 FONKSİYONLU EL DUŞ BAŞLIĞI","EUROMIX","EL DUŞLARI","ADET","20.00","TRY","25.97","13248","in_stock","https://bayi.euro-mix.com.tr/Content/img/Stokpic/Normal/6598.png"
"euromix-stock","EL DUS 024-1","1234590912521","BLİSTERLİ DENİZ 3 FONKSİYONLU EL DUŞU","EUROMIX","EL DUŞLARI","ADET","20.00","TRY","61.50","0","out_of_stock","https://bayi.euro-mix.com.tr/Content/img/Stokpic/Normal/6599.png"
"euromix-stock","EL DUS 026-3","1234590914273","KARDELEN TEPE DUŞ BAŞLIĞI","EUROMIX","DUŞ TAKIMLARI","ADET","20.00","TRY","540.49","1111","in_stock","https://bayi.euro-mix.com.tr/Content/img/Stokpic/Normal/6601.png"
"euromix-stock","EL DUS 026-6","1234590920403","KARE TEPE DUŞ BAŞLIĞI","EUROMIX","DUŞ TAKIMLARI","ADET","20.00","TRY","341.64","881","in_stock","https://bayi.euro-mix.com.tr/Content/img/Stokpic/Normal/6602.png"
"euromix-stock","EL DUS 026-9","1234590925200","VENEDİK TEPE DUŞ BAŞLIĞI (başak)","EUROMIX","DUŞ TAKIMLARI","ADET","20.00","TRY","444.14","0","out_of_stock","https://bayi.euro-mix.com.tr/Content/img/Stokpic/Normal/6603.png"
"euromix-stock","EL DUS 026.0","","KARE TEPE DUŞ BAŞLIĞI KOMPLE SİYAH","EUROMIX","DUŞ TAKIMLARI","ADET","20.00","TRY","461.23","0","out_of_stock",""
"euromix-stock","EL DUS 027","1234590915805","KUBAR DÜZ EVYE BAŞLIĞI (QBORU)","EUROMIX","EL DUŞLARI","ADET","20.00","TRY","54.67","0","out_of_stock","https://bayi.euro-mix.com.tr/Content/img/Stokpic/Normal/6604.png"
"euromix-stock","EL DUS 029-2","1234590922483","ANKASTRE TEPE DUŞ BAŞLIĞI","EUROMIX","DUŞ TAKIMLARI","ADET","20.00","TRY","1.43","0","out_of_stock","https://bayi.euro-mix.com.tr/Content/img/Stokpic/Normal/6605.png"
"euromix-stock","EL DUS 029-3","1234590922964","KROM JOYİSTİK FONKSİYONLU BORU BAŞLIĞI (QBORU)","EUROMIX","EL DUŞLARI","ADET","20.00","TRY","54.67","1299","in_stock","https://bayi.euro-mix.com.tr/Content/img/Stokpic/Normal/6606.png"
"euromix-stock","EL DUS 029-4","1234590923541","PLASTİK JOYSTİCK FONKSİYONLU BORU BAŞLIĞI (QBORU)","EUROMIX","EL DUŞLARI","ADET","20.00","TRY","54.67","0","out_of_stock","https://bayi.euro-mix.com.tr/Content/img/Stokpic/Normal/6607.png"
"euromix-stock","EL DUS 029-5","1234590937159","BLİSTERLİ BEYAZ LÜX KUBAR BORU BAŞLIĞI (QBORU)","EUROMIX","EL DUŞLARI","ADET","20.00","TRY","58.77","0","out_of_stock","https://bayi.euro-mix.com.tr/Content/img/Stokpic/Normal/6608.png"
"euromix-stock","EL DUS 029-6","1234590937166","BRİSTERLİ KUBAR BORU BAŞLIĞI (QBORU)","EUROMIX","EL DUŞLARI","ADET","20.00","TRY","58.77","0","out_of_stock","https://bayi.euro-mix.com.tr/Content/img/Stokpic/Normal/6609.png"
"euromix-stock","EL DUS 029-7","1234590937173","BLİSTERLİ LÜX KUBAR BORU BAŞLIĞI (QBORU)","EUROMIX","EL DUŞLARI","ADET","20.00","TRY","61.50","0","out_of_stock","https://bayi.euro-mix.com.tr/Content/img/Stokpic/Normal/6610.png"
"euromix-stock","EL DUS 029-8","1234590941743","BLİSTERLİ ANKASTRE DUŞ BAŞLIĞI","EUROMIX","EL DUŞLARI","ADET","20.00","TRY","128.45","20","in_stock",""
"euromix-stock","EL DUS 029-9","","KUBAR BAŞLIĞI (HORTUMLU)","EUROMIX","DUŞ TAKIMLARI","ADET","20.00","TRY","75.16","1","in_stock",""
"euromix-stock","EL DUS 033","1234590919445","İKRA EL DUŞ BAŞLIĞI LÜX","EUROMIX","EL DUŞLARI","ADET","20.00","TRY","65.60","1644","in_stock","https://bayi.euro-mix.com.tr/Content/img/Stokpic/Normal/6611.png"
"euromix-stock","EL DUS 033-1","1234590919469","BLİSTER İKRA EL DUŞ BAŞLIĞI LÜX","EUROMIX","EL DUŞLARI","ADET","20.00","TRY","95.66","0","out_of_stock","https://bayi.euro-mix.com.tr/Content/img/Stokpic/Normal/6612.png"
"euromix-stock","EL DUS 034","1234590919452","SEMA EL DUŞ BAŞLIĞI LÜX","EUROMIX","EL DUŞLARI","ADET","20.00","TRY","102.50","3811","in_stock","https://bayi.euro-mix.com.tr/Content/img/Stokpic/Normal/6613.png"
"euromix-stock","EL DUS 035","1234590919483","MELDA EL DUŞ BAŞLIĞI LÜX","EUROMIX","EL DUŞLARI","ADET","20.00","TRY","109.33","55","in_stock","https://bayi.euro-mix.com.tr/Content/img/Stokpic/Normal/6615.png"
"euromix-stock","EL DUS 036","1234590919827","ALYANS EL DUŞ BAŞLIĞI LÜKS","EUROMIX","EL DUŞLARI","ADET","20.00","TRY","44.42","4384","in_stock","https://bayi.euro-mix.com.tr/Content/img/Stokpic/Normal/6616.png"
"euromix-stock","EL DUS 036-1","1234590919834","BLİSTER ALYANS EL DUŞ BAŞLIĞI LÜX","EUROMIX","EL DUŞLARI","ADET","20.00","TRY","94.30","0","out_of_stock","https://bayi.euro-mix.com.tr/Content/img/Stokpic/Normal/6617.png"
"euromix-stock","EL DUS 036-2","1234590925217","KUAFÖR EL DUŞ BAŞLIĞI","EUROMIX","EL DUŞLARI","ADET","20.00","TRY","307.49","156","in_stock","https://bayi.euro-mix.com.tr/Content/img/Stokpic/Normal/6618.png"
"euromix-stock","EL DUS 037","1234590923305","LÜX BERBER EL DUŞU","EUROMIX","EL DUŞLARI","ADET","20.00","TRY","218.65","0","out_of_stock","https://bayi.euro-mix.com.tr/Content/img/Stokpic/Normal/6619.png"
"euromix-stock","EL DUS 038","1234590922452","SEDEF EL DUŞ BAŞLIĞI","EUROMIX","EL DUŞLARI","ADET","20.00","TRY","42.37","0","out_of_stock","https://bayi.euro-mix.com.tr/Content/img/Stokpic/Normal/6620.png"
"euromix-stock","EL DUS 038-1","1234590937111","KUTULU SEDEF EL DUŞ BAŞLIĞI","EUROMIX","EL DUŞLARI","ADET","20.00","TRY","68.33","0","out_of_stock","https://bayi.euro-mix.com.tr/Content/img/Stokpic/Normal/6621.png"
"euromix-stock","EL DUS 039","1234590923411","KARE PLASTİK EL DUŞ BAŞLIĞI","EUROMIX","EL DUŞLARI","ADET","20.00","TRY","45.18","138","in_stock","https://bayi.euro-mix.com.tr/Content/img/Stokpic/Normal/6622.png"
"euromix-stock","EL DUS 041","1234590937104","PLASTİK ŞADDAF DUŞ BAŞLIĞI","EUROMIX","EL DUŞLARI","ADET","20.00","TRY","99.09","33","in_stock","https://bayi.euro-mix.com.tr/Content/img/Stokpic/Normal/6623.png"
"euromix-stock","EL DUS 045","1234590923084","ENDÜSTRİYEL EL DUŞU","EUROMIX","EL DUŞLARI","ADET","20.00","TRY","2340.14","6","in_stock","https://bayi.euro-mix.com.tr/Content/img/Stokpic/Normal/6624.png"
"euromix-stock","EL DUS 045-1","","EV TİPİ ENDÜSTRİYEL EL DUŞU","EUROMIX","EL DUŞLARI","ADET","20.00","TRY","928.20","8","in_stock",""
"euromix-stock","EL DUS 046","1234590939412","HUNİ KAFA PLASTİK ENDÜSTRİYEL BAŞLIK","EUROMIX","EL DUŞLARI","ADET","20.00","TRY","293.82","186","in_stock","https://bayi.euro-mix.com.tr/Content/img/Stokpic/Normal/6625.png"
"euromix-stock","EL DUS 047","1234590939542","SİYAH EL DUŞ BAŞLIĞI (PANTER)","EUROMIX","EL DUŞLARI","ADET","20.00","TRY","84.05","1055","in_stock","https://bayi.euro-mix.com.tr/Content/img/Stokpic/Normal/6626.png"
"euromix-stock","EL DUS 048","1234590939559","BLİSTER SİYAH EL DUŞ BAŞLIĞI (PANTER)","EUROMIX","EL DUŞLARI","ADET","20.00","TRY","127.78","0","out_of_stock","https://bayi.euro-mix.com.tr/Content/img/Stokpic/Normal/6627.png"
"euromix-stock","EL DUS 049","1234590940524","YENİ SİYAH EL DUŞ BAŞLIĞI","EUROMIX","EL DUŞLARI","ADET","20.00","TRY","40.99","1733","in_stock","https://bayi.euro-mix.com.tr/Content/img/Stokpic/Normal/6629.png"
"euromix-stock","EL DUS 050","1234590940623","KUTULU YENİ SİYAH EL DUŞ BAŞLIĞI LÜKS","EUROMIX","EL DUŞLARI","ADET","20.00","TRY","74.47","0","out_of_stock","https://bayi.euro-mix.com.tr/Content/img/Stokpic/Normal/6630.png"
"euromix-stock","EL DUS 052","1234590941040","LED Lİ EL DUŞU","EUROMIX","EL DUŞLARI","ADET","20.00","TRY","386.06","150","in_stock","https://bayi.euro-mix.com.tr/Content/img/Stokpic/Normal/6631.png"
"euromix-stock","EL DUS 053","1234590941231","BRİSTERLİ SEMA EL DUŞ BAŞLIĞI LÜX","EUROMIX","EL DUŞLARI","ADET","20.00","TRY","146.92","0","out_of_stock",""
"euromix-stock","EL DUS 056","","DEV BEYAZ EL DUŞ BAŞLIĞI LÜX","EUROMIX","EL DUŞLARI","ADET","20.00","TRY","78.57","1631","in_stock",""
"euromix-stock","EL DUS 057","","PRİNÇ ŞADDAF DUŞ BAŞLIĞI","EUROMIX","EL DUŞLARI","ADET","20.00","TRY","662.79","47","in_stock",""
"euromix-stock","EL DUS 058","","HÜMA EL DUŞ BAŞLIĞI LÜX","EUROMIX","DUŞ TAKIMLARI","ADET","20.00","TRY","132.55","1","in_stock",""
"euromix-stock","EL DUS 059","","BLİSTERLİ MELDA EL DUŞ BAŞLIĞI LÜX","EUROMIX","DUŞ TAKIMLARI","ADET","20.00","TRY","136.67","0","out_of_stock",""
"euromix-stock","ENG 001","1234590925224","30 CM ENGELLİ TUTUNMA BARI","EUROMIX","OTEL EKİPMANLARI","ADET","20.00","TRY","267.04","0","out_of_stock","https://bayi.euro-mix.com.tr/Content/img/Stokpic/Normal/6632.png"
"euromix-stock","ENG 002","1234590925231","40 CM ENGELLİ TUTUNMA BARI","EUROMIX","OTEL EKİPMANLARI","ADET","20.00","TRY","299.88","156","in_stock","https://bayi.euro-mix.com.tr/Content/img/Stokpic/Normal/6633.png"
"euromix-stock","ENG 003","1234590923947","50 CM ENGELLİ TUTUNMA BARI","EUROMIX","OTEL EKİPMANLARI","ADET","20.00","TRY","328.44","243","in_stock","https://bayi.euro-mix.com.tr/Content/img/Stokpic/Normal/6634.png"
"euromix-stock","ENG 004","1234590925248","60 CM ENGELLİ TUTUNMA BARI","EUROMIX","OTEL EKİPMANLARI","ADET","20.00","TRY","339.86","51","in_stock","https://bayi.euro-mix.com.tr/Content/img/Stokpic/Normal/6635.png"
"euromix-stock","ENG 005","1234590925255","20 CM ENGELLİ TUTUNMA BARI","EUROMIX","OTEL EKİPMANLARI","ADET","20.00","TRY","228.48","0","out_of_stock","https://bayi.euro-mix.com.tr/Content/img/Stokpic/Normal/6636.png"
"euromix-stock","ENG 006","1234590941071","MAFSALLI TUTUNMA BARI","EUROMIX","OTEL EKİPMANLARI","ADET","20.00","TRY","785.40","0","out_of_stock","https://bayi.euro-mix.com.tr/Content/img/Stokpic/Normal/6637.png"
"euromix-stock","EU 009","1234500001116","VAKUMLU TERKOZ TEPESİ PRİNÇ","EUROMIX","SARI MUSLUK TEPELERİ (TERKOZ)","ADET","20.00","TRY","107.10","0","out_of_stock","https://bayi.euro-mix.com.tr/Content/img/Stokpic/Normal/6638.png"
"euromix-stock","EU 009-2","1234590925279","TERKOZ TEPESİ (PRİNÇ)","EUROMIX","SARI MUSLUK TEPELERİ (TERKOZ)","ADET","20.00","TRY","78.02","0","out_of_stock","https://bayi.euro-mix.com.tr/Content/img/Stokpic/Normal/6639.png"
"euromix-stock","EU 010","1234590922346","BATARYA SOMUNU (prinç)","EUROMIX","YEDEK PARÇALAR","ADET","20.00","TRY","51.32","3458","in_stock","https://bayi.euro-mix.com.tr/Content/img/Stokpic/Normal/1970.png"
"euromix-stock","EU 014","1234590925293","PASLANMAZ BATARYA SOMUNU","EUROMIX","YEDEK PARÇALAR","ADET","20.00","TRY","19.82","14186","in_stock","https://bayi.euro-mix.com.tr/Content/img/Stokpic/Normal/1971.png"
"euromix-stock","EURO 001","8697742680441","40Ø EUROMİX KUĞU EVYE BATARYASI","EUROMIX","MENTAL SERİSİ","ADET","20.00","TRY","963.90","0","out_of_stock","https://bayi.euro-mix.com.tr/Content/img/Stokpic/Normal/6643.png"
"euromix-stock","EURO 002","8697742684852","40Ø EUROMİX KUĞU LAVABO BATARYASI","EUROMIX","MENTAL SERİSİ","ADET","20.00","TRY","963.90","0","out_of_stock","https://bayi.euro-mix.com.tr/Content/img/Stokpic/Normal/6644.png"
"euromix-stock","EURO 003","1234500001123","40Ø EUROMİX DÖNER EVYE BATARYASI (YATIK)","EUROMIX","MENTAL SERİSİ","ADET","20.00","TRY","1356.60","0","out_of_stock","https://bayi.euro-mix.com.tr/Content/img/Stokpic/Normal/6645.png"
"euromix-stock","EURO 003-1","1234590914259","40Ø EUROMİX DÖNER LAVABO BATARYASI (YATIK)","EUROMIX","MENTAL SERİSİ","ADET","20.00","TRY","1356.60","0","out_of_stock","https://bayi.euro-mix.com.tr/Content/img/Stokpic/Normal/6646.png"
"euromix-stock","EURO 004","8697742680434","40Ø EUROMİX BANYO BATARYASI","EUROMIX","MENTAL SERİSİ","ADET","20.00","TRY","1785.00","0","out_of_stock","https://bayi.euro-mix.com.tr/Content/img/Stokpic/Normal/6647.png"
"euromix-stock","EURO 005","1234500001130","40Ø EUROMİX LAVABO BATARYASI","EUROMIX","MENTAL SERİSİ","ADET","20.00","TRY","1356.60","0","out_of_stock","https://bayi.euro-mix.com.tr/Content/img/Stokpic/Normal/6648.png"
"euromix-stock","EURO 009","1234590915898","FOTOSELLİ LAVABO BATARYASI STE-1100","EUROMIX","CREATİV ÜRÜNLER","ADET","20.00","TRY","6384.74","1","in_stock","https://bayi.euro-mix.com.tr/Content/img/Stokpic/Normal/1979.png"
"euromix-stock","EURO 010","1234590925309","ÇİFTLİ ENDÜSTRİYEL MUTFAK BATARYASI","EUROMIX","CREATİV ÜRÜNLER","ADET","20.00","TRY","10161.13","1","in_stock","https://bayi.euro-mix.com.tr/Content/img/Stokpic/Normal/6649.png"
"euromix-stock","EURO 011","1234590913108","40Ø DELTA KUĞU EVYE BATARYASI","EUROMIX","DELTA SERİSİ","ADET","20.00","TRY","1142.40","0","out_of_stock","https://bayi.euro-mix.com.tr/Content/img/Stokpic/Normal/6650.png"
"euromix-stock","EURO 012","1234590913115","40Ø DELTA KUĞU LAVABO BATARYASI","EUROMIX","DELTA SERİSİ","ADET","20.00","TRY","1142.40","0","out_of_stock","https://bayi.euro-mix.com.tr/Content/img/Stokpic/Normal/6651.png"
"euromix-stock","EURO 013","1234590913504","40Ø DELTA BANYO BATARYASI","EUROMIX","DELTA SERİSİ","ADET","20.00","TRY","1713.60","0","out_of_stock","https://bayi.euro-mix.com.tr/Content/img/Stokpic/Normal/6652.png"
"euromix-stock","EURO 016","1234590915508","40Ø SPECTRA BANYO BATARYASI","EUROMIX","SPECTRA SERİSİ","ADET","20.00","TRY","1892.10","57","in_stock","https://bayi.euro-mix.com.tr/Content/img/Stokpic/Normal/6653.png"
"euromix-stock","EURO 017","1234590915515","40Ø SPECTRA KUĞU LAVABO BATARYASI","EUROMIX","SPECTRA SERİSİ","ADET","20.00","TRY","1170.96","65","in_stock","https://bayi.euro-mix.com.tr/Content/img/Stokpic/Normal/6654.png"
"euromix-stock","EURO 018","1234590915522","40Ø SPECTRA KUĞU EVYE BATARYASI","EUROMIX","SPECTRA SERİSİ","ADET","20.00","TRY","1170.96","168","in_stock","https://bayi.euro-mix.com.tr/Content/img/Stokpic/Normal/6655.png"
"euromix-stock","EURO 019","1234590915577","40Ø SPECTRA YÜKSEK LAVABO BATARYASI","EUROMIX","SPECTRA SERİSİ","ADET","20.00","TRY","1785.00","0","out_of_stock","https://bayi.euro-mix.com.tr/Content/img/Stokpic/Normal/6656.png"
"euromix-stock","EURO 020","1234590915041","40Ø EUROMİX APLİKE EVYE BATARYASI (DUVARDAN)","EUROMIX","MENTAL SERİSİ","ADET","20.00","TRY","1499.40","0","out_of_stock","https://bayi.euro-mix.com.tr/Content/img/Stokpic/Normal/6657.png"
"euromix-stock","EURO 021","1234590916628","40Ø BEDENSEL ENGELLİ VE DOKTOR LAVABO BATARYASI","EUROMIX","CREATİV ÜRÜNLER","ADET","20.00","TRY","1642.20","25","in_stock","https://bayi.euro-mix.com.tr/Content/img/Stokpic/Normal/6658.png"
"euromix-stock","EURO 024","1234590917281","35Ø KULE LAVABO BATARYASI","EUROMIX","BATARYALAR","ADET","20.00","TRY","3889.97","0","out_of_stock","https://bayi.euro-mix.com.tr/Content/img/Stokpic/Normal/6660.png"
"euromix-stock","EURO 025","1234590917298","35Ø ORKA KUĞU EVYE BATARYASI L BORULU","EUROMIX","ORKA SERİSİ","ADET","20.00","TRY","3818.12","3","in_stock","https://bayi.euro-mix.com.tr/Content/img/Stokpic/Normal/6661.png"
"euromix-stock","EURO 026","1234590917304","35Ø KULE BANYO BATARYASI","EUROMIX","BATARYALAR","ADET","20.00","TRY","3766.81","0","out_of_stock","https://bayi.euro-mix.com.tr/Content/img/Stokpic/Normal/6662.png"
"euromix-stock","EURO 028","1234590918110","SPİRALLİ EVYE BATARYASI (berber)","EUROMIX","BATARYALAR","ADET","20.00","TRY","2135.99","1","in_stock","https://bayi.euro-mix.com.tr/Content/img/Stokpic/Normal/1994.png"
"euromix-stock","EURO 029","1234590918714","40Ø EUROMİX ÜSTTEN BORULU APLİKE EVYE BATARYASI","EUROMIX","MENTAL SERİSİ","ADET","20.00","TRY","1806.42","0","out_of_stock","https://bayi.euro-mix.com.tr/Content/img/Stokpic/Normal/6663.png"
"euromix-stock","EURO 035","1234590919964","35Ø KULE KUĞU EVYE BATARYASI","EUROMIX","BATARYALAR","ADET","20.00","TRY","3623.10","1","in_stock","https://bayi.euro-mix.com.tr/Content/img/Stokpic/Normal/6664.png"
"euromix-stock","EURO 037","1234590919599","HUNİ SPİRALLİ KUGU EVYE BATARYASI (GİZLİ HORTUM)","EUROMIX","CREATİV ÜRÜNLER","ADET","20.00","TRY","3941.28","2","in_stock","https://bayi.euro-mix.com.tr/Content/img/Stokpic/Normal/6665.png"
"euromix-stock","EURO 039","1234590919612","ANKASTRE KUAFÖR BATARYASI","EUROMIX","CREATİV ÜRÜNLER","ADET","20.00","TRY","2070.60","0","out_of_stock","https://bayi.euro-mix.com.tr/Content/img/Stokpic/Normal/2000.png"
"euromix-stock","EURO 040","1234500004261","35Ø KARE BANYO BATARYASI","EUROMIX","KARE SERİSİ","ADET","20.00","TRY","2356.20","0","out_of_stock","https://bayi.euro-mix.com.tr/Content/img/Stokpic/Normal/6666.png"
"euromix-stock","EURO 041","1234500004278","35Ø KARE KUĞU EVYE BATARYASI","EUROMIX","KARE SERİSİ","ADET","20.00","TRY","3274.15","0","out_of_stock","https://bayi.euro-mix.com.tr/Content/img/Stokpic/Normal/6667.png"
"euromix-stock","EURO 042","1234500004285","35Ø KARE LAVABO BATARYASI","EUROMIX","KARE SERİSİ","ADET","20.00","TRY","2884.12","151","in_stock","https://bayi.euro-mix.com.tr/Content/img/Stokpic/Normal/6668.png"
"euromix-stock","EURO 043","1234590922841","ÇANAK LAVABO BATARYASI","EUROMIX","CREATİV ÜRÜNLER","ADET","20.00","TRY","3370.08","2","in_stock","https://bayi.euro-mix.com.tr/Content/img/Stokpic/Normal/6669.png"
"euromix-stock","EURO 044","1234590922445","ŞADDAF BATARYA","EUROMIX","FUNDA SERİSİ","ADET","20.00","TRY","1213.80","8","in_stock","https://bayi.euro-mix.com.tr/Content/img/Stokpic/Normal/6670.png"
"euromix-stock","EURO 045","1234590922650","35Ø KULE L BANYO BATARYASI","EUROMIX","BATARYALAR","ADET","20.00","TRY","4495.53","0","out_of_stock","https://bayi.euro-mix.com.tr/Content/img/Stokpic/Normal/6671.png"
"euromix-stock","EURO 046","1234590922858","35Ø KULE EVYE BATARYASI L BORULU","EUROMIX","BATARYALAR","ADET","20.00","TRY","3623.10","14","in_stock","https://bayi.euro-mix.com.tr/Content/img/Stokpic/Normal/6673.png"
"euromix-stock","EURO 047","1234590922865","35Ø KULE LAVABO BATARYASI L BORULU","EUROMIX","BATARYALAR","ADET","20.00","TRY","3498.60","16","in_stock","https://bayi.euro-mix.com.tr/Content/img/Stokpic/Normal/6674.png"
"euromix-stock","EURO 048","1234590922667","35Ø KULE DUŞ BATARYASI","EUROMIX","BATARYALAR","ADET","20.00","TRY","2845.11","5","in_stock","https://bayi.euro-mix.com.tr/Content/img/Stokpic/Normal/6675.png"
"euromix-stock","EURO 049","1234590922674","35Ø KULE APLİKE EVYE BATARYASI","EUROMIX","BATARYALAR","ADET","20.00","TRY","3588.21","0","out_of_stock","https://bayi.euro-mix.com.tr/Content/img/Stokpic/Normal/6676.png"
"euromix-stock","EURO 050","1234590922681","35Ø ORKA LAVABO BATARYASI","EUROMIX","ORKA SERİSİ","ADET","20.00","TRY","4095.25","0","out_of_stock","https://bayi.euro-mix.com.tr/Content/img/Stokpic/Normal/6677.png"
"euromix-stock","EURO 051","1234590922698","35Ø ORKA BANYO BATARYASI","EUROMIX","ORKA SERİSİ","ADET","20.00","TRY","3766.81","2","in_stock","https://bayi.euro-mix.com.tr/Content/img/Stokpic/Normal/6678.png"
"euromix-stock","EURO 063","1234590922803","35Ø ORKA APLİK EVYE BATARYASI","EUROMIX","ORKA SERİSİ","ADET","20.00","TRY","3588.21","0","out_of_stock","https://bayi.euro-mix.com.tr/Content/img/Stokpic/Normal/6679.png"
"euromix-stock","EURO 064","1234590922810","35Ø KARE APLİKE EVYE BATARYASI","EUROMIX","KARE SERİSİ","ADET","20.00","TRY","3602.59","0","out_of_stock","https://bayi.euro-mix.com.tr/Content/img/Stokpic/Normal/6680.png"
"euromix-stock","EURO 066","1234590931454","FOTOSELLİ LAVABO BATARYASI STE-1900","EUROMIX","CREATİV ÜRÜNLER","ADET","20.00","TRY","6747.57","0","out_of_stock","https://bayi.euro-mix.com.tr/Content/img/Stokpic/Normal/6682.png"
"euromix-stock","EURO 068","1234590925323","ENDÜSTRİYEL MUTFAK BATARYASI (tekli)","EUROMIX","CREATİV ÜRÜNLER","ADET","20.00","TRY","7954.41","7","in_stock","https://bayi.euro-mix.com.tr/Content/img/Stokpic/Normal/6683.png"
"euromix-stock","EURO 070","1234590923664","35Ø LOTUS UZUN KUĞU EVYE BATARYASI","EUROMIX","LOTUS SERİSİ","ADET","20.00","TRY","1570.80","0","out_of_stock","https://bayi.euro-mix.com.tr/Content/img/Stokpic/Normal/6685.png"
"euromix-stock","EURO 071","1234590923671","35Ø LOTUS LAVABO BATARYASI","EUROMIX","LOTUS SERİSİ","ADET","20.00","TRY","1927.80","95","in_stock","https://bayi.euro-mix.com.tr/Content/img/Stokpic/Normal/6686.png"
"euromix-stock","EURO 081","1234590923770","GOLD DELTA BANYO BATARYASI","EUROMIX","GOLD SERİSİ","ADET","20.00","TRY","2713.20","5","in_stock","https://bayi.euro-mix.com.tr/Content/img/Stokpic/Normal/6696.png"
"euromix-stock","EURO 082","1234590923787","GOLD DELTA KUĞU EVYE BATARYASI","EUROMIX","GOLD SERİSİ","ADET","20.00","TRY","2142.00","57","in_stock","https://bayi.euro-mix.com.tr/Content/img/Stokpic/Normal/6697.png"
"euromix-stock","EURO 083","1234590923794","GOLD DELTA KUĞU LAVABO BATARYASI","EUROMIX","GOLD SERİSİ","ADET","20.00","TRY","2142.00","34","in_stock","https://bayi.euro-mix.com.tr/Content/img/Stokpic/Normal/6698.png"
"euromix-stock","EURO 084","1234590923855","GOLD LOTUS BANYO BATARYASI","EUROMIX","GOLD SERİSİ","ADET","20.00","TRY","3074.84","0","out_of_stock","https://bayi.euro-mix.com.tr/Content/img/Stokpic/Normal/6699.png"
"euromix-stock","EURO 085","1234590923862","GOLD LOTUS KUĞU EVYE BATARYASI","EUROMIX","GOLD SERİSİ","ADET","20.00","TRY","2596.54","8","in_stock","https://bayi.euro-mix.com.tr/Content/img/Stokpic/Normal/6700.png"
"euromix-stock","EURO 086","1234590923879","GOLD LOTUS KUĞU LAVABO BATARYASI","EUROMIX","GOLD SERİSİ","ADET","20.00","TRY","2596.54","29","in_stock","https://bayi.euro-mix.com.tr/Content/img/Stokpic/Normal/6701.png"
"euromix-stock","EURO 089","1234590924258","35Ø LOTUS BANYO BATARYASI","EUROMIX","LOTUS SERİSİ","ADET","20.00","TRY","2177.70","141","in_stock","https://bayi.euro-mix.com.tr/Content/img/Stokpic/Normal/6704.png"
"euromix-stock","EURO 094","1234590923978","40Ø DELTA SABİT LAVABO BATARYASI","EUROMIX","DELTA SERİSİ","ADET","20.00","TRY","1570.80","1","in_stock","https://bayi.euro-mix.com.tr/Content/img/Stokpic/Normal/6709.png"
"euromix-stock","EURO 097","1234590924135","GOLD & SİYAH LOTUS LAVABO BATARYASI","EUROMIX","GOLD & BLACK SERİSİ","ADET","20.00","TRY","2254.88","0","out_of_stock","https://bayi.euro-mix.com.tr/Content/img/Stokpic/Normal/6712.png"
"euromix-stock","EURO 098","1234590924128","İNOX PASLANMAZ EVYE BATARYASI","EUROMIX","CREATİV ÜRÜNLER","ADET","20.00","TRY","2554.17","7","in_stock","https://bayi.euro-mix.com.tr/Content/img/Stokpic/Normal/6713.png"
"euromix-stock","EURO 100","1234590925330","FOTOSELLİ LAVABO BATARYASI RM-1800","EUROMIX","CREATİV ÜRÜNLER","ADET","20.00","TRY","6832.98","0","out_of_stock","https://bayi.euro-mix.com.tr/Content/img/Stokpic/Normal/6715.png"
"euromix-stock","EURO 101","1234590925347","FOTOSELLİ LAVABO BATARYASI RM-1840","EUROMIX","CREATİV ÜRÜNLER","ADET","20.00","TRY","6384.74","1","in_stock","https://bayi.euro-mix.com.tr/Content/img/Stokpic/Normal/6716.png"
"euromix-stock","EURO 105","1234590925378","KROM SPİRALLİ (T) EVYE BATARYASI (GİZLİ HORTUM)","EUROMIX","CREATİV ÜRÜNLER","ADET","20.00","TRY","3941.28","0","out_of_stock","https://bayi.euro-mix.com.tr/Content/img/Stokpic/Normal/6718.png"
"euromix-stock","EURO 108","1234590925880","35Ø LOTUS KISA KUĞU LAVAVO BATARYASI","EUROMIX","LOTUS SERİSİ","ADET","20.00","TRY","1570.80","90","in_stock","https://bayi.euro-mix.com.tr/Content/img/Stokpic/Normal/6719.png"
"euromix-stock","EURO 109","1234590926498","MARS BANYO BATARYASI","EUROMIX","MARS SERİSİ","ADET","20.00","TRY","2142.00","0","out_of_stock","https://bayi.euro-mix.com.tr/Content/img/Stokpic/Normal/6720.png"
"euromix-stock","EURO 110","1234590925897","MARS LAVABO BATARYASI","EUROMIX","MARS SERİSİ","ADET","20.00","TRY","1713.60","0","out_of_stock","https://bayi.euro-mix.com.tr/Content/img/Stokpic/Normal/6721.png"
"euromix-stock","EURO 111","1234590925903","MARS KUĞU LAVABO BATARYASI","EUROMIX","MARS SERİSİ","ADET","20.00","TRY","1570.80","84","in_stock","https://bayi.euro-mix.com.tr/Content/img/Stokpic/Normal/6722.png"
"euromix-stock","EURO 112","1234590925910","MARS KUĞU EVYE BATARYASI","EUROMIX","MARS SERİSİ","ADET","20.00","TRY","1570.80","0","out_of_stock","https://bayi.euro-mix.com.tr/Content/img/Stokpic/Normal/6723.png"
"euromix-stock","EURO 113","1234590925934","GOLD DELTA LAVABO BATARYASI","EUROMIX","GOLD SERİSİ","ADET","20.00","TRY","2459.87","66","in_stock","https://bayi.euro-mix.com.tr/Content/img/Stokpic/Normal/6724.png"
"euromix-stock","EURO 114","1234590926153","GOLD & SİYAH DELTA LAVABO BATARYASI","EUROMIX","GOLD & BLACK SERİSİ","ADET","20.00","TRY","2254.88","0","out_of_stock","https://bayi.euro-mix.com.tr/Content/img/Stokpic/Normal/6725.png"
"euromix-stock","EURO 118","1234590930761","40Ø EUROMİX YÜKSEK LAVABO BATARYASI","EUROMIX","MENTAL SERİSİ","ADET","20.00","TRY","1642.20","0","out_of_stock","https://bayi.euro-mix.com.tr/Content/img/Stokpic/Normal/6726.png"
"euromix-stock","EURO 120","1234590930785","MEGAMİX 40Ø ÜSTTEN BORULU APLİKE EVYE BATARYASI","EUROMIX","MEGAMİX SERİSİ","ADET","20.00","TRY","1507.97","0","out_of_stock","https://bayi.euro-mix.com.tr/Content/img/Stokpic/Normal/6727.png"
"euromix-stock","EURO 123","1234590934240","KROM & SİYAH DELTA UZUN EVYE BATARYASI (KUGU)","EUROMIX","KROM & BLACK SERİSİ","ADET","20.00","TRY","1285.20","85","in_stock","https://bayi.euro-mix.com.tr/Content/img/Stokpic/Normal/6728.png"
"euromix-stock","EURO 125","1234590934264","KROM & SİYAH LOTUS LAVABO BATARYASI","EUROMIX","KROM & BLACK SERİSİ","ADET","20.00","TRY","1856.40","1","in_stock","https://bayi.euro-mix.com.tr/Content/img/Stokpic/Normal/3506.png"
"euromix-stock","EURO 126","1234590934257","KROM & SİYAH LOTUS BANYO BATARYASI","EUROMIX","KROM & BLACK SERİSİ","ADET","20.00","TRY","1927.80","0","out_of_stock","https://bayi.euro-mix.com.tr/Content/img/Stokpic/Normal/3507.png"
"euromix-stock","EURO 127","1234590934226","KROM & BEYAZ LOTUS BANYO BATARYASI","EUROMIX","KROM & BEYAZ SERİSİ","ADET","20.00","TRY","1927.80","5","in_stock","https://bayi.euro-mix.com.tr/Content/img/Stokpic/Normal/3508.png"
"euromix-stock","EURO 128","1234590934233","KROM & BEYAZ LOTUS LAVABO BATARYASI","EUROMIX","KROM & BEYAZ SERİSİ","ADET","20.00","TRY","1927.80","0","out_of_stock","https://bayi.euro-mix.com.tr/Content/img/Stokpic/Normal/3511.png"
"euromix-stock","EURO 130","1234590939566","KROM & SİYAH DELTA BANYO BATARYASI","EUROMIX","KROM & BLACK SERİSİ","ADET","20.00","TRY","1856.40","70","in_stock","https://bayi.euro-mix.com.tr/Content/img/Stokpic/Normal/3518.png"
"euromix-stock","EURO 131","1234590934455","ÇANAK LAVABO BATARYASI ALTIN","EUROMIX","CREATİV ÜRÜNLER","ADET","20.00","TRY","4005.54","4","in_stock","https://bayi.euro-mix.com.tr/Content/img/Stokpic/Normal/3524.png"
"euromix-stock","EURO 132","1234590934530","MEGAMİX 40Ø DELTA UZUN EVYE BATARYASI (KUGU)","EUROMIX","MEGAMİX SERİSİ","ADET","20.00","TRY","942.48","0","out_of_stock","https://bayi.euro-mix.com.tr/Content/img/Stokpic/Normal/3526.png"
"euromix-stock","EURO 133","1234590939382","MEGAMİX 40Ø DELTA KISA LAVABO BATARYASI (KUGU)","EUROMIX","MEGAMİX SERİSİ","ADET","20.00","TRY","942.48","130","in_stock","https://bayi.euro-mix.com.tr/Content/img/Stokpic/Normal/3527.png"
"euromix-stock","EURO 134","1234590934578","35Ø ORKA DUŞ BATARYASI","EUROMIX","ORKA SERİSİ","ADET","20.00","TRY","2845.11","0","out_of_stock","https://bayi.euro-mix.com.tr/Content/img/Stokpic/Normal/6729.png"
"euromix-stock","EURO 135","1234590934585","35Ø ORKA KUĞU EVYE BATARYASI","EUROMIX","ORKA SERİSİ","ADET","20.00","TRY","3818.12","0","out_of_stock","https://bayi.euro-mix.com.tr/Content/img/Stokpic/Normal/6730.png"
"euromix-stock","EURO 136","1234590934592","35Ø ORKA KUĞU LAVABO BATARYASI","EUROMIX","ORKA SERİSİ","ADET","20.00","TRY","3927.00","0","out_of_stock","https://bayi.euro-mix.com.tr/Content/img/Stokpic/Normal/6731.png"
"euromix-stock","EURO 137","1234590934608","35Ø ORKA KUĞU LAVABO BATARYASI L BORULU","EUROMIX","ORKA SERİSİ","ADET","20.00","TRY","3818.12","2","in_stock","https://bayi.euro-mix.com.tr/Content/img/Stokpic/Normal/6732.png"
"euromix-stock","EURO 163","1234590938316","MEGA SİYAH 40Ø DELTA UZUN EVYE BATARYASI","EUROMIX","MEGAMİX SERİSİ","ADET","20.00","TRY","1085.28","129","in_stock","https://bayi.euro-mix.com.tr/Content/img/Stokpic/Normal/6753.png"
"euromix-stock","EURO 163-1","1234590940159","MEGA BEYAZ 40Ø DELTA UZUN EVYE BATARYASI","EUROMIX","MEGAMİX SERİSİ","ADET","20.00","TRY","1085.28","0","out_of_stock","https://bayi.euro-mix.com.tr/Content/img/Stokpic/Normal/6754.png"
"euromix-stock","EURO 166","1234590939085","MEGA SİYAH DELTA KISA KUĞU LAVABO BATARYASI 40 LIK","EUROMIX","MEGAMİX SERİSİ","ADET","20.00","TRY","1085.28","30","in_stock","https://bayi.euro-mix.com.tr/Content/img/Stokpic/Normal/6757.png"
"euromix-stock","EURO 166-1","1234590940166","MEGA BEYAZ DELTA KISA KUĞU LAVABO BATARYASI 40 LIK","EUROMIX","MEGAMİX SERİSİ","ADET","20.00","TRY","1085.28","28","in_stock","https://bayi.euro-mix.com.tr/Content/img/Stokpic/Normal/6758.png"
"euromix-stock","EURO 174","1234590940029","EUROMIX 35Ø VISTA EVYE BATARYASI","EUROMIX","BATARYALAR","ADET","20.00","TRY","1356.60","7","in_stock","https://bayi.euro-mix.com.tr/Content/img/Stokpic/Normal/6766.png"
"euromix-stock","EURO 182","1234590939573","KROM & SİYAH DELTA KISA KUĞU LAVABO BATARYASI","EUROMIX","KROM & BLACK SERİSİ","ADET","20.00","TRY","1285.20","60","in_stock","https://bayi.euro-mix.com.tr/Content/img/Stokpic/Normal/6774.png"
"euromix-stock","EURO 184","1234590939870","EUROMIX 35Ø RODYUM DUŞ BATARYASI","EUROMIX","RODYUM SERİSİ","ADET","20.00","TRY","1785.00","0","out_of_stock","https://bayi.euro-mix.com.tr/Content/img/Stokpic/Normal/6776.png"
"euromix-stock","EURO 185","1234590939931","EUROMIX 35Ø VEGA MIX EVYE BATARYASI","EUROMIX","BATARYALAR","ADET","20.00","TRY","1785.00","0","out_of_stock","https://bayi.euro-mix.com.tr/Content/img/Stokpic/Normal/6777.png"
"euromix-stock","EURO 186","1234590940531","KROM ARITMALI EVYE BATARYASI 3 YOLLU(2 PERLATÖRLÜ)","EUROMIX","ARITMA MUSLUKLARI","ADET","20.00","TRY","2713.20","0","out_of_stock","https://bayi.euro-mix.com.tr/Content/img/Stokpic/Normal/6778.png"
"euromix-stock","EURO 187","1234590941774","ANKASTRE 3 YÖNLÜ YUV. ANKASTRE BANYO BATARYASI SET","EUROMIX","CREATİV ÜRÜNLER","ADET","20.00","TRY","5876.37","0","out_of_stock","https://bayi.euro-mix.com.tr/Content/img/Stokpic/Normal/6779.png"
"euromix-stock","EURO 188","1234590941101","ANKASTRE 3 YÖNLÜ KARE ANKASTRE BANYO BATARYASI SET","EUROMIX","CREATİV ÜRÜNLER","ADET","20.00","TRY","5432.21","1","in_stock","https://bayi.euro-mix.com.tr/Content/img/Stokpic/Normal/6780.png"
"euromix-stock","EURO 189","1234590940449","KROM & BEYAZ DELTA BANYO BATARYASI","EUROMIX","GOLD & WHİTE SERİSİ","ADET","20.00","TRY","1713.60","8","in_stock","https://bayi.euro-mix.com.tr/Content/img/Stokpic/Normal/6781.png"
"euromix-stock","EURO 190","1234590940470","KROM & BEYAZ DELTA KUĞU EVYE BATARYASI","EUROMIX","GOLD & WHİTE SERİSİ","ADET","20.00","TRY","1213.80","0","out_of_stock","https://bayi.euro-mix.com.tr/Content/img/Stokpic/Normal/6782.png"
"euromix-stock","EURO 191","1234590940463","KROM & BEYAZ DELTA KUĞU LAVABO BATARYASI","EUROMIX","GOLD & WHİTE SERİSİ","ADET","20.00","TRY","1213.80","9","in_stock","https://bayi.euro-mix.com.tr/Content/img/Stokpic/Normal/6783.png"
"euromix-stock","EURO 192","1234590940326","KROM & SİYAH DELTA LAVABO BATARYASI","EUROMIX","KROM & BLACK SERİSİ","ADET","20.00","TRY","1570.80","0","out_of_stock","https://bayi.euro-mix.com.tr/Content/img/Stokpic/Normal/6784.png"
"euromix-stock","EURO 193","1234590940333","KROM & BEYAZ DELTA LAVABO BATARYASI","EUROMIX","GOLD & BLACK SERİSİ","ADET","20.00","TRY","1570.80","1","in_stock","https://bayi.euro-mix.com.tr/Content/img/Stokpic/Normal/6785.png"
"euromix-stock","EURO 195","1234590941781","FOTOSELLİ LAVABO BATARYASI","EUROMIX","CREATİV ÜRÜNLER","ADET","20.00","TRY","6081.35","0","out_of_stock",""
"euromix-stock","EURO 196","1234590940678","KROM & BEYAZ LOTUS KUĞU LAVABO BATARYASI","EUROMIX","KROM & BEYAZ SERİSİ","ADET","20.00","TRY","1927.80","0","out_of_stock",""
"euromix-stock","EURO 197","1234590940661","KROM & BEYAZ LOTUS KUĞU EVYE BATARYASI","EUROMIX","KROM & BEYAZ SERİSİ","ADET","20.00","TRY","1927.80","11","in_stock",""
"euromix-stock","EURO 198","1234590940647","KROM & SİYAH LOTUS KUĞU LAVABO BATARYASI","EUROMIX","KROM & BLACK SERİSİ","ADET","20.00","TRY","1927.80","3","in_stock","https://bayi.euro-mix.com.tr/Content/img/Stokpic/Normal/6787.png"
"euromix-stock","EURO 199","1234590940654","KROM & SİYAH LOTUS KUĞU EVYE BATARYASI","EUROMIX","KROM & BLACK SERİSİ","ADET","20.00","TRY","1927.80","0","out_of_stock","https://bayi.euro-mix.com.tr/Content/img/Stokpic/Normal/6788.png"
"euromix-stock","EURO 200","1234590940586","FOTOSELLİ LAVABO BATARYASI STE-1170 (KABLOLU)","EUROMIX","CREATİV ÜRÜNLER","ADET","20.00","TRY","8882.88","0","out_of_stock",""
"euromix-stock","EURO 201","1234590941798","ANKASTRE KARE LAVABO BATARYASI","EUROMIX","CREATİV ÜRÜNLER","ADET","20.00","TRY","3928.97","4","in_stock",""
"euromix-stock","EURO 202","1234590940739","KROM KONİK SPİRALLİ EVYE BATARYASI (GİZLİ HORTUM)","EUROMIX","CREATİV ÜRÜNLER","ADET","20.00","TRY","3941.28","6","in_stock","https://bayi.euro-mix.com.tr/Content/img/Stokpic/Normal/6789.png"
"euromix-stock","EURO 203","1234590940746","BEYAZ KONİK SPİRALLİ EVYE BATARYASI (GİZLİ HORTUM)","EUROMIX","CREATİV ÜRÜNLER","ADET","20.00","TRY","4141.20","0","out_of_stock","https://bayi.euro-mix.com.tr/Content/img/Stokpic/Normal/6790.png"
"euromix-stock","EURO 204","1234590940753","SİYAH KONİK SPİRALLİ EVYE BATARYASI (GİZLİ HORTUM)","EUROMIX","CREATİV ÜRÜNLER","ADET","20.00","TRY","4341.57","2","in_stock","https://bayi.euro-mix.com.tr/Content/img/Stokpic/Normal/6791.png"
"euromix-stock","EURO 205","1234590940760","BEYAZ SPİRALLİ (T) EVYE BATARYASI (GİZLİ HORTUM)","EUROMIX","CREATİV ÜRÜNLER","ADET","20.00","TRY","4141.20","9","in_stock","https://bayi.euro-mix.com.tr/Content/img/Stokpic/Normal/6792.png"
"euromix-stock","EURO 206","1234590940777","SİYAH SPİRALLİ (T) EVYE BATARYASI (GİZLİ HORTUM)","EUROMIX","CREATİV ÜRÜNLER","ADET","20.00","TRY","4141.20","4","in_stock","https://bayi.euro-mix.com.tr/Content/img/Stokpic/Normal/8202.png"
"euromix-stock","EURO 207","1234590940784","SPİRALLİ (YENİ) EVYE BATARYASI (GİZLİ HORTUM)","EUROMIX","CREATİV ÜRÜNLER","ADET","20.00","TRY","3941.28","0","out_of_stock","https://bayi.euro-mix.com.tr/Content/img/Stokpic/Normal/6793.png"
"euromix-stock","EURO 208","1234590941057","ÇANAK LAVABO BATARYASI BEYAZ","EUROMIX","CREATİV ÜRÜNLER","ADET","20.00","TRY","3598.56","8","in_stock",""
"euromix-stock","EURO 209","1234590940869","ÇANAK LAVABO BATARYASI SİYAH","EUROMIX","CREATİV ÜRÜNLER","ADET","20.00","TRY","3598.56","6","in_stock",""
"euromix-stock","EURO 210","1234590941255","ARITMAL EVYE BATARYASI 3 YOLLU(2 PERLATÖRLÜ) SİYAH","EUROMIX","ARITMA MUSLUKLARI","ADET","20.00","TRY","2976.49","55","in_stock","https://bayi.euro-mix.com.tr/Content/img/Stokpic/Normal/6794.png"
"euromix-stock","EURO 212","1234590941811","ARIT. EVYE BATARYASI 3 YOLLU ÇİFT PERTÖR KROM/FÜME","EUROMIX","ARITMA MUSLUKLARI","ADET","20.00","TRY","2356.20","0","out_of_stock",""
"euromix-stock","EURO 214","1234590941262","ARITMAL EVYE BATARYASI 3 YOLLU(2 PERLATÖRLÜ) BEYAZ","EUROMIX","ARITMA MUSLUKLARI","ADET","20.00","TRY","2977.38","23","in_stock",""
"euromix-stock","EURO 215","1234590941170","GOLD ARITMALI EVYE BATARYASI 3 YOLLU(2 PERLATÖRLÜ)","EUROMIX","ARITMA MUSLUKLARI","ADET","20.00","TRY","3284.40","8","in_stock",""
"euromix-stock","EURO 216","1234590941828","FOTOSELLİ LAVABO BATARYASI RM-1750 (YANDAN KOLLU)","EUROMIX","CREATİV ÜRÜNLER","ADET","20.00","TRY","8349.90","0","out_of_stock",""
"euromix-stock","EURO 218","","ENDÜSTRİYEL MUTFAK BATARYASI (tekli) siyah","EUROMIX","CREATİV ÜRÜNLER","ADET","20.00","TRY","4516.06","2","in_stock",""
"euromix-stock","EURO 219","","KÜVET BATARYASI","EUROMIX","CREATİV ÜRÜNLER","ADET","20.00","TRY","12316.50","0","out_of_stock","https://bayi.euro-mix.com.tr/Content/img/Stokpic/Normal/8208.png"
"euromix-stock","EURO 220","","HAMAM TASI SİYAH","EUROMIX","CREATİV ÜRÜNLER","ADET","20.00","TRY","856.80","0","out_of_stock",""
"euromix-stock","EURO 41-1","1234590941835","35Ø KARE KUĞU LAVABO BATARYASI","EUROMIX","KARE SERİSİ","ADET","20.00","TRY","3274.15","0","out_of_stock",""
"euromix-stock","EV 002","1234590916758","TERMOSİFON EMNİYET VENTİLİ","EUROMIX","SARI FİTTİNGSLER","ADET","20.00","TRY","277.13","1023","in_stock","https://bayi.euro-mix.com.tr/Content/img/Stokpic/Normal/6795.png"
"euromix-stock","EV 003","1234590916765","TERMOSİFON EMNİYET VENTİLİ (MANDALLI)","EUROMIX","SARI FİTTİNGSLER","ADET","20.00","TRY","307.93","794","in_stock","https://bayi.euro-mix.com.tr/Content/img/Stokpic/Normal/6796.png"
"euromix-stock","EV 004","1234590919896","SABİT AYAR EMNİYET VENTİLİ 1/2 DEN 6 BAR`A","EUROMIX","SARI FİTTİNGSLER","ADET","20.00","TRY","359.23","84","in_stock","https://bayi.euro-mix.com.tr/Content/img/Stokpic/Normal/6797.png"
"euromix-stock","EV 005","1234590919902","SABİT AYAR EMNİYET VENTİLİ 1/2 DEN 8 BAR`A","EUROMIX","SARI FİTTİNGSLER","ADET","20.00","TRY","359.23","85","in_stock","https://bayi.euro-mix.com.tr/Content/img/Stokpic/Normal/6798.png"
"euromix-stock","EV 006","1234590921073","1/2 KOMPRESÖR VENTİLİ","EUROMIX","SARI FİTTİNGSLER","ADET","20.00","TRY","221.34","127","in_stock","https://bayi.euro-mix.com.tr/Content/img/Stokpic/Normal/6799.png"
"euromix-stock","EV 007","1234590940401","SABİT AYAR EMNİYET VENTİLİ 1/2 DEN 3 BAR`A","EUROMIX","SARI FİTTİNGSLER","ADET","20.00","TRY","359.23","112","in_stock","https://bayi.euro-mix.com.tr/Content/img/Stokpic/Normal/6800.png"
"euromix-stock","EV 008","1234590941842","SABİT AYAR EMNİYET VENTİLİ 3/4 DEN 3 BAR`A","EUROMIX","SARI FİTTİNGSLER","ADET","20.00","TRY","390.03","75","in_stock","https://bayi.euro-mix.com.tr/Content/img/Stokpic/Normal/6801.png"
"euromix-stock","EV 009","1234590941859","SABİT AYAR EMNİYET VENTİLİ 3/4 DEN 6 BAR`A","EUROMIX","SARI FİTTİNGSLER","ADET","20.00","TRY","390.03","0","out_of_stock","https://bayi.euro-mix.com.tr/Content/img/Stokpic/Normal/6802.png"
"euromix-stock","EV 010","1234590941866","SABİT AYAR EMNİYET VENTİLİ 3/4 DEN 8 BAR`A","EUROMIX","SARI FİTTİNGSLER","ADET","20.00","TRY","390.03","34","in_stock","https://bayi.euro-mix.com.tr/Content/img/Stokpic/Normal/6803.png"
"euromix-stock","EV 011","","SABİT AYAR EMNİYET VENTİLİ 1/2 DEN 11 BAR`A","EUROMIX","SARI FİTTİNGSLER","ADET","20.00","TRY","359.23","0","out_of_stock",""
"euromix-stock","EVYE 001","1234500001154","40*50 EVYE","EUROMIX","EVYELER","ADET","20.00","TRY","731.40","26","in_stock","https://bayi.euro-mix.com.tr/Content/img/Stokpic/Normal/2057.png"
"euromix-stock","EVYE 002","1234500001161","45*85 EVYE","EUROMIX","EVYELER","ADET","20.00","TRY","1108.48","11","in_stock","https://bayi.euro-mix.com.tr/Content/img/Stokpic/Normal/6804.png"
"euromix-stock","EVYE 003","1234500001178","50*100 EVYE","EUROMIX","EVYELER","ADET","20.00","TRY","1385.61","5","in_stock","https://bayi.euro-mix.com.tr/Content/img/Stokpic/Normal/6805.png"
"euromix-stock","EVYE 006","1234500004179","C38 YUVARLAK EVYE","EUROMIX","EVYELER","ADET","20.00","TRY","621.18","18","in_stock","https://bayi.euro-mix.com.tr/Content/img/Stokpic/Normal/6806.png"
"euromix-stock","EVYE 008","1234590911593","45*75 EVYE","EUROMIX","EVYELER","ADET","20.00","TRY","1016.11","20","in_stock","https://bayi.euro-mix.com.tr/Content/img/Stokpic/Normal/6807.png"
"euromix-stock","EVYE 009","1234590925385","C38 KARE 35*40 EVYE","EUROMIX","EVYELER","ADET","20.00","TRY","621.18","29","in_stock","https://bayi.euro-mix.com.tr/Content/img/Stokpic/Normal/6808.png"
"euromix-stock","EVYE 010","1234590943266","ARITMA MUSLUKLU OTOMATİK EVYE","EUROMIX","EVYELER","ADET","20.00","TRY","27673.56","3","in_stock","https://bayi.euro-mix.com.tr/Content/img/Stokpic/Normal/8178.png"
"euromix-stock","EVYE 011","1234590943273","OTOMATİK EVYE","EUROMIX","EVYELER","ADET","20.00","TRY","17082.46","1","in_stock","https://bayi.euro-mix.com.tr/Content/img/Stokpic/Normal/8179.png"
"euromix-stock","FİŞ 001","1234500001185","KAUÇUK ERKEK FİŞ MONOFAZE","EUROMIX","ELEKTİRİK","ADET","20.00","TRY","22.85","0","out_of_stock","https://bayi.euro-mix.com.tr/Content/img/Stokpic/Normal/2063.png"
"euromix-stock","FİŞ 002","1234500001192","KAUCUK DİŞİ FİŞ MONOFAZE","EUROMIX","ELEKTİRİK","ADET","20.00","TRY","17.49","0","out_of_stock","https://bayi.euro-mix.com.tr/Content/img/Stokpic/Normal/2064.png"
"euromix-stock","FLEX 001","1234500001215","30 CM FLEX 3/8-3/8","EUROMIX","SU FLEX HORTUMLARI","ADET","20.00","TRY","59.94","3214","in_stock","https://bayi.euro-mix.com.tr/Content/img/Stokpic/Normal/6809.png"
"euromix-stock","FLEX 002","1234500001222","40 CM FLEX 3/8-3/8","EUROMIX","SU FLEX HORTUMLARI","ADET","20.00","TRY","65.28","3297","in_stock","https://bayi.euro-mix.com.tr/Content/img/Stokpic/Normal/6810.png"
"euromix-stock","FLEX 003","1234500001239","50 CM FLEX 3/8-3/8","EUROMIX","SU FLEX HORTUMLARI","ADET","20.00","TRY","70.21","1505","in_stock","https://bayi.euro-mix.com.tr/Content/img/Stokpic/Normal/6811.png"
"euromix-stock","FLEX 004","1234500001246","70 CM FLEX 3/8-3/8","EUROMIX","SU FLEX HORTUMLARI","ADET","20.00","TRY","80.27","1473","in_stock","https://bayi.euro-mix.com.tr/Content/img/Stokpic/Normal/6812.png"
"euromix-stock","FLEX 005","1234500001253","40 CM KUĞU FLEXİ 3/8","EUROMIX","SU FLEX HORTUMLARI","ADET","20.00","TRY","80.27","0","out_of_stock","https://bayi.euro-mix.com.tr/Content/img/Stokpic/Normal/6813.png"
"euromix-stock","FLEX 006","1234500001260","50 CM KUGU FLEXİ 3/8","EUROMIX","SU FLEX HORTUMLARI","ADET","20.00","TRY","66.51","0","out_of_stock","https://bayi.euro-mix.com.tr/Content/img/Stokpic/Normal/6814.png"
"euromix-stock","FLEX 007","1234500001277","70 CM KUGU FLEXİ 3/8","EUROMIX","SU FLEX HORTUMLARI","ADET","20.00","TRY","76.98","1046","in_stock","https://bayi.euro-mix.com.tr/Content/img/Stokpic/Normal/6815.png"
"euromix-stock","FLEX 009","1234590919230","30 CM FLEX 1/2-1/2","EUROMIX","SU FLEX HORTUMLARI","ADET","20.00","TRY","72.88","124","in_stock","https://bayi.euro-mix.com.tr/Content/img/Stokpic/Normal/6816.png"
"euromix-stock","FLEX 010","1234500001284","50 CM FLEX 1/2-1/2","EUROMIX","SU FLEX HORTUMLARI","ADET","20.00","TRY","83.75","430","in_stock","https://bayi.euro-mix.com.tr/Content/img/Stokpic/Normal/6817.png"
"euromix-stock","FLEX 011","1234500001291","70 CM FLEX 1/2-1/2","EUROMIX","SU FLEX HORTUMLARI","ADET","20.00","TRY","94.01","226","in_stock","https://bayi.euro-mix.com.tr/Content/img/Stokpic/Normal/6818.png"
"euromix-stock","FLEX 016","1234500001307","50 CM FLEX 1/2-3/8","EUROMIX","SU FLEX HORTUMLARI","ADET","20.00","TRY","76.98","406","in_stock","https://bayi.euro-mix.com.tr/Content/img/Stokpic/Normal/6819.png"
"euromix-stock","FLEX 017","1234500001314","70 CM FLEX 1/2 - 3/8","EUROMIX","SU FLEX HORTUMLARI","ADET","20.00","TRY","87.44","516","in_stock","https://bayi.euro-mix.com.tr/Content/img/Stokpic/Normal/6820.png"
"euromix-stock","FLEX 019","1234500001321","100 CM FLEX 3/8 - 3/8","EUROMIX","SU FLEX HORTUMLARI","ADET","20.00","TRY","96.08","806","in_stock","https://bayi.euro-mix.com.tr/Content/img/Stokpic/Normal/6821.png"
"euromix-stock","FLEX 020","1234590917151","100 CM FLEX 1/2-1/2","EUROMIX","SU FLEX HORTUMLARI","ADET","20.00","TRY","109.82","89","in_stock","https://bayi.euro-mix.com.tr/Content/img/Stokpic/Normal/6822.png"
"euromix-stock","FLEX 021","1234590918264","100 CM KUGU FLEXİ 3/8","EUROMIX","SU FLEX HORTUMLARI","ADET","20.00","TRY","92.38","255","in_stock","https://bayi.euro-mix.com.tr/Content/img/Stokpic/Normal/6823.png"
"euromix-stock","FLEX 022","1234590915294","30 CM NİPELLİ 1/2 - 1/2 ERKEK","EUROMIX","SU FLEX HORTUMLARI","ADET","20.00","TRY","85.81","171","in_stock","https://bayi.euro-mix.com.tr/Content/img/Stokpic/Normal/6824.png"
"euromix-stock","FLEX 023","1234590915300","50 CM NİPELLİ 1/2 - 1/2 ERKEK","EUROMIX","SU FLEX HORTUMLARI","ADET","20.00","TRY","89.96","0","out_of_stock","https://bayi.euro-mix.com.tr/Content/img/Stokpic/Normal/6825.png"
"euromix-stock","FLEX 024","1234590925439","30 CM FLEX 1/2-3/8","EUROMIX","SU FLEX HORTUMLARI","ADET","20.00","TRY","66.51","1","in_stock","https://bayi.euro-mix.com.tr/Content/img/Stokpic/Normal/6826.png"
"euromix-stock","FLEX 041","1234590915270","60 CM FLEX 3/8-3/8","EUROMIX","SU FLEX HORTUMLARI","ADET","20.00","TRY","75.35","314","in_stock","https://bayi.euro-mix.com.tr/Content/img/Stokpic/Normal/6827.png"
"euromix-stock","FLEX 042","1234590915287","70 CM NİPELLİ 1/2 - 1/2 ERKEK","EUROMIX","SU FLEX HORTUMLARI","ADET","20.00","TRY","106.75","97","in_stock","https://bayi.euro-mix.com.tr/Content/img/Stokpic/Normal/6828.png"
"euromix-stock","FLEX 043","1234590916925","60 CM FLEX 1/2-1/2","EUROMIX","SU FLEX HORTUMLARI","ADET","20.00","TRY","82.82","0","out_of_stock","https://bayi.euro-mix.com.tr/Content/img/Stokpic/Normal/6829.png"
"euromix-stock","FLEX 044","1234590917496","40 CM 3/8 KUĞU BATARYA FLEXİ UZUN UÇLU 25 MM","EUROMIX","SU FLEX HORTUMLARI","ADET","20.00","TRY","66.71","0","out_of_stock","https://bayi.euro-mix.com.tr/Content/img/Stokpic/Normal/6830.png"
"euromix-stock","FLEX 044-1","1234590925446","40 CM 1/2 KUĞU BATARYA FLEXİ UZUN UÇLU 25 MM","EUROMIX","SU FLEX HORTUMLARI","ADET","20.00","TRY","71.40","0","out_of_stock","https://bayi.euro-mix.com.tr/Content/img/Stokpic/Normal/6831.png"
"euromix-stock","FLEX 045","1234590918967","FLEX UZATMA 10CM - ( SARI )","EUROMIX","SU FLEX HORTUMLARI","ADET","20.00","TRY","82.12","108","in_stock","https://bayi.euro-mix.com.tr/Content/img/Stokpic/Normal/6832.png"
"euromix-stock","FLEX 045-1","1234590941422","PASLANMAZ FLEX UZATMASI 8 CM","EUROMIX","SU FLEX HORTUMLARI","ADET","20.00","TRY","20.50","17","in_stock",""
"euromix-stock","FLEX 045-2","1234590941873","PASLANMAZ FLEX UZATMASI 12 CM","EUROMIX","SU FLEX HORTUMLARI","ADET","20.00","TRY","21.87","1","in_stock",""
"euromix-stock","FLEX 047","1234590919957","60 CM KUGU FLEXİ 3/8 - ( M10 )","EUROMIX","SU FLEX HORTUMLARI","ADET","20.00","TRY","71.85","577","in_stock","https://bayi.euro-mix.com.tr/Content/img/Stokpic/Normal/2087.png"
"euromix-stock","FLEX 051","1234590925484","30 CM NİPELLİ 3/8 - 3/8 ERKEK","EUROMIX","SU FLEX HORTUMLARI","ADET","20.00","TRY","64.04","144","in_stock","https://bayi.euro-mix.com.tr/Content/img/Stokpic/Normal/2089.png"
"euromix-stock","FLEX 052","1234590925491","50 CM NİPELLİ 3/8 - 3/8 ERKEK","EUROMIX","SU FLEX HORTUMLARI","ADET","20.00","TRY","74.73","48","in_stock","https://bayi.euro-mix.com.tr/Content/img/Stokpic/Normal/6833.png"
"euromix-stock","FLEX 053","1234590925507","100 CM NİPELLİ FLEX 3/8-3/8","EUROMIX","SU FLEX HORTUMLARI","ADET","20.00","TRY","100.58","1","in_stock","https://bayi.euro-mix.com.tr/Content/img/Stokpic/Normal/6834.png"
"euromix-stock","FLEX 054","1234590925514","70 CM NİPELLİ 3/8 - 3/8 ERKEK","EUROMIX","SU FLEX HORTUMLARI","ADET","20.00","TRY","84.99","191","in_stock","https://bayi.euro-mix.com.tr/Content/img/Stokpic/Normal/6835.png"
"euromix-stock","FLEX 055","1234590923817","40 CM FLEX 1/2-1/2","EUROMIX","SU FLEX HORTUMLARI","ADET","20.00","TRY","78.62","1","in_stock","https://bayi.euro-mix.com.tr/Content/img/Stokpic/Normal/6836.png"
"euromix-stock","FLEX 056","1234590925521","60 CM KUGU FLEXİ 1/2","EUROMIX","SU FLEX HORTUMLARI","ADET","20.00","TRY","73.40","250","in_stock","https://bayi.euro-mix.com.tr/Content/img/Stokpic/Normal/2092.png"
"euromix-stock","FLEX 058","1234590925538","40 CM NİPELLİ 1/2 - 1/2 ERKEK","EUROMIX","SU FLEX HORTUMLARI","ADET","20.00","TRY","85.68","50","in_stock","https://bayi.euro-mix.com.tr/Content/img/Stokpic/Normal/6837.png"
"euromix-stock","FLEX 059","1234590925545","60 CM NİPELLİ 1/2 - 1/2 ERKEK","EUROMIX","SU FLEX HORTUMLARI","ADET","20.00","TRY","94.97","0","out_of_stock","https://bayi.euro-mix.com.tr/Content/img/Stokpic/Normal/6838.png"
"euromix-stock","FLEX 061","1234590925569","100 CM NİPELLİ FLEX 1/2-1/2 ERKEK","EUROMIX","SU FLEX HORTUMLARI","ADET","20.00","TRY","114.24","0","out_of_stock","https://bayi.euro-mix.com.tr/Content/img/Stokpic/Normal/6839.png"
"euromix-stock","FLEX 064","1234590923466","50 CM 3/8 KUGU FLEX UZUN UÇ 25 MM","EUROMIX","SU FLEX HORTUMLARI","ADET","20.00","TRY","71.90","1225","in_stock","https://bayi.euro-mix.com.tr/Content/img/Stokpic/Normal/6840.png"
"euromix-stock","FLEX 065","1234590923473","70 CM 3/8 KUGU FLEXİ UZUN UÇ 25 MM","EUROMIX","SU FLEX HORTUMLARI","ADET","20.00","TRY","81.50","1307","in_stock","https://bayi.euro-mix.com.tr/Content/img/Stokpic/Normal/6841.png"
"euromix-stock","FLEX 066","1234590923503","40 CM KUĞU FLEXİ UZUN UÇLU ECA TİPİ","EUROMIX","SU FLEX HORTUMLARI","ADET","20.00","TRY","12.78","0","out_of_stock","https://bayi.euro-mix.com.tr/Content/img/Stokpic/Normal/6842.png"
"euromix-stock","FLEX 067","1234590925590","100 CM FLEX 1/2 - 3/8","EUROMIX","SU FLEX HORTUMLARI","ADET","20.00","TRY","123.38","140","in_stock","https://bayi.euro-mix.com.tr/Content/img/Stokpic/Normal/6843.png"
"euromix-stock","FLEX 069","1234590925613","50 CM KUGU FLEXİ ECA TİPİ","EUROMIX","SU FLEX HORTUMLARI","ADET","20.00","TRY","96.53","112","in_stock","https://bayi.euro-mix.com.tr/Content/img/Stokpic/Normal/6844.png"
"euromix-stock","FLEX 070","1234590925620","70 CM KUGU FLEXI ECA TİPİ","EUROMIX","SU FLEX HORTUMLARI","ADET","20.00","TRY","109.42","84","in_stock","https://bayi.euro-mix.com.tr/Content/img/Stokpic/Normal/6845.png"
"euromix-stock","FLEX 072","1234590925637","50 CM FLEX 1/2-3/4","EUROMIX","SU FLEX HORTUMLARI","ADET","20.00","TRY","117.53","65","in_stock","https://bayi.euro-mix.com.tr/Content/img/Stokpic/Normal/6846.png"
"euromix-stock","FLEX 073","1234590925644","70 CM FLEX 1/2-3/4","EUROMIX","SU FLEX HORTUMLARI","ADET","20.00","TRY","127.06","61","in_stock","https://bayi.euro-mix.com.tr/Content/img/Stokpic/Normal/6847.png"
"euromix-stock","FLEX 075","1234590925668","50 CM NİPELLİ 3/8 - 1/2 ERKEK","EUROMIX","SU FLEX HORTUMLARI","ADET","20.00","TRY","78.83","90","in_stock","https://bayi.euro-mix.com.tr/Content/img/Stokpic/Normal/2101.png"
"euromix-stock","FLEX 076","1234590925675","30 CM FLEX 1/2-3/4","EUROMIX","SU FLEX HORTUMLARI","ADET","20.00","TRY","108.58","49","in_stock","https://bayi.euro-mix.com.tr/Content/img/Stokpic/Normal/6848.png"
"euromix-stock","FLEX 078","1234590925699","80 CM FLEX 3/8-3/8","EUROMIX","SU FLEX HORTUMLARI","ADET","20.00","TRY","80.25","4","in_stock","https://bayi.euro-mix.com.tr/Content/img/Stokpic/Normal/3222.png"
"euromix-stock","FLEX 082","1234590925736","100 CM KUGU FLEXİ 1/2","EUROMIX","SU FLEX HORTUMLARI","ADET","20.00","TRY","92.82","0","out_of_stock","https://bayi.euro-mix.com.tr/Content/img/Stokpic/Normal/3228.png"
"euromix-stock","FLEX 083","1234590925743","40 CM FLEX 1/2-3/8","EUROMIX","SU FLEX HORTUMLARI","ADET","20.00","TRY","67.12","165","in_stock","https://bayi.euro-mix.com.tr/Content/img/Stokpic/Normal/6849.png"
"euromix-stock","FLEX 085","1234590933755","90 CM FLEX 1/2-1/2","EUROMIX","SU FLEX HORTUMLARI","ADET","20.00","TRY","98.53","0","out_of_stock","https://bayi.euro-mix.com.tr/Content/img/Stokpic/Normal/3356.png"
"euromix-stock","FLEX 086","1234590933748","120 CM FLEX 1/2-1/2","EUROMIX","SU FLEX HORTUMLARI","ADET","20.00","TRY","29.70","0","out_of_stock","https://bayi.euro-mix.com.tr/Content/img/Stokpic/Normal/3357.png"
"euromix-stock","FLEX 087","1234590933731","150 CM FLEX 1/2-1/2","EUROMIX","SU FLEX HORTUMLARI","ADET","20.00","TRY","29.70","0","out_of_stock","https://bayi.euro-mix.com.tr/Content/img/Stokpic/Normal/3358.png"
"euromix-stock","FLEX 089","1234590930884","DİRSEKLİ 20 CM FLEX 3/8 DEN 3/8D","EUROMIX","SU FLEX HORTUMLARI","ADET","20.00","TRY","163.82","19","in_stock","https://bayi.euro-mix.com.tr/Content/img/Stokpic/Normal/3423.png"
"euromix-stock","FLEX 091","1234590930914","DİRSEKLİ 20 CM FLEX 3/8 DEN 1/2D","EUROMIX","SU FLEX HORTUMLARI","ADET","20.00","TRY","164.99","168","in_stock","https://bayi.euro-mix.com.tr/Content/img/Stokpic/Normal/3425.png"
"euromix-stock","FLEX 094","1234590930938","DİRSEKLİ 20 CM FLEX 1/2 DEN 1/2D","EUROMIX","SU FLEX HORTUMLARI","ADET","20.00","TRY","177.86","5","in_stock","https://bayi.euro-mix.com.tr/Content/img/Stokpic/Normal/3428.png"
"euromix-stock","FLEX 096","1234590937661","40 CM NİPELLİ 3/8 - 3/8 ERKEK","EUROMIX","SU FLEX HORTUMLARI","ADET","20.00","TRY","69.38","0","out_of_stock","https://bayi.euro-mix.com.tr/Content/img/Stokpic/Normal/6850.png"
"euromix-stock","FLEX 097","1234590937678","60 CM NİPELLİ 3/8 - 3/8 ERKEK","EUROMIX","SU FLEX HORTUMLARI","ADET","20.00","TRY","79.65","0","out_of_stock","https://bayi.euro-mix.com.tr/Content/img/Stokpic/Normal/6851.png"
"euromix-stock","FLEX 098","1234590937685","60 CM FLEX 1/2-3/8","EUROMIX","SU FLEX HORTUMLARI","ADET","20.00","TRY","98.75","0","out_of_stock","https://bayi.euro-mix.com.tr/Content/img/Stokpic/Normal/6852.png"
"euromix-stock","FLEX 099","1234590937692","40 CM FLEX 1/2-3/4","EUROMIX","SU FLEX HORTUMLARI","ADET","20.00","TRY","57.12","0","out_of_stock","https://bayi.euro-mix.com.tr/Content/img/Stokpic/Normal/6853.png"
"euromix-stock","FLEX 100","1234590937708","60 CM FLEX 1/2-3/4","EUROMIX","SU FLEX HORTUMLARI","ADET","20.00","TRY","64.26","0","out_of_stock","https://bayi.euro-mix.com.tr/Content/img/Stokpic/Normal/6854.png"
"euromix-stock","FLEX 101","1234590937715","100 CM FLEX 1/2 - 3/4","EUROMIX","SU FLEX HORTUMLARI","ADET","20.00","TRY","133.43","0","out_of_stock","https://bayi.euro-mix.com.tr/Content/img/Stokpic/Normal/6855.png"
"euromix-stock","FLEX 104","1234590937791","50 CM 3/8 KUGU FLEX UZUN UÇ 35 MM","EUROMIX","SU FLEX HORTUMLARI","ADET","20.00","TRY","100.40","2278","in_stock","https://bayi.euro-mix.com.tr/Content/img/Stokpic/Normal/6856.png"
"euromix-stock","FLEX 105","1234590937807","50 CM 3/8 KUGU FLEX UZUN UÇ 55 MM","EUROMIX","SU FLEX HORTUMLARI","ADET","20.00","TRY","106.18","0","out_of_stock","https://bayi.euro-mix.com.tr/Content/img/Stokpic/Normal/6857.png"
"euromix-stock","FLEX 106","1234590937814","50 CM 3/8 KUGU FLEX UZUN UÇ 75 MM","EUROMIX","SU FLEX HORTUMLARI","ADET","20.00","TRY","117.84","1353","in_stock","https://bayi.euro-mix.com.tr/Content/img/Stokpic/Normal/6858.png"
"euromix-stock","FLEX 117","1234590939535","100 CM NİPELLİ FLEX 3/8-3/8 ERKEK","EUROMIX","SU FLEX HORTUMLARI","ADET","20.00","TRY","94.25","0","out_of_stock","https://bayi.euro-mix.com.tr/Content/img/Stokpic/Normal/6862.png"
"euromix-stock","FLEX 119","1234590941903","EKO 40 CM 3/8 KUGU BATARYA FLEXİ UZUN UÇLU 75 MM","EUROMIX","SU FLEX HORTUMLARI","ADET","20.00","TRY","104.53","2900","in_stock",""
"euromix-stock","FLEX 120","1234590941910","EKO 40 CM 3/8 KUGU BATARYA FLEXİ UZUN UÇLU 25 MM","EUROMIX","SU FLEX HORTUMLARI","ADET","20.00","TRY","65.69","0","out_of_stock",""
"euromix-stock","FLEX 122","1234590941927","70 CM 1/2 KUGU FLEXİ UZUN UÇ 25 MM","EUROMIX","SU FLEX HORTUMLARI","ADET","20.00","TRY","88.54","0","out_of_stock",""
"euromix-stock","FLEX 123","1234590941934","60 CM KUGU FLEXİ 1/2 UZUN UÇLU 25 mm","EUROMIX","SU FLEX HORTUMLARI","ADET","20.00","TRY","68.54","0","out_of_stock",""
"euromix-stock","FLEX 124","1234590941941","50 CM FLEX 3/4-3/4","EUROMIX","SU FLEX HORTUMLARI","ADET","20.00","TRY","139.59","75","in_stock",""
"euromix-stock","FLEX 127","1234590941958","BERBER M10 FLEXİ","EUROMIX","SU FLEX HORTUMLARI","ADET","20.00","TRY","55.27","69","in_stock",""
"euromix-stock","FLEX 128","1234590941965","30 CM FLEX 3/4-3/4","EUROMIX","SU FLEX HORTUMLARI","ADET","20.00","TRY","60.73","0","out_of_stock",""
"euromix-stock","FLEX 129","1234590941972","70 CM FLEX 3/4-3/4","EUROMIX","SU FLEX HORTUMLARI","ADET","20.00","TRY","147.81","28","in_stock",""
"euromix-stock","FLEX 130","1234590940906","PLASTİK FLEX UZATMA 10CM","EUROMIX","SU FLEX HORTUMLARI","ADET","20.00","TRY","10.72","0","out_of_stock",""
"euromix-stock","FLEX 131","1234590941989","FLEX UZATMA 3CM M10 DAN M8 E","EUROMIX","SU FLEX HORTUMLARI","ADET","20.00","TRY","42.13","135","in_stock",""
"euromix-stock","FLEX 134","1234590942009","EKO 40 CM 3/8 KUGU BATARYA FLEXİ UZUN UÇLU 55 MM","EUROMIX","SU FLEX HORTUMLARI","ADET","20.00","TRY","40.99","1980","in_stock",""
"euromix-stock","FLEX 136","","50 CM FLEX 1/2-1/2 (SS201)","EUROMIX","SU FLEX HORTUMLARI","ADET","20.00","TRY","61.62","0","out_of_stock",""
"euromix-stock","FLEX 138","","50 CM 1/2 DEN 1/2 YE NİPELLİ TERMOSİFON FLEXİ","EUROMIX","SU FLEX HORTUMLARI","ADET","20.00","TRY","142.80","0","out_of_stock",""
"euromix-stock","FLEX 139","","40 CM 3/8 KUĞU BATARYA FLEXİ UZUN UÇLU 35 MM","EUROMIX","SU FLEX HORTUMLARI","ADET","20.00","TRY","73.68","1000","in_stock",""
"euromix-stock","FLEX 140","","50 CM TERMOSİFON FLEX 1/2-1/2","EUROMIX","SU FLEX HORTUMLARI","ADET","20.00","TRY","215.54","55","in_stock",""
"euromix-stock","FLEX 141","","80 CM FLEX 1/2-3/8","EUROMIX","SU FLEX HORTUMLARI","ADET","20.00","TRY","86.47","0","out_of_stock",""
"euromix-stock","FLEX 142","","80 CM KUGU FLEX 1/2","EUROMIX","SU FLEX HORTUMLARI","ADET","20.00","TRY","84.25","0","out_of_stock",""
"euromix-stock","FLEX 143","","80 CM KUGU FLEX 3/8","EUROMIX","SU FLEX HORTUMLARI","ADET","20.00","TRY","76.83","0","out_of_stock",""
"euromix-stock","FLEX 144","","50 CM 3/8 KUGU FLEX UZUN UÇ 12 MM - ( M10 )","EUROMIX","SU FLEX HORTUMLARI","ADET","20.00","TRY","133.43","490","in_stock",""
"euromix-stock","FLEX 147","","50 CM 3/8 KUGU FLEX UZUN UÇ 50 MM (ss201)","EUROMIX","HORTUMLAR","ADET","20.00","TRY","30.07","1","in_stock",""
"euromix-stock","FLEX 148","","50 CM 3/8 KUGU FLEX UZUN UÇ 85 MM (ss201)","EUROMIX","HORTUMLAR","ADET","20.00","TRY","34.17","1","in_stock",""
"euromix-stock","FLEX 149","","45 CM 3/8 KUĞU BATARYA FLEXİ UZUN 35 MM (ss304 )","EUROMIX","HORTUMLAR","ADET","20.00","TRY","30.07","1","in_stock",""
"euromix-stock","FLEX 150","","45 CM 3/8 KUĞU BATARYA FLEXİ UZUN 35 MM (ss201 )","EUROMIX","HORTUMLAR","ADET","20.00","TRY","25.97","1","in_stock",""
"euromix-stock","FLEX 151","","60 CM KUGU FLEXİ 3/8 UZUN UÇLU 35mm (ss304)","EUROMIX","HORTUMLAR","ADET","20.00","TRY","64.23","1","in_stock",""
"euromix-stock","FLEX 152","","70 CM KUGU FLEXİ 3/8 UZUN UÇLU 85mm (ss304)","EUROMIX","HORTUMLAR","ADET","20.00","TRY","73.11","1","in_stock",""
"euromix-stock","FLEX 153","","50 CM FLEX 3/8-3/8 (ss201)","EUROMIX","HORTUMLAR","ADET","20.00","TRY","28.69","1","in_stock",""
"euromix-stock","FLEX 154","","30 CM FLEX 3/8-3/8 (ss201)","EUROMIX","HORTUMLAR","ADET","20.00","TRY","25.97","0","out_of_stock",""
"euromix-stock","FLEX 155","","40 CM FLEX 3/8-3/8 (ss201)","EUROMIX","HORTUMLAR","ADET","20.00","TRY","26.64","0","out_of_stock",""
"euromix-stock","FLEX 156","","50 CM KUGU FLEXİ 3/8 UZUN UÇLU 85MM (SS304)","EUROMIX","HORTUMLAR","ADET","20.00","TRY","73.11","0","out_of_stock",""
"euromix-stock","FLEX 157","","50 CM NİPELLİ 3/8 - 3/8 ERKEK (SS201)","EUROMIX","HORTUMLAR","ADET","20.00","TRY","74.73","0","out_of_stock",""
"euromix-stock","FLEX 159","","40 CM 3/8 KUĞU BATARYA FLEXİ UZUN 35 MM (SS201 )","EUROMIX","HORTUMLAR","ADET","20.00","TRY","25.97","0","out_of_stock",""
"euromix-stock","FLT 001","1234500001338","3/8 DEPO FLATORÜ PRİNÇ","EUROMIX","DEPO FLATÖRLERİ (GÜN ISI)","ADET","20.00","TRY","171.36","0","out_of_stock","https://bayi.euro-mix.com.tr/Content/img/Stokpic/Normal/2103.png"
"euromix-stock","FLT 002","1234500003936","1/2 DEPO FLATÖRÜ PRİNÇ","EUROMIX","DEPO FLATÖRLERİ (GÜN ISI)","ADET","20.00","TRY","229.71","1","in_stock","https://bayi.euro-mix.com.tr/Content/img/Stokpic/Normal/6863.png"
"euromix-stock","FLT 003","1234500001345","3/4 DEPO FLATÖRÜ PRİNÇ","EUROMIX","DEPO FLATÖRLERİ (GÜN ISI)","ADET","20.00","TRY","274.66","32","in_stock","https://bayi.euro-mix.com.tr/Content/img/Stokpic/Normal/6864.png"
"euromix-stock","FLT 004","1234590914266","1'' DEPO FLATÖRÜ PRİNÇ","EUROMIX","DEPO FLATÖRLERİ (GÜN ISI)","ADET","20.00","TRY","332.56","56","in_stock","https://bayi.euro-mix.com.tr/Content/img/Stokpic/Normal/6865.png"
"euromix-stock","FLT 005","1234590925750","1""1/4 DEPO FLATÖRÜ PRİNÇ","EUROMIX","DEPO FLATÖRLERİ (GÜN ISI)","koli","20.00","TRY","841.63","11","in_stock","https://bayi.euro-mix.com.tr/Content/img/Stokpic/Normal/6866.png"
"euromix-stock","FLT 006","1234590925767","1/2 PASLANMAZ DEPO FLATÖRÜ","EUROMIX","DEPO FLATÖRLERİ (GÜN ISI)","ADET","20.00","TRY","328.44","132","in_stock","https://bayi.euro-mix.com.tr/Content/img/Stokpic/Normal/6867.png"
"euromix-stock","FLT 007","1234590925774","3/4 PASLANMAZ DEPO FLATÖRÜ","EUROMIX","DEPO FLATÖRLERİ (GÜN ISI)","ADET","20.00","TRY","328.44","123","in_stock","https://bayi.euro-mix.com.tr/Content/img/Stokpic/Normal/6868.png"
"euromix-stock","FLT 008","1234590925781","1""1/2 DEPO FLATÖRÜ PRİNÇ","EUROMIX","DEPO FLATÖRLERİ (GÜN ISI)","koli","20.00","TRY","975.06","35","in_stock","https://bayi.euro-mix.com.tr/Content/img/Stokpic/Normal/6869.png"
"euromix-stock","FLT 009","1234590925798","2"" DEPO FLATÖRÜ PRİNÇ","EUROMIX","DEPO FLATÖRLERİ (GÜN ISI)","koli","20.00","TRY","1601.14","10","in_stock","https://bayi.euro-mix.com.tr/Content/img/Stokpic/Normal/6870.png"
"euromix-stock","FOT 002","1234590915881","FOTOSELLİ PİSUVAR BATARYASI (SIVA ALTI)","EUROMIX","CREATİV ÜRÜNLER","ADET","20.00","TRY","6832.98","1","in_stock","https://bayi.euro-mix.com.tr/Content/img/Stokpic/Normal/6871.png"
"euromix-stock","FOT 003","1234590925804","FOTOSELLİ PİSUVAR BATARYASI (SIVA ÜSTÜ)","EUROMIX","CREATİV ÜRÜNLER","ADET","20.00","TRY","6832.98","4","in_stock","https://bayi.euro-mix.com.tr/Content/img/Stokpic/Normal/6872.png"
"euromix-stock","FTG 002","1234500001352","GALVANİZ 1/2 KUYRUKLU DİRSEK","EUROMIX","GALVENİZ FİTTİNGSLER","ADET","20.00","TRY","45.58","164","in_stock","https://bayi.euro-mix.com.tr/Content/img/Stokpic/Normal/6873.png"
"euromix-stock","FTG 003","1234500001369","GALVANİZ 1/2 NİPEL","EUROMIX","GALVENİZ FİTTİNGSLER","ADET","20.00","TRY","38.19","177","in_stock","https://bayi.euro-mix.com.tr/Content/img/Stokpic/Normal/6874.png"
"euromix-stock","FTG 004","1234500001376","GALVANİZ 1/2 MANŞON","EUROMIX","GALVENİZ FİTTİNGSLER","ADET","20.00","TRY","20.95","530","in_stock","https://bayi.euro-mix.com.tr/Content/img/Stokpic/Normal/6875.png"
"euromix-stock","FTG 006","1234500001383","GALVANİZ 3/4 KÖRTAPA","EUROMIX","GALVENİZ FİTTİNGSLER","ADET","20.00","TRY","25.00","439","in_stock","https://bayi.euro-mix.com.tr/Content/img/Stokpic/Normal/6876.png"
"euromix-stock","FTG 007","1234500001390","GALVANİZ 1/2 KÖRTAPA","EUROMIX","GALVENİZ FİTTİNGSLER","ADET","20.00","TRY","19.08","349","in_stock","https://bayi.euro-mix.com.tr/Content/img/Stokpic/Normal/6877.png"
"euromix-stock","FTG 008","1234500004247","GALVANİZ 1/2 DİRSEK","EUROMIX","GALVENİZ FİTTİNGSLER","ADET","20.00","TRY","36.34","151","in_stock","https://bayi.euro-mix.com.tr/Content/img/Stokpic/Normal/6878.png"
"euromix-stock","FTG 009","1234500001406","GALVANİZ 3/4 NİPEL","EUROMIX","GALVENİZ FİTTİNGSLER","ADET","20.00","TRY","50.50","212","in_stock","https://bayi.euro-mix.com.tr/Content/img/Stokpic/Normal/6879.png"
"euromix-stock","FTG 010","1234500001413","GALVANİZ 3/4 MANŞON","EUROMIX","GALVENİZ FİTTİNGSLER","ADET","20.00","TRY","25.87","98","in_stock","https://bayi.euro-mix.com.tr/Content/img/Stokpic/Normal/6880.png"
"euromix-stock","FTG 011","1234500001420","GALVANİZ 3/4 DEN 1/2 YE REDÜKSİYON","EUROMIX","GALVENİZ FİTTİNGSLER","ADET","20.00","TRY","36.14","65","in_stock","https://bayi.euro-mix.com.tr/Content/img/Stokpic/Normal/6881.png"
"euromix-stock","FTG 012","1234500001437","GALVANİZ 1'' DEN 3/4 E REDÜKSİYON","EUROMIX","GALVENİZ FİTTİNGSLER","ADET","20.00","TRY","50.50","81","in_stock","https://bayi.euro-mix.com.tr/Content/img/Stokpic/Normal/6882.png"
"euromix-stock","FTG 013","1234500001444","GALVANİZ 3/4 DİRSEK","EUROMIX","GALVENİZ FİTTİNGSLER","ADET","20.00","TRY","50.03","107","in_stock","https://bayi.euro-mix.com.tr/Content/img/Stokpic/Normal/6883.png"
"euromix-stock","FTG 014","1234500001451","GALVANİZ 1/2 TE","EUROMIX","GALVENİZ FİTTİNGSLER","ADET","20.00","TRY","54.20","121","in_stock","https://bayi.euro-mix.com.tr/Content/img/Stokpic/Normal/6884.png"
"euromix-stock","FTG 015","1234500001468","GALVANİZ 3/4 TE","EUROMIX","GALVENİZ FİTTİNGSLER","ADET","20.00","TRY","93.61","110","in_stock","https://bayi.euro-mix.com.tr/Content/img/Stokpic/Normal/6885.png"
"euromix-stock","FTG 016","1234590911784","GALVANİZ 1'' DİRSEK","EUROMIX","GALVENİZ FİTTİNGSLER","ADET","20.00","TRY","83.75","49","in_stock","https://bayi.euro-mix.com.tr/Content/img/Stokpic/Normal/6886.png"
"euromix-stock","FTG 017","1234590911777","GALVANİZ 1'' TE","EUROMIX","GALVENİZ FİTTİNGSLER","ADET","20.00","TRY","119.68","86","in_stock","https://bayi.euro-mix.com.tr/Content/img/Stokpic/Normal/6887.png"
"euromix-stock","FTG 018","1234590911159","GALVANİZ 1'' NİPEL","EUROMIX","GALVENİZ FİTTİNGSLER","ADET","20.00","TRY","72.68","120","in_stock","https://bayi.euro-mix.com.tr/Content/img/Stokpic/Normal/6888.png"
"euromix-stock","FTG 019","1234590911807","GALVANİZ 1'' KÖRTAPA","EUROMIX","GALVENİZ FİTTİNGSLER","ADET","20.00","TRY","41.95","83","in_stock","https://bayi.euro-mix.com.tr/Content/img/Stokpic/Normal/6889.png"
"euromix-stock","FTG 020","1234590911142","GALVANİZ 1'' MANŞON","EUROMIX","GALVENİZ FİTTİNGSLER","ADET","20.00","TRY","36.71","150","in_stock","https://bayi.euro-mix.com.tr/Content/img/Stokpic/Normal/6890.png"
"euromix-stock","FTG 024","1234590911982","GALVANİZ 1"" DEN 1/2 YE MANŞON REDÜKSİYON","EUROMIX","GALVENİZ FİTTİNGSLER","ADET","20.00","TRY","113.32","103","in_stock","https://bayi.euro-mix.com.tr/Content/img/Stokpic/Normal/6891.png"
"euromix-stock","FTG 025","1234590911999","GALVANİZ 1"" DEN 3/4 E MANŞON REDÜKSİYON","EUROMIX","GALVENİZ FİTTİNGSLER","ADET","20.00","TRY","103.45","25","in_stock","https://bayi.euro-mix.com.tr/Content/img/Stokpic/Normal/6892.png"
"euromix-stock","FTG 026","1234590925811","GALVANİZ 3/4-1/2-3/4 İNEGAL TE","EUROMIX","GALVENİZ FİTTİNGSLER","ADET","20.00","TRY","13.31","0","out_of_stock","https://bayi.euro-mix.com.tr/Content/img/Stokpic/Normal/3214.png"
"euromix-stock","FTG 027","1234590913276","GALVANİZ 1"" DEN 1/2 REDÜKSİYON","EUROMIX","GALVENİZ FİTTİNGSLER","ADET","20.00","TRY","50.50","116","in_stock","https://bayi.euro-mix.com.tr/Content/img/Stokpic/Normal/6893.png"
"euromix-stock","FTG 031","1234590916314","GALVANİZ 1""1/4 DEN 1"" E REDÜKSİYON","EUROMIX","GALVENİZ FİTTİNGSLER","ADET","20.00","TRY","76.37","9","in_stock","https://bayi.euro-mix.com.tr/Content/img/Stokpic/Normal/6894.png"
"euromix-stock","FTG 032","1234590937562","GALVANİZ 1""1/2 DEN 1"" E REDÜKSİYON","EUROMIX","GALVENİZ FİTTİNGSLER","ADET","20.00","TRY","86.22","51","in_stock","https://bayi.euro-mix.com.tr/Content/img/Stokpic/Normal/6895.png"
"euromix-stock","FTG 033","1234590916093","GALVANİZ 1""1/2 DEN 1""1/4 E REDÜKSİYON","EUROMIX","GALVENİZ FİTTİNGSLER","ADET","20.00","TRY","101.00","126","in_stock","https://bayi.euro-mix.com.tr/Content/img/Stokpic/Normal/6896.png"
"euromix-stock","FTG 034","1234590916109","GALVANİZ 2"" DEN 1"" E REDÜKSİYON","EUROMIX","GALVENİZ FİTTİNGSLER","ADET","20.00","TRY","153.97","1","in_stock","https://bayi.euro-mix.com.tr/Content/img/Stokpic/Normal/6897.png"
"euromix-stock","FTG 035","1234590916116","GALVANİZ 2"" DEN 1""1/4 E REDÜKSİYON","EUROMIX","GALVENİZ FİTTİNGSLER","ADET","20.00","TRY","153.97","64","in_stock","https://bayi.euro-mix.com.tr/Content/img/Stokpic/Normal/6898.png"
"euromix-stock","FTG 036","1234590916123","GALVANİZ 2"" DEN 1""1/2 REDÜKSİYON","EUROMIX","GALVENİZ FİTTİNGSLER","ADET","20.00","TRY","135.49","0","out_of_stock","https://bayi.euro-mix.com.tr/Content/img/Stokpic/Normal/6899.png"
"euromix-stock","FTG 037","1234590916130","GALVANİZ 1""1/4 DİRSEK","EUROMIX","GALVENİZ FİTTİNGSLER","ADET","20.00","TRY","138.77","43","in_stock","https://bayi.euro-mix.com.tr/Content/img/Stokpic/Normal/6900.png"
"euromix-stock","FTG 038","1234590916147","GALVANİZ 1""1/2 DİRSEK","EUROMIX","GALVENİZ FİTTİNGSLER","ADET","20.00","TRY","279.59","21","in_stock","https://bayi.euro-mix.com.tr/Content/img/Stokpic/Normal/6901.png"
"euromix-stock","FTG 039","1234590916154","GALVANİZ 2"" DİRSEK","EUROMIX","GALVENİZ FİTTİNGSLER","ADET","20.00","TRY","294.69","23","in_stock","https://bayi.euro-mix.com.tr/Content/img/Stokpic/Normal/6902.png"
"euromix-stock","FTG 040","1234590916161","GALVANİZ 1""1/4 TE","EUROMIX","GALVENİZ FİTTİNGSLER","ADET","20.00","TRY","246.34","9","in_stock","https://bayi.euro-mix.com.tr/Content/img/Stokpic/Normal/6903.png"
"euromix-stock","FTG 041","1234590916178","GALVANİZ 1""1/2 TE","EUROMIX","GALVENİZ FİTTİNGSLER","ADET","20.00","TRY","289.88","16","in_stock","https://bayi.euro-mix.com.tr/Content/img/Stokpic/Normal/6904.png"
"euromix-stock","FTG 042","1234590916185","GALVANİZ 2"" TE","EUROMIX","GALVENİZ FİTTİNGSLER","ADET","20.00","TRY","473.07","21","in_stock","https://bayi.euro-mix.com.tr/Content/img/Stokpic/Normal/6905.png"
"euromix-stock","FTG 043","1234590916192","GALVANİZ 1""1/4 KÖRTAPA","EUROMIX","GALVENİZ FİTTİNGSLER","ADET","20.00","TRY","68.98","11","in_stock","https://bayi.euro-mix.com.tr/Content/img/Stokpic/Normal/6906.png"
"euromix-stock","FTG 044","1234590916208","GALVANİZ 1""1/2 KÖRTAPA","EUROMIX","GALVENİZ FİTTİNGSLER","ADET","20.00","TRY","86.22","13","in_stock","https://bayi.euro-mix.com.tr/Content/img/Stokpic/Normal/6907.png"
"euromix-stock","FTG 045","1234590916215","GALVANİZ 2"" KÖRTAPA","EUROMIX","GALVENİZ FİTTİNGSLER","ADET","20.00","TRY","105.67","13","in_stock","https://bayi.euro-mix.com.tr/Content/img/Stokpic/Normal/6908.png"
"euromix-stock","FTG 046","1234590916222","GALVANİZ 1""1/4 NİPEL","EUROMIX","GALVENİZ FİTTİNGSLER","ADET","20.00","TRY","101.00","38","in_stock","https://bayi.euro-mix.com.tr/Content/img/Stokpic/Normal/6909.png"
"euromix-stock","FTG 047","1234590916239","GALVANİZ 1""1/2 NİPEL","EUROMIX","GALVENİZ FİTTİNGSLER","ADET","20.00","TRY","119.48","63","in_stock","https://bayi.euro-mix.com.tr/Content/img/Stokpic/Normal/6910.png"
"euromix-stock","FTG 048","1234590916246","GALVANİZ 2"" NİPEL","EUROMIX","GALVENİZ FİTTİNGSLER","ADET","20.00","TRY","172.79","0","out_of_stock","https://bayi.euro-mix.com.tr/Content/img/Stokpic/Normal/6911.png"
"euromix-stock","FTG 049","1234590916253","GALVANİZ 1""1/4 MANŞON","EUROMIX","GALVENİZ FİTTİNGSLER","ADET","20.00","TRY","52.97","25","in_stock","https://bayi.euro-mix.com.tr/Content/img/Stokpic/Normal/6912.png"
"euromix-stock","FTG 050","1234590916260","GALVANİZ 1""1/2 MANŞON","EUROMIX","GALVENİZ FİTTİNGSLER","ADET","20.00","TRY","65.69","48","in_stock","https://bayi.euro-mix.com.tr/Content/img/Stokpic/Normal/6913.png"
"euromix-stock","FTG 051","1234590916277","GALVANİZ 2"" MANŞON","EUROMIX","GALVENİZ FİTTİNGSLER","ADET","20.00","TRY","122.10","29","in_stock","https://bayi.euro-mix.com.tr/Content/img/Stokpic/Normal/6914.png"
"euromix-stock","FTG 052","1234590916284","GALVANİZ 1""1/4 KONİK REKOR","EUROMIX","GALVENİZ FİTTİNGSLER","ADET","20.00","TRY","460.64","31","in_stock","https://bayi.euro-mix.com.tr/Content/img/Stokpic/Normal/6915.png"
"euromix-stock","FTG 053","1234590916291","GALVANİZ 1""1/2 KONİK REKOR","EUROMIX","GALVENİZ FİTTİNGSLER","ADET","20.00","TRY","541.93","5","in_stock","https://bayi.euro-mix.com.tr/Content/img/Stokpic/Normal/6916.png"
"euromix-stock","FTG 054","1234590916307","GALVANİZ 2"" KONİK REKOR","EUROMIX","GALVENİZ FİTTİNGSLER","ADET","20.00","TRY","801.61","16","in_stock","https://bayi.euro-mix.com.tr/Content/img/Stokpic/Normal/6917.png"
"euromix-stock","FTG 055","1234590916468","GALVANİZ 3/4 DEN 1/2 YE MANŞON REDÜKSİYON","EUROMIX","GALVENİZ FİTTİNGSLER","ADET","20.00","TRY","72.68","252","in_stock","https://bayi.euro-mix.com.tr/Content/img/Stokpic/Normal/6918.png"
"euromix-stock","FTG 056","1234590917502","GALVANİZ 3/4 KONİK REKOR","EUROMIX","GALVENİZ FİTTİNGSLER","ADET","20.00","TRY","224.16","24","in_stock","https://bayi.euro-mix.com.tr/Content/img/Stokpic/Normal/6919.png"
"euromix-stock","FTG 057","1234590917519","GALVANİZ 1"" KONİK REKOR","EUROMIX","GALVENİZ FİTTİNGSLER","ADET","20.00","TRY","258.65","30","in_stock","https://bayi.euro-mix.com.tr/Content/img/Stokpic/Normal/6920.png"
"euromix-stock","FTG 059","1234590917687","GALVANİZ 1""1/4 DEN 3/4 E REDÜKSİYON","EUROMIX","GALVENİZ FİTTİNGSLER","ADET","20.00","TRY","77.92","0","out_of_stock","https://bayi.euro-mix.com.tr/Content/img/Stokpic/Normal/6921.png"
"euromix-stock","FTG 060","1234590917694","GALVANİZ 1""1/2 DEN 3/4 E REDÜKSİYON","EUROMIX","GALVENİZ FİTTİNGSLER","ADET","20.00","TRY","89.19","16","in_stock","https://bayi.euro-mix.com.tr/Content/img/Stokpic/Normal/6922.png"
"euromix-stock","FTG 061","1234590918233","GALVANİZ 3"" NİPEL","EUROMIX","GALVENİZ FİTTİNGSLER","ADET","20.00","TRY","378.42","0","out_of_stock","https://bayi.euro-mix.com.tr/Content/img/Stokpic/Normal/2165.png"
"euromix-stock","FTG 063","1234590918738","GALVANİZ 3"" DEN 2""1/2 YE REDÜKSİYON","EUROMIX","GALVENİZ FİTTİNGSLER","ADET","20.00","TRY","381.81","0","out_of_stock","https://bayi.euro-mix.com.tr/Content/img/Stokpic/Normal/6923.png"
"euromix-stock","FTG 064","1234590918745","GALVANİZ 3"" DEN 2"" YE REDÜKSİYON","EUROMIX","GALVENİZ FİTTİNGSLER","ADET","20.00","TRY","381.81","0","out_of_stock","https://bayi.euro-mix.com.tr/Content/img/Stokpic/Normal/6924.png"
"euromix-stock","FTG 065","1234590918776","GALVANİZ 2"" DEN 1/2 YE REDÜKSİYON","EUROMIX","GALVENİZ FİTTİNGSLER","ADET","20.00","TRY","160.66","10","in_stock","https://bayi.euro-mix.com.tr/Content/img/Stokpic/Normal/6925.png"
"euromix-stock","FTG 066","1234590919810","GALVANİZ 3/4 KUYRUKLU DİRSEK","EUROMIX","GALVENİZ FİTTİNGSLER","ADET","20.00","TRY","73.90","85","in_stock","https://bayi.euro-mix.com.tr/Content/img/Stokpic/Normal/6926.png"
"euromix-stock","FTG 067","1234590919865","GALVANİZ 2"" DEN 3/4 E REDÜKSİYON","EUROMIX","GALVENİZ FİTTİNGSLER","ADET","20.00","TRY","174.90","19","in_stock","https://bayi.euro-mix.com.tr/Content/img/Stokpic/Normal/6927.png"
"euromix-stock","FTG 068","1234590919872","GALVANİZ 2""1/2 DEN 2"" YE REDÜKSİYON","EUROMIX","GALVENİZ FİTTİNGSLER","ADET","20.00","TRY","278.46","0","out_of_stock","https://bayi.euro-mix.com.tr/Content/img/Stokpic/Normal/6928.png"
"euromix-stock","FTG 069","1234590921110","GALVANİZ 1""1/2 DEN 1/2 YE REDÜKSİYON","EUROMIX","GALVENİZ FİTTİNGSLER","ADET","20.00","TRY","78.54","22","in_stock","https://bayi.euro-mix.com.tr/Content/img/Stokpic/Normal/6929.png"
"euromix-stock","FTG 070","1234590921127","GALVANİZ 1""1/4 DEN 1/2 YE REDÜKSİYON","EUROMIX","GALVENİZ FİTTİNGSLER","ADET","20.00","TRY","84.99","0","out_of_stock","https://bayi.euro-mix.com.tr/Content/img/Stokpic/Normal/6930.png"
"euromix-stock","FTG 071","1234590926245","GALVANİZ 1""1/4 KUYRUKLU DİRSEK","EUROMIX","GALVENİZ FİTTİNGSLER","ADET","20.00","TRY","219.24","1","in_stock","https://bayi.euro-mix.com.tr/Content/img/Stokpic/Normal/6931.png"
"euromix-stock","FTG 072","1234590923022","GALVANİZ 3"" MANŞON","EUROMIX","GALVENİZ FİTTİNGSLER","ADET","20.00","TRY","240.26","3","in_stock","https://bayi.euro-mix.com.tr/Content/img/Stokpic/Normal/2175.png"
"euromix-stock","FTG 073","1234590926337","GALVANİZ 2""1/2 DİRSEK","EUROMIX","GALVENİZ FİTTİNGSLER","ADET","20.00","TRY","706.86","2","in_stock","https://bayi.euro-mix.com.tr/Content/img/Stokpic/Normal/2176.png"
"euromix-stock","FTG 074","1234590926542","GALVANİZ 2""1/2 NİPEL","EUROMIX","GALVENİZ FİTTİNGSLER","ADET","20.00","TRY","278.46","0","out_of_stock","https://bayi.euro-mix.com.tr/Content/img/Stokpic/Normal/2177.png"
"euromix-stock","FTG 075","1234590926191","GALVANİZ 2""-1/2-2"" İNEGAL TE","EUROMIX","GALVENİZ FİTTİNGSLER","ADET","20.00","TRY","13.31","0","out_of_stock","https://bayi.euro-mix.com.tr/Content/img/Stokpic/Normal/3215.png"
"euromix-stock","FTG 076","1234590926306","GALVANİZ 2""-3/4-2"" İNEGAL TE","EUROMIX","GALVENİZ FİTTİNGSLER","ADET","20.00","TRY","13.31","0","out_of_stock","https://bayi.euro-mix.com.tr/Content/img/Stokpic/Normal/3216.png"
"euromix-stock","FTG 077","1234590926399","GALVANİZ 3/4-1""-3/4 İNEGAL TE","EUROMIX","GALVENİZ FİTTİNGSLER","ADET","20.00","TRY","9.61","0","out_of_stock","https://bayi.euro-mix.com.tr/Content/img/Stokpic/Normal/3218.png"
"euromix-stock","FTG 078","1234590926290","GALVANİZ 2""-1""-2"" İNEGAL TE","EUROMIX","GALVENİZ FİTTİNGSLER","ADET","20.00","TRY","13.31","0","out_of_stock","https://bayi.euro-mix.com.tr/Content/img/Stokpic/Normal/3219.png"
"euromix-stock","FTG 079","1234590926283","GALVANİZ 1""-1/2-1"" İNEGAL TE","EUROMIX","GALVENİZ FİTTİNGSLER","ADET","20.00","TRY","9.61","0","out_of_stock","https://bayi.euro-mix.com.tr/Content/img/Stokpic/Normal/3220.png"
"euromix-stock","FTG 080","1234590933717","GALVANİZ 3""' DİRSEK","EUROMIX","GALVENİZ FİTTİNGSLER","ADET","20.00","TRY","999.60","0","out_of_stock","https://bayi.euro-mix.com.tr/Content/img/Stokpic/Normal/3436.png"
"euromix-stock","FTG 081","1234590939092","GALVANİZ 1/2 KONİK REKOR","EUROMIX","GALVENİZ FİTTİNGSLER","ADET","20.00","TRY","200.76","14","in_stock","https://bayi.euro-mix.com.tr/Content/img/Stokpic/Normal/6932.png"
"euromix-stock","FTG 082","1234590939108","GALVANİZ 1"" KUYRUKLU DİRSEK","EUROMIX","GALVENİZ FİTTİNGSLER","ADET","20.00","TRY","118.24","20","in_stock","https://bayi.euro-mix.com.tr/Content/img/Stokpic/Normal/6933.png"
"euromix-stock","FTG 083","1234590939115","GALVANİZ 2"" KUYRUKLU DİRSEK","EUROMIX","GALVENİZ FİTTİNGSLER","ADET","20.00","TRY","321.30","0","out_of_stock","https://bayi.euro-mix.com.tr/Content/img/Stokpic/Normal/6934.png"
"euromix-stock","FTG 084","1234590939122","GALVANİZ 1""1/2 KUYRUKLU DİRSEK","EUROMIX","GALVENİZ FİTTİNGSLER","ADET","20.00","TRY","244.19","0","out_of_stock","https://bayi.euro-mix.com.tr/Content/img/Stokpic/Normal/6935.png"
"euromix-stock","FTG 085","1234590942030","GALVANİZ 3/4-1""-3/4 İNEGAL TE","EUROMIX","GALVENİZ FİTTİNGSLER","ADET","20.00","TRY","9.61","0","out_of_stock",""
"euromix-stock","FTG 086","1234590942047","GALVANİZ 11/4"" DEN 1"" E MANŞON REDÜKSİYON","EUROMIX","GALVENİZ FİTTİNGSLER","ADET","20.00","TRY","110.86","0","out_of_stock","https://bayi.euro-mix.com.tr/Content/img/Stokpic/Normal/6936.png"
"euromix-stock","FTG 087","1234590942054","GALVANİZ 11/2"" DEN 11/4"" E MANŞON REDÜKSİYON","EUROMIX","GALVENİZ FİTTİNGSLER","ADET","20.00","TRY","179.83","0","out_of_stock","https://bayi.euro-mix.com.tr/Content/img/Stokpic/Normal/6937.png"
"euromix-stock","FTG 088","1234590942061","GALVANİZ 11/2"" DEN 1"" E MANŞON REDÜKSİYON","EUROMIX","GALVENİZ FİTTİNGSLER","ADET","20.00","TRY","179.83","13","in_stock","https://bayi.euro-mix.com.tr/Content/img/Stokpic/Normal/6938.png"
"euromix-stock","FTG 089","","GALVANİZ 3"" KONİK REKOR","EUROMIX","GALVENİZ FİTTİNGSLER","ADET","20.00","TRY","1899.24","0","out_of_stock",""
"euromix-stock","FTG 090","","GALVANİZ 3"" TE","EUROMIX","GALVENİZ FİTTİNGSLER","ADET","20.00","TRY","1170.96","0","out_of_stock",""
"euromix-stock","FTG 091","","GALVANİZ 21/2"" DEN 11/4 YE REDÜKSİYON","EUROMIX","GALVENİZ FİTTİNGSLER","ADET","20.00","TRY","342.72","26","in_stock",""
"euromix-stock","FTG 092","","GALVANİZ 3"" DEN 11/4"" YE REDÜKSİYON","EUROMIX","GALVENİZ FİTTİNGSLER","ADET","20.00","TRY","428.40","0","out_of_stock",""
"euromix-stock","FTG 093","","GALVANİZ 3"" DEN 11/2"" YE REDÜKSİYON","EUROMIX","GALVENİZ FİTTİNGSLER","ADET","20.00","TRY","428.40","0","out_of_stock",""
"euromix-stock","FTG 094","","GALVANİZ 3"" DEN 1/2"" YE REDÜKSİYON","EUROMIX","GALVENİZ FİTTİNGSLER","ADET","20.00","TRY","428.40","0","out_of_stock",""
"euromix-stock","FTG 095","","GALVANİZ 2""1/2 DEN 1""1/2"" YE REDÜKSİYON","EUROMIX","GALVENİZ FİTTİNGSLER","ADET","20.00","TRY","342.72","24","in_stock",""
"euromix-stock","FTG 096","","GALVANİZ 1/2 HORTUM REKORU","EUROMIX","GALVENİZ FİTTİNGSLER","ADET","20.00","TRY","53.37","90","in_stock","https://bayi.euro-mix.com.tr/Content/img/Stokpic/Normal/8215.png"
"euromix-stock","FTG 097","","GALVANİZ 3/4 HORTUM REKORU","EUROMIX","GALVENİZ FİTTİNGSLER","ADET","20.00","TRY","56.04","60","in_stock","https://bayi.euro-mix.com.tr/Content/img/Stokpic/Normal/8216.png"
"euromix-stock","FTG 098","","GALVANİZ 1"" HORTUM REKORU","EUROMIX","GALVENİZ FİTTİNGSLER","ADET","20.00","TRY","56.46","80","in_stock","https://bayi.euro-mix.com.tr/Content/img/Stokpic/Normal/8217.png"
"euromix-stock","FTG 099","","GALVANİZ 1""1/4 HORTUM REKORU","EUROMIX","GALVENİZ FİTTİNGSLER","ADET","20.00","TRY","93.41","38","in_stock","https://bayi.euro-mix.com.tr/Content/img/Stokpic/Normal/8218.png"
"euromix-stock","FTG 100","","GALVANİZ 1""1/2 HORTUM REKORU","EUROMIX","GALVENİZ FİTTİNGSLER","ADET","20.00","TRY","102.75","40","in_stock","https://bayi.euro-mix.com.tr/Content/img/Stokpic/Normal/8219.png"
"euromix-stock","FTG 101","","GALVANİZ 2"" HORTUM REKORU","EUROMIX","GALVENİZ FİTTİNGSLER","ADET","20.00","TRY","133.43","0","out_of_stock","https://bayi.euro-mix.com.tr/Content/img/Stokpic/Normal/8220.png"
"euromix-stock","FTG 102","","GALVANİZ 2""1/2 HORTUM REKORU","EUROMIX","GALVENİZ FİTTİNGSLER","ADET","20.00","TRY","180.15","15","in_stock","https://bayi.euro-mix.com.tr/Content/img/Stokpic/Normal/8221.png"
"euromix-stock","FTG 103","","GALVANİZ 3"" HORTUM REKORU","EUROMIX","GALVENİZ FİTTİNGSLER","ADET","20.00","TRY","226.83","0","out_of_stock","https://bayi.euro-mix.com.tr/Content/img/Stokpic/Normal/8222.png"
"euromix-stock","FTG 104","","GALVANİZ 4"" HORTUM REKORU","EUROMIX","GALVENİZ FİTTİNGSLER","ADET","20.00","TRY","366.93","0","out_of_stock","https://bayi.euro-mix.com.tr/Content/img/Stokpic/Normal/8223.png"
"euromix-stock","FTS 001","1234590911166","SİYAH 1/2 KÖRTAPA","EUROMIX","SİYAH FİTTİNGSLER","ADET","20.00","TRY","15.29","0","out_of_stock","https://bayi.euro-mix.com.tr/Content/img/Stokpic/Normal/6939.png"
"euromix-stock","FTS 002","1234590911173","SİYAH 3/4 KÖRTAPA","EUROMIX","SİYAH FİTTİNGSLER","ADET","20.00","TRY","20.33","182","in_stock","https://bayi.euro-mix.com.tr/Content/img/Stokpic/Normal/6940.png"
"euromix-stock","FTS 003","1234590911180","SİYAH 1"" KÖRTAPA","EUROMIX","SİYAH FİTTİNGSLER","ADET","20.00","TRY","27.72","80","in_stock","https://bayi.euro-mix.com.tr/Content/img/Stokpic/Normal/6941.png"
"euromix-stock","FTS 004","1234590911197","SİYAH 1/2 DİRSEK","EUROMIX","SİYAH FİTTİNGSLER","ADET","20.00","TRY","29.57","56","in_stock","https://bayi.euro-mix.com.tr/Content/img/Stokpic/Normal/6942.png"
"euromix-stock","FTS 005","1234590911203","SİYAH 3/4 DİRSEK","EUROMIX","SİYAH FİTTİNGSLER","ADET","20.00","TRY","44.34","90","in_stock","https://bayi.euro-mix.com.tr/Content/img/Stokpic/Normal/6943.png"
"euromix-stock","FTS 006","1234590911210","SİYAH 1"" DİRSEK","EUROMIX","SİYAH FİTTİNGSLER","ADET","20.00","TRY","67.74","48","in_stock","https://bayi.euro-mix.com.tr/Content/img/Stokpic/Normal/6944.png"
"euromix-stock","FTS 007","1234590911227","SİYAH 1/2 NİPEL","EUROMIX","SİYAH FİTTİNGSLER","ADET","20.00","TRY","30.79","123","in_stock","https://bayi.euro-mix.com.tr/Content/img/Stokpic/Normal/6945.png"
"euromix-stock","FTS 008","1234590911234","SİYAH 3/4 NİPEL","EUROMIX","SİYAH FİTTİNGSLER","ADET","20.00","TRY","40.66","76","in_stock","https://bayi.euro-mix.com.tr/Content/img/Stokpic/Normal/6946.png"
"euromix-stock","FTS 009","1234590911241","SİYAH 1"" NİPEL","EUROMIX","SİYAH FİTTİNGSLER","ADET","20.00","TRY","59.12","142","in_stock","https://bayi.euro-mix.com.tr/Content/img/Stokpic/Normal/6947.png"
"euromix-stock","FTS 010","1234590911258","SİYAH 1/2 TE","EUROMIX","SİYAH FİTTİNGSLER","ADET","20.00","TRY","44.34","98","in_stock","https://bayi.euro-mix.com.tr/Content/img/Stokpic/Normal/6948.png"
"euromix-stock","FTS 011","1234590911265","SİYAH 3/4 TE","EUROMIX","SİYAH FİTTİNGSLER","ADET","20.00","TRY","76.37","99","in_stock","https://bayi.euro-mix.com.tr/Content/img/Stokpic/Normal/6949.png"
"euromix-stock","FTS 012","1234590911272","SİYAH 1"" TE","EUROMIX","SİYAH FİTTİNGSLER","ADET","20.00","TRY","105.92","23","in_stock","https://bayi.euro-mix.com.tr/Content/img/Stokpic/Normal/6950.png"
"euromix-stock","FTS 013","1234590911289","SİYAH 1/2 MANŞON","EUROMIX","SİYAH FİTTİNGSLER","ADET","20.00","TRY","17.25","375","in_stock","https://bayi.euro-mix.com.tr/Content/img/Stokpic/Normal/6951.png"
"euromix-stock","FTS 014","1234590911791","SİYAH 3/4 MANŞON","EUROMIX","SİYAH FİTTİNGSLER","ADET","20.00","TRY","20.95","122","in_stock","https://bayi.euro-mix.com.tr/Content/img/Stokpic/Normal/6952.png"
"euromix-stock","FTS 015","1234590911616","SİYAH 1"" MANŞON","EUROMIX","SİYAH FİTTİNGSLER","ADET","20.00","TRY","30.79","175","in_stock","https://bayi.euro-mix.com.tr/Content/img/Stokpic/Normal/6953.png"
"euromix-stock","FTS 016","1234590911296","SİYAH 1/2 KUYRUKLU DİRSEK","EUROMIX","SİYAH FİTTİNGSLER","ADET","20.00","TRY","36.96","261","in_stock","https://bayi.euro-mix.com.tr/Content/img/Stokpic/Normal/6954.png"
"euromix-stock","FTS 017","1234590911302","SİYAH 3/4 KUYRUKLU DİRSEK","EUROMIX","SİYAH FİTTİNGSLER","ADET","20.00","TRY","59.12","114","in_stock","https://bayi.euro-mix.com.tr/Content/img/Stokpic/Normal/6955.png"
"euromix-stock","FTS 018","1234590911319","SİYAH 1"" KUYRUKLU DİRSEK","EUROMIX","SİYAH FİTTİNGSLER","ADET","20.00","TRY","94.85","26","in_stock","https://bayi.euro-mix.com.tr/Content/img/Stokpic/Normal/6956.png"
"euromix-stock","FTS 019","1234590926252","SİYAH 1""1/4 DİRSEK","EUROMIX","SİYAH FİTTİNGSLER","ADET","20.00","TRY","137.94","0","out_of_stock","https://bayi.euro-mix.com.tr/Content/img/Stokpic/Normal/6957.png"
"euromix-stock","FTS 020","1234590926313","SİYAH 1""1/2 DİRSEK","EUROMIX","SİYAH FİTTİNGSLER","ADET","20.00","TRY","224.16","0","out_of_stock","https://bayi.euro-mix.com.tr/Content/img/Stokpic/Normal/6958.png"
"euromix-stock","FTS 021","1234590926221","SİYAH 2"" DİRSEK","EUROMIX","SİYAH FİTTİNGSLER","ADET","20.00","TRY","173.51","25","in_stock","https://bayi.euro-mix.com.tr/Content/img/Stokpic/Normal/6959.png"
"euromix-stock","FTS 022","1234590926559","SİYAH 2""1/2 DİRSEK","EUROMIX","SİYAH FİTTİNGSLER","ADET","20.00","TRY","477.81","0","out_of_stock","https://bayi.euro-mix.com.tr/Content/img/Stokpic/Normal/2199.png"
"euromix-stock","FTS 023","1234590916642","SİYAH 1"" TEST DİRSEĞİ","EUROMIX","SİYAH FİTTİNGSLER","ADET","20.00","TRY","11.68","0","out_of_stock","https://bayi.euro-mix.com.tr/Content/img/Stokpic/Normal/2200.png"
"euromix-stock","FTS 024","1234590916666","SİYAH 3/4 DEN 1/2 YE REDÜKSİYON","EUROMIX","SİYAH FİTTİNGSLER","ADET","20.00","TRY","32.04","152","in_stock","https://bayi.euro-mix.com.tr/Content/img/Stokpic/Normal/6960.png"
"euromix-stock","FTS 025","1234590916673","SİYAH 1"" DEN 3/4 E REDÜKSİYON","EUROMIX","SİYAH FİTTİNGSLER","ADET","20.00","TRY","60.98","147","in_stock","https://bayi.euro-mix.com.tr/Content/img/Stokpic/Normal/6961.png"
"euromix-stock","FTS 026","1234590917670","SİYAH 1""1/4 NİPEL","EUROMIX","SİYAH FİTTİNGSLER","ADET","20.00","TRY","82.52","0","out_of_stock","https://bayi.euro-mix.com.tr/Content/img/Stokpic/Normal/6962.png"
"euromix-stock","FTS 027","1234590917700","SİYAH 1""1/2 MANŞON","EUROMIX","SİYAH FİTTİNGSLER","ADET","20.00","TRY","50.50","0","out_of_stock","https://bayi.euro-mix.com.tr/Content/img/Stokpic/Normal/6963.png"
"euromix-stock","FTS 028","1234590918202","SİYAH 2"" MANŞON","EUROMIX","SİYAH FİTTİNGSLER","ADET","20.00","TRY","66.06","30","in_stock","https://bayi.euro-mix.com.tr/Content/img/Stokpic/Normal/6964.png"
"euromix-stock","FTS 029","1234590918219","SİYAH 2"" NİPEL","EUROMIX","SİYAH FİTTİNGSLER","ADET","20.00","TRY","109.54","0","out_of_stock","https://bayi.euro-mix.com.tr/Content/img/Stokpic/Normal/6965.png"
"euromix-stock","FTS 030","1234590918226","SİYAH 1""1/2 NİPEL","EUROMIX","SİYAH FİTTİNGSLER","ADET","20.00","TRY","97.31","0","out_of_stock","https://bayi.euro-mix.com.tr/Content/img/Stokpic/Normal/6966.png"
"euromix-stock","FTS 031","1234590918639","SİYAH 1"" DEN 1/2 YE REDÜKSİYON","EUROMIX","SİYAH FİTTİNGSLER","ADET","20.00","TRY","31.10","98","in_stock","https://bayi.euro-mix.com.tr/Content/img/Stokpic/Normal/6967.png"
"euromix-stock","FTS 032","1234590926207","SİYAH 1""1/4 MANŞON","EUROMIX","SİYAH FİTTİNGSLER","ADET","20.00","TRY","43.11","1","in_stock","https://bayi.euro-mix.com.tr/Content/img/Stokpic/Normal/6968.png"
"euromix-stock","FTS 033","1234590918752","SİYAH 1""1/4 TE","EUROMIX","SİYAH FİTTİNGSLER","ADET","20.00","TRY","199.53","0","out_of_stock","https://bayi.euro-mix.com.tr/Content/img/Stokpic/Normal/6969.png"
"euromix-stock","FTS 034","1234590918769","PATENT 1"" DİRSEK","EUROMIX","FİTİNGSLER","ADET","20.00","TRY","4.05","0","out_of_stock","https://bayi.euro-mix.com.tr/Content/img/Stokpic/Normal/2211.png"
"euromix-stock","FTS 035","1234590926276","PATENT 3/4 DİRSEK","EUROMIX","FİTİNGSLER","ADET","20.00","TRY","5.31","0","out_of_stock","https://bayi.euro-mix.com.tr/Content/img/Stokpic/Normal/2212.png"
"euromix-stock","FTS 036","1234590919940","SİYAH 3/4 DEN 1/2 YE MANŞON REDÜKSİYON","EUROMIX","SİYAH FİTTİNGSLER","ADET","20.00","TRY","64.04","0","out_of_stock","https://bayi.euro-mix.com.tr/Content/img/Stokpic/Normal/6970.png"
"euromix-stock","FTS 037","1234590920458","SİYAH 1"" DEN 3/4 E MANŞON REDÜKSİYON","EUROMIX","SİYAH FİTTİNGSLER","ADET","20.00","TRY","73.90","1","in_stock","https://bayi.euro-mix.com.tr/Content/img/Stokpic/Normal/6971.png"
"euromix-stock","FTS 038","1234590923015","SİYAH 2"" TE","EUROMIX","SİYAH FİTTİNGSLER","ADET","20.00","TRY","378.42","4","in_stock","https://bayi.euro-mix.com.tr/Content/img/Stokpic/Normal/6972.png"
"euromix-stock","FTS 039","1234590926238","SİYAH 1"" TEST MAŞONU","EUROMIX","SİYAH FİTTİNGSLER","ADET","20.00","TRY","11.68","0","out_of_stock","https://bayi.euro-mix.com.tr/Content/img/Stokpic/Normal/2216.png"
"euromix-stock","FTS 041","1234590926733","SİYAH 1"" DEN 1/2 E MANŞON REDÜKSİYON","EUROMIX","SİYAH FİTTİNGSLER","ADET","20.00","TRY","80.07","0","out_of_stock","https://bayi.euro-mix.com.tr/Content/img/Stokpic/Normal/6973.png"
"euromix-stock","FTS 042","1234590937579","SİYAH 1""1/2 TE","EUROMIX","SİYAH FİTTİNGSLER","ADET","20.00","TRY","288.22","0","out_of_stock","https://bayi.euro-mix.com.tr/Content/img/Stokpic/Normal/6974.png"
"euromix-stock","FTS 043","1234590939139","SİYAH 1""1/4 KÖRTAPA","EUROMIX","SİYAH FİTTİNGSLER","ADET","20.00","TRY","55.44","0","out_of_stock","https://bayi.euro-mix.com.tr/Content/img/Stokpic/Normal/6975.png"
"euromix-stock","FTS 044","1234590939146","SİYAH 1""1/2 KÖRTAPA","EUROMIX","SİYAH FİTTİNGSLER","ADET","20.00","TRY","70.21","0","out_of_stock","https://bayi.euro-mix.com.tr/Content/img/Stokpic/Normal/6976.png"
"euromix-stock","FTS 045","1234590939153","SİYAH 2"" KÖRTAPA","EUROMIX","SİYAH FİTTİNGSLER","ADET","20.00","TRY","72.12","0","out_of_stock","https://bayi.euro-mix.com.tr/Content/img/Stokpic/Normal/6977.png"
"euromix-stock","FTS 046","1234590939160","SİYAH 1""1/4 DEN 1"" E REDÜKSİYON","EUROMIX","SİYAH FİTTİNGSLER","ADET","20.00","TRY","61.59","0","out_of_stock","https://bayi.euro-mix.com.tr/Content/img/Stokpic/Normal/6978.png"
"euromix-stock","FTS 047","1234590939177","SİYAH 1""1/2 DEN 1""1/4 E REDÜKSİYON","EUROMIX","SİYAH FİTTİNGSLER","ADET","20.00","TRY","82.52","0","out_of_stock","https://bayi.euro-mix.com.tr/Content/img/Stokpic/Normal/6979.png"
"euromix-stock","FTS 048","1234590939184","SİYAH 1""1/2 DEN 1"" E REDÜKSİYON","EUROMIX","SİYAH FİTTİNGSLER","ADET","20.00","TRY","70.21","0","out_of_stock","https://bayi.euro-mix.com.tr/Content/img/Stokpic/Normal/6980.png"
"euromix-stock","FTS 049","1234590939191","SİYAH 1""1/2 DEN 3/4 E REDÜKSİYON","EUROMIX","SİYAH FİTTİNGSLER","ADET","20.00","TRY","78.83","0","out_of_stock","https://bayi.euro-mix.com.tr/Content/img/Stokpic/Normal/6981.png"
"euromix-stock","FTS 050","1234590939207","SİYAH 1""1/2 DEN 1/2 E REDÜKSİYON","EUROMIX","SİYAH FİTTİNGSLER","ADET","20.00","TRY","78.83","0","out_of_stock","https://bayi.euro-mix.com.tr/Content/img/Stokpic/Normal/6982.png"
"euromix-stock","FTS 051","1234590939214","SİYAH 1""1/4 DEN 3/4 E REDÜKSİYON","EUROMIX","SİYAH FİTTİNGSLER","ADET","20.00","TRY","68.98","0","out_of_stock","https://bayi.euro-mix.com.tr/Content/img/Stokpic/Normal/6983.png"
"euromix-stock","FTS 052","1234590939221","SİYAH 1""1/4 DEN 1/2 E REDÜKSİYON","EUROMIX","SİYAH FİTTİNGSLER","ADET","20.00","TRY","68.98","10","in_stock","https://bayi.euro-mix.com.tr/Content/img/Stokpic/Normal/6984.png"
"euromix-stock","FTS 053","1234590939238","SİYAH 2"" DEN 1"" E REDÜKSİYON","EUROMIX","SİYAH FİTTİNGSLER","ADET","20.00","TRY","89.41","9","in_stock","https://bayi.euro-mix.com.tr/Content/img/Stokpic/Normal/6985.png"
"euromix-stock","FTS 054","1234590939245","SİYAH 2"" DEN 3/4 E REDÜKSİYON","EUROMIX","SİYAH FİTTİNGSLER","ADET","20.00","TRY","101.54","0","out_of_stock","https://bayi.euro-mix.com.tr/Content/img/Stokpic/Normal/6986.png"
"euromix-stock","FTS 055","1234590939252","SİYAH 2"" DEN 1/2 E REDÜKSİYON","EUROMIX","SİYAH FİTTİNGSLER","ADET","20.00","TRY","101.54","0","out_of_stock","https://bayi.euro-mix.com.tr/Content/img/Stokpic/Normal/6987.png"
"euromix-stock","FTS 056","1234590939269","SİYAH 2"" DEN 1"" 1/2 E REDÜKSİYON","EUROMIX","SİYAH FİTTİNGSLER","ADET","20.00","TRY","101.54","0","out_of_stock","https://bayi.euro-mix.com.tr/Content/img/Stokpic/Normal/6988.png"
"euromix-stock","FTS 057","1234590939276","SİYAH 2"" DEN 1"" 1/4 E REDÜKSİYON","EUROMIX","SİYAH FİTTİNGSLER","ADET","20.00","TRY","89.41","0","out_of_stock","https://bayi.euro-mix.com.tr/Content/img/Stokpic/Normal/6989.png"
"euromix-stock","FTS 058","1234590939283","SİYAH 2""1/2 DEN 2"" E REDÜKSİYON","EUROMIX","SİYAH FİTTİNGSLER","ADET","20.00","TRY","173.46","0","out_of_stock","https://bayi.euro-mix.com.tr/Content/img/Stokpic/Normal/6990.png"
"euromix-stock","FTS 059","1234590939290","SİYAH 3"" DEN 2"" E REDÜKSİYON","EUROMIX","SİYAH FİTTİNGSLER","ADET","20.00","TRY","213.49","0","out_of_stock","https://bayi.euro-mix.com.tr/Content/img/Stokpic/Normal/6991.png"
"euromix-stock","FTS 060","1234590939306","SİYAH 3"" DEN 2"" 1/2 E REDÜKSİYON","EUROMIX","SİYAH FİTTİNGSLER","ADET","20.00","TRY","200.16","0","out_of_stock","https://bayi.euro-mix.com.tr/Content/img/Stokpic/Normal/6992.png"
"euromix-stock","FTS 061","1234590939429","SİYAH 1/2 KONİK REKOR","EUROMIX","SİYAH FİTTİNGSLER","ADET","20.00","TRY","160.12","0","out_of_stock","https://bayi.euro-mix.com.tr/Content/img/Stokpic/Normal/6993.png"
"euromix-stock","FTS 062","1234590939436","SİYAH 3/4 KONİK REKOR","EUROMIX","SİYAH FİTTİNGSLER","ADET","20.00","TRY","178.60","0","out_of_stock","https://bayi.euro-mix.com.tr/Content/img/Stokpic/Normal/6994.png"
"euromix-stock","FTS 063","1234590939443","SİYAH 1"" KONİK REKOR","EUROMIX","SİYAH FİTTİNGSLER","ADET","20.00","TRY","210.62","1","in_stock","https://bayi.euro-mix.com.tr/Content/img/Stokpic/Normal/6995.png"
"euromix-stock","FTS 064","1234590939450","SİYAH 1""1/4 KONİK REKOR","EUROMIX","SİYAH FİTTİNGSLER","ADET","20.00","TRY","374.42","0","out_of_stock","https://bayi.euro-mix.com.tr/Content/img/Stokpic/Normal/6996.png"
"euromix-stock","FTS 065","1234590939467","SİYAH 1""1/2 KONİK REKOR","EUROMIX","SİYAH FİTTİNGSLER","ADET","20.00","TRY","440.93","0","out_of_stock","https://bayi.euro-mix.com.tr/Content/img/Stokpic/Normal/6997.png"
"euromix-stock","FTS 066","1234590939474","SİYAH 2"" KONİK REKOR","EUROMIX","SİYAH FİTTİNGSLER","ADET","20.00","TRY","447.12","6","in_stock","https://bayi.euro-mix.com.tr/Content/img/Stokpic/Normal/6998.png"
"euromix-stock","FTS 067","1234590939481","SİYAH 1""1/4 KUYRUKLU DİRSEK","EUROMIX","SİYAH FİTTİNGSLER","ADET","20.00","TRY","178.60","0","out_of_stock","https://bayi.euro-mix.com.tr/Content/img/Stokpic/Normal/6999.png"
"euromix-stock","FTS 068","1234590939498","SİYAH 1""1/2 KUYRUKLU DİRSEK","EUROMIX","SİYAH FİTTİNGSLER","ADET","20.00","TRY","243.87","0","out_of_stock","https://bayi.euro-mix.com.tr/Content/img/Stokpic/Normal/7000.png"
"euromix-stock","FTS 069","1234590939504","SİYAH 2"" KUYRUKLU DİRSEK","EUROMIX","SİYAH FİTTİNGSLER","ADET","20.00","TRY","220.20","0","out_of_stock","https://bayi.euro-mix.com.tr/Content/img/Stokpic/Normal/7001.png"
"euromix-stock","GH 001","1234590924173","GIRTLAK HORTUMU 11/4 50METRE","EUROMIX","GITLAK HORTUMLAR","ADET","20.00","TRY","2360.67","1","in_stock","https://bayi.euro-mix.com.tr/Content/img/Stokpic/Normal/2218.png"
"euromix-stock","GH 005","1234590927853","5/8 KLİMA HORTUMU (50m)","EUROMIX","HORTUMLAR","ADET","20.00","TRY","1129.03","2","in_stock",""
"euromix-stock","GR 001","963689400008","GÖMME REZERVUAR TUĞLA TİPİ MAT YUV. BUTON","EUROMIX","GÖMME REZERVUAR VE İÇ TAKIMLAR","ADET","20.00","TRY","2120.58","0","out_of_stock","https://bayi.euro-mix.com.tr/Content/img/Stokpic/Normal/2219.png"
"euromix-stock","GRP 005","1234590925859","3 LÜ GRUP PRİZ","EUROMIX","ELEKTİRİK","ADET","20.00","TRY","59.62","0","out_of_stock","https://bayi.euro-mix.com.tr/Content/img/Stokpic/Normal/3363.png"
"euromix-stock","HK 001","1234590917908","3/4 DEN 1/2 YE HIRSIZ KELEPÇE","EUROMIX","KELEPÇELER","ADET","20.00","TRY","123.16","102","in_stock","https://bayi.euro-mix.com.tr/Content/img/Stokpic/Normal/7004.png"
"euromix-stock","HU 001","1234500001512","MİX HORTUM UCU (PRİNÇ)","EUROMIX","PERLATÖR VE BORU UÇLARI","ADET","20.00","TRY","28.74","0","out_of_stock","https://bayi.euro-mix.com.tr/Content/img/Stokpic/Normal/2221.png"
"euromix-stock","IC TK 002","1234590922407","EUROMİX BASMALI İÇ TAKIM (P)","EUROMIX","GÖMME REZERVUAR VE İÇ TAKIMLAR","ADET","20.00","TRY","225.62","956","in_stock","https://bayi.euro-mix.com.tr/Content/img/Stokpic/Normal/7005.png"
"euromix-stock","IC TK 009","1234590926887","SİAMP İÇ TAKIM 22/93","EUROMIX","GÖMME REZERVUAR VE İÇ TAKIMLAR","ADET","20.00","TRY","571.20","28","in_stock","https://bayi.euro-mix.com.tr/Content/img/Stokpic/Normal/7006.png"
"euromix-stock","IC TK 014","1234500004186","İÇ TAKIM BASMA BUTONU","EUROMIX","GÖMME REZERVUAR VE İÇ TAKIMLAR","ADET","20.00","TRY","36.96","53","in_stock","https://bayi.euro-mix.com.tr/Content/img/Stokpic/Normal/2225.png"
"euromix-stock","IC TK 016","1234500004216","İÇ TAKIM SÜNGERİ KALIN","EUROMIX","GÖMME REZERVUAR VE İÇ TAKIMLAR","ADET","20.00","TRY","14.38","876","in_stock","https://bayi.euro-mix.com.tr/Content/img/Stokpic/Normal/2227.png"
"euromix-stock","IC TK 016-1","1234590919568","İÇ TAKIM SÜNGERİ İNCE","EUROMIX","GÖMME REZERVUAR VE İÇ TAKIMLAR","ADET","20.00","TRY","6.43","0","out_of_stock","https://bayi.euro-mix.com.tr/Content/img/Stokpic/Normal/2228.png"
"euromix-stock","IC TK 020","1234590926917","SİAMP FLATÖR 93A - ALTTAN","EUROMIX","TAHRAT ÇUBUKLARI","ADET","20.00","TRY","214.20","0","out_of_stock","https://bayi.euro-mix.com.tr/Content/img/Stokpic/Normal/7007.png"
"euromix-stock","IC TK 021","1234590926924","SİAMP İÇ TAKIM ÇİFT BASMALI 49/93","EUROMIX","GÖMME REZERVUAR VE İÇ TAKIMLAR","ADET","20.00","TRY","964.81","0","out_of_stock","https://bayi.euro-mix.com.tr/Content/img/Stokpic/Normal/7008.png"
"euromix-stock","IK 001","1234500001598","İPLİ KLEPE","EUROMIX","VİTRİFİYE MALZEMELERİ","ADET","20.00","TRY","32.84","6","in_stock","https://bayi.euro-mix.com.tr/Content/img/Stokpic/Normal/2233.png"
"euromix-stock","JAK 001","1234590917373","1/2 ERKEK GÖVDE","EUROMIX","SARI FİTTİNGSLER","ADET","20.00","TRY","156.00","379","in_stock","https://bayi.euro-mix.com.tr/Content/img/Stokpic/Normal/7015.png"
"euromix-stock","JAK 003","1234590917380","1/2 HORTUM DİŞİ GÖVDE","EUROMIX","SARI FİTTİNGSLER","ADET","20.00","TRY","172.44","1259","in_stock","https://bayi.euro-mix.com.tr/Content/img/Stokpic/Normal/7016.png"
"euromix-stock","JAK 005","1234590917397","8 MM HAVA HORTUM UCU","EUROMIX","SARI FİTTİNGSLER","ADET","20.00","TRY","34.99","287","in_stock","https://bayi.euro-mix.com.tr/Content/img/Stokpic/Normal/7017.png"
"euromix-stock","JAK 006","1234590917649","8 MM HAVA HORTUM GÖVDE","EUROMIX","SARI FİTTİNGSLER","ADET","20.00","TRY","166.27","0","out_of_stock","https://bayi.euro-mix.com.tr/Content/img/Stokpic/Normal/7018.png"
"euromix-stock","JAK 007","1234590917915","10 MM HAVA HORTUM UCU","EUROMIX","SARI FİTTİNGSLER","ADET","20.00","TRY","36.96","93","in_stock","https://bayi.euro-mix.com.tr/Content/img/Stokpic/Normal/7019.png"
"euromix-stock","JAK 008","1234590918974","1/2 HAVA ERKEK UÇ","EUROMIX","SARI FİTTİNGSLER","ADET","20.00","TRY","59.54","0","out_of_stock","https://bayi.euro-mix.com.tr/Content/img/Stokpic/Normal/7020.png"
"euromix-stock","JAK 009","1234590918981","3/8 HAVA ERKEK UÇ","EUROMIX","SARI FİTTİNGSLER","ADET","20.00","TRY","156.00","127","in_stock","https://bayi.euro-mix.com.tr/Content/img/Stokpic/Normal/7021.png"
"euromix-stock","JAK 010","1234590918998","1/4 HAVA ERKEK UÇ","EUROMIX","SARI FİTTİNGSLER","ADET","20.00","TRY","44.27","0","out_of_stock","https://bayi.euro-mix.com.tr/Content/img/Stokpic/Normal/7022.png"
"euromix-stock","JAK 011","1234590919001","1/8 HAVA ERKEK UÇ","EUROMIX","SARI FİTTİNGSLER","ADET","20.00","TRY","40.03","35","in_stock","https://bayi.euro-mix.com.tr/Content/img/Stokpic/Normal/7023.png"
"euromix-stock","JAK 012","1234590919018","1/2 HAVA DİŞİ UÇ","EUROMIX","SARI FİTTİNGSLER","ADET","20.00","TRY","71.85","142","in_stock","https://bayi.euro-mix.com.tr/Content/img/Stokpic/Normal/7024.png"
"euromix-stock","JAK 013","1234590919025","3/8 HAVA DİŞİ UÇ","EUROMIX","SARI FİTTİNGSLER","ADET","20.00","TRY","54.40","181","in_stock","https://bayi.euro-mix.com.tr/Content/img/Stokpic/Normal/7025.png"
"euromix-stock","JAK 014","1234590919032","1/4 HAVA DİŞİ UÇ","EUROMIX","SARI FİTTİNGSLER","ADET","20.00","TRY","47.22","87","in_stock","https://bayi.euro-mix.com.tr/Content/img/Stokpic/Normal/7026.png"
"euromix-stock","JAK 015","1234590919049","1/8 HAVA DİŞİ UÇ","EUROMIX","SARI FİTTİNGSLER","ADET","20.00","TRY","42.08","133","in_stock","https://bayi.euro-mix.com.tr/Content/img/Stokpic/Normal/7027.png"
"euromix-stock","JAK 016","1234590919056","1/2 HORTUM HAVA ÇATALI 2 Lİ","EUROMIX","SARI FİTTİNGSLER","ADET","20.00","TRY","158.09","28","in_stock","https://bayi.euro-mix.com.tr/Content/img/Stokpic/Normal/7028.png"
"euromix-stock","JAK 017","1234590919063","1/2 HORTUM HAVA ÇATALI 3 LÜ (Y)","EUROMIX","SARI FİTTİNGSLER","ADET","20.00","TRY","221.34","84","in_stock","https://bayi.euro-mix.com.tr/Content/img/Stokpic/Normal/7029.png"
"euromix-stock","JAK 018","1234590919247","8 MM ÜÇLÜ HAVA HORTUM EKLEME (T)","EUROMIX","SARI FİTTİNGSLER","ADET","20.00","TRY","99.96","264","in_stock","https://bayi.euro-mix.com.tr/Content/img/Stokpic/Normal/7030.png"
"euromix-stock","JAK 019","1234590919254","10 MM ÜÇLÜ HAVA HORTUM EKLEME (T)","EUROMIX","SARI FİTTİNGSLER","ADET","20.00","TRY","114.24","118","in_stock","https://bayi.euro-mix.com.tr/Content/img/Stokpic/Normal/7031.png"
"euromix-stock","JAK 020","1234590919261","8 MM HAVA HORTUM EKLEME","EUROMIX","SARI FİTTİNGSLER","ADET","20.00","TRY","36.64","136","in_stock","https://bayi.euro-mix.com.tr/Content/img/Stokpic/Normal/7032.png"
"euromix-stock","JAK 021","1234590919278","10 MM HAVA HORTUM EKLEME","EUROMIX","SARI FİTTİNGSLER","ADET","20.00","TRY","47.43","547","in_stock","https://bayi.euro-mix.com.tr/Content/img/Stokpic/Normal/7033.png"
"euromix-stock","KABK 001","1234590940210","KABLO KANALI 12*12","EUROMIX","ELEKTİRİK","ADET","20.00","TRY","8.20","0","out_of_stock","https://bayi.euro-mix.com.tr/Content/img/Stokpic/Normal/7034.png"
"euromix-stock","KABK 002","1234590940227","KABLO KANALI 16*16","EUROMIX","ELEKTİRİK","ADET","20.00","TRY","11.61","0","out_of_stock","https://bayi.euro-mix.com.tr/Content/img/Stokpic/Normal/7035.png"
"euromix-stock","KABK 003","1234590940234","KABLO KANALI 25*16","EUROMIX","ELEKTİRİK","ADET","20.00","TRY","17.09","0","out_of_stock","https://bayi.euro-mix.com.tr/Content/img/Stokpic/Normal/7036.png"
"euromix-stock","KABK 004","1234590940241","KABLO KANALI 25*25","EUROMIX","ELEKTİRİK","ADET","20.00","TRY","21.18","0","out_of_stock","https://bayi.euro-mix.com.tr/Content/img/Stokpic/Normal/7037.png"
"euromix-stock","KABK 005","1234590940258","KABLO KANALI 40*25","EUROMIX","ELEKTİRİK","ADET","20.00","TRY","30.74","0","out_of_stock","https://bayi.euro-mix.com.tr/Content/img/Stokpic/Normal/7038.png"
"euromix-stock","KABK 006","1234590940265","KABLO KANALI 40*40","EUROMIX","ELEKTİRİK","ADET","20.00","TRY","37.58","0","out_of_stock","https://bayi.euro-mix.com.tr/Content/img/Stokpic/Normal/7039.png"
"euromix-stock","KABK 007","1234590940272","KABLO KANALI 60*40","EUROMIX","ELEKTİRİK","ADET","20.00","TRY","39.28","0","out_of_stock","https://bayi.euro-mix.com.tr/Content/img/Stokpic/Normal/7040.png"
"euromix-stock","KARTUS 001","1234590911418","VAKUMLU 35Ø DÜZ KARTUŞ","EUROMIX","BATARYA YEDEK PARÇALARI","ADET","20.00","TRY","92.25","141","in_stock","https://bayi.euro-mix.com.tr/Content/img/Stokpic/Normal/7041.png"
"euromix-stock","KARTUS 002","1234500001666","VAKUMLU 40Ø AYAKLI KARTUŞ","EUROMIX","BATARYA YEDEK PARÇALARI","ADET","20.00","TRY","92.25","0","out_of_stock","https://bayi.euro-mix.com.tr/Content/img/Stokpic/Normal/7043.png"
"euromix-stock","KARTUS 003","1234500001673","VAKUMLU 40Ø DÜZ KARTUŞ","EUROMIX","BATARYA YEDEK PARÇALARI","ADET","20.00","TRY","92.25","0","out_of_stock","https://bayi.euro-mix.com.tr/Content/img/Stokpic/Normal/7045.png"
"euromix-stock","KARTUS 005","1234590911425","VAKUMLU 35Ø KARTUŞ AYAKLI","EUROMIX","BATARYA YEDEK PARÇALARI","ADET","20.00","TRY","92.25","0","out_of_stock","https://bayi.euro-mix.com.tr/Content/img/Stokpic/Normal/7047.png"
"euromix-stock","KARTUS 007","1234590914600","25Ø DÜZ KARTUŞ","EUROMIX","BATARYA YEDEK PARÇALARI","ADET","20.00","TRY","32.12","7162","in_stock","https://bayi.euro-mix.com.tr/Content/img/Stokpic/Normal/7049.png"
"euromix-stock","KARTUS 008","1234590920588","40Ø ÜSTTEN CONTALI KARTUŞ","EUROMIX","BATARYA YEDEK PARÇALARI","ADET","20.00","TRY","323.20","33","in_stock","https://bayi.euro-mix.com.tr/Content/img/Stokpic/Normal/7050.png"
"euromix-stock","KARTUS 009","1234590920595","40Ø AYAKLI JOYİSTİK KARTUŞ","EUROMIX","BATARYA YEDEK PARÇALARI","ADET","20.00","TRY","297.24","3034","in_stock","https://bayi.euro-mix.com.tr/Content/img/Stokpic/Normal/2261.png"
"euromix-stock","KB 001","1234500001680","KLASİK KUĞU BORUSU (EKO)","EUROMIX","YEDEK PARÇALAR","ADET","20.00","TRY","68.33","0","out_of_stock","https://bayi.euro-mix.com.tr/Content/img/Stokpic/Normal/7056.png"
"euromix-stock","KB 001-1","1234590914761","VAKUMLU KLASİK KUĞU BORU (EKO)","EUROMIX","YEDEK PARÇALAR","ADET","20.00","TRY","85.41","0","out_of_stock","https://bayi.euro-mix.com.tr/Content/img/Stokpic/Normal/7057.png"
"euromix-stock","KB 002","1234500001697","KLASİK DELTA EVYE BORUSU","EUROMIX","YEDEK PARÇALAR","ADET","20.00","TRY","67.65","43","in_stock","https://bayi.euro-mix.com.tr/Content/img/Stokpic/Normal/7058.png"
"euromix-stock","KB 004","1234590913573","KÜRESEL BAS MUSLUĞU (PRİNÇ)","EUROMIX","KÜRESEL MUSLUKLAR","ADET","20.00","TRY","242.76","618","in_stock","https://bayi.euro-mix.com.tr/Content/img/Stokpic/Normal/7059.png"
"euromix-stock","KB 004-1","1234500001703","VAKUMLU KÜRESEL BAS MUSLUĞU (PRİNÇ)","EUROMIX","KÜRESEL MUSLUKLAR","ADET","20.00","TRY","264.18","0","out_of_stock","https://bayi.euro-mix.com.tr/Content/img/Stokpic/Normal/7060.png"
"euromix-stock","KB 006","1234500001727","EVYE KUBAR BORU (Q BORU)","EUROMIX","YEDEK PARÇALAR","ADET","20.00","TRY","235.74","2612","in_stock","https://bayi.euro-mix.com.tr/Content/img/Stokpic/Normal/2269.png"
"euromix-stock","KB 007","1234590911715","YAYLI BAS MUSLUĞU","EUROMIX","BATARYALAR","ADET","20.00","TRY","3161.24","0","out_of_stock","https://bayi.euro-mix.com.tr/Content/img/Stokpic/Normal/2274.png"
"euromix-stock","KB 007-1","","3/4 SIVA ÜSTÜ BAS MUSLUĞU","EUROMIX","BATARYALAR","ADET","20.00","TRY","3161.24","2","in_stock",""
"euromix-stock","KET 002","1234590916826","PRATİK KETEN 20 Lİ (20*10gr)","EUROMIX","MACUN VE KETENLER","ADET","20.00","TRY","321.15","125","in_stock","https://bayi.euro-mix.com.tr/Content/img/Stokpic/Normal/7063.png"
"euromix-stock","KET 003","1234590917625","ŞERİT KETEN 10 LU","EUROMIX","MACUN VE KETENLER","ADET","20.00","TRY","170.82","326","in_stock","https://bayi.euro-mix.com.tr/Content/img/Stokpic/Normal/7064.png"
"euromix-stock","KK 001","1234590922421","EUROMİX KLOZET KAPAĞI","EUROMIX","KLOZET KAPAKLARI","ADET","20.00","TRY","249.90","753","in_stock","https://bayi.euro-mix.com.tr/Content/img/Stokpic/Normal/7065.png"
"euromix-stock","KK 002","1234500001758","PLASTİK PAPATYA KLOZET KAPAĞI","EUROMIX","KLOZET KAPAKLARI","ADET","20.00","TRY","174.48","1","in_stock","https://bayi.euro-mix.com.tr/Content/img/Stokpic/Normal/7066.png"
"euromix-stock","KK 003-2","1234590927525","GALA KLOZET KAPAĞI (SÜVARİ)","EUROMIX","KLOZET KAPAKLARI","ADET","20.00","TRY","431.09","21","in_stock","https://bayi.euro-mix.com.tr/Content/img/Stokpic/Normal/7067.png"
"euromix-stock","KK 005","1234500001765","KÖRÜKLÜ KADA (İZ YAPI)","EUROMIX","KADALAR","ADET","20.00","TRY","165.24","884","in_stock","https://bayi.euro-mix.com.tr/Content/img/Stokpic/Normal/7069.png"
"euromix-stock","KK 005-1","1234500003899","TROBLEM KÖRÜĞÜ 60 CM","EUROMIX","VİTRİFİYE MALZEMELERİ","ADET","20.00","TRY","189.69","178","in_stock","https://bayi.euro-mix.com.tr/Content/img/Stokpic/Normal/7071.png"
"euromix-stock","KK 005-2","1234500004254","DİRSEKLİ KÖRÜKLÜ KADA (İZ YAPI)","EUROMIX","KADALAR","ADET","20.00","TRY","197.48","256","in_stock","https://bayi.euro-mix.com.tr/Content/img/Stokpic/Normal/7072.png"
"euromix-stock","KK 005-3","1234590913412","TROBLEM KÖRÜĞÜ 45 CM","EUROMIX","VİTRİFİYE MALZEMELERİ","ADET","20.00","TRY","159.52","56","in_stock","https://bayi.euro-mix.com.tr/Content/img/Stokpic/Normal/7073.png"
"euromix-stock","KK 005-4","1234590917427","KÖRÜKLÜ KADA KISA (İZ YAPI)","EUROMIX","KADALAR","ADET","20.00","TRY","146.56","0","out_of_stock","https://bayi.euro-mix.com.tr/Content/img/Stokpic/Normal/7074.png"
"euromix-stock","KK 005-5","1234590918820","ÇEKVALFLİ KADA (İZ YAPI)","EUROMIX","KADALAR","ADET","20.00","TRY","287.38","2","in_stock","https://bayi.euro-mix.com.tr/Content/img/Stokpic/Normal/7075.png"
"euromix-stock","KK 005-6","1234590927310","TROBLEM KÖRÜĞÜ 35 CM","EUROMIX","VİTRİFİYE MALZEMELERİ","ADET","20.00","TRY","140.83","129","in_stock","https://bayi.euro-mix.com.tr/Content/img/Stokpic/Normal/7076.png"
"euromix-stock","KK 010","1234500001789","PUF KLOZET KAPAĞI","EUROMIX","KLOZET KAPAKLARI","ADET","20.00","TRY","207.06","39","in_stock","https://bayi.euro-mix.com.tr/Content/img/Stokpic/Normal/7077.png"
"euromix-stock","KK 010-1","1234500001796","PUF KLOZET KAPAĞI (DESENLİ)","EUROMIX","KLOZET KAPAKLARI","ADET","20.00","TRY","214.20","1","in_stock","https://bayi.euro-mix.com.tr/Content/img/Stokpic/Normal/7078.png"
"euromix-stock","KK 010-2","1234590911135","PUF ÇOCUK KAPAĞI","EUROMIX","KLOZET KAPAKLARI","ADET","20.00","TRY","164.22","33","in_stock","https://bayi.euro-mix.com.tr/Content/img/Stokpic/Normal/7079.png"
"euromix-stock","KLP 009","1234590916550","3/4 YAYLI KLEPE","EUROMIX","SARI FİTTİNGSLER","ADET","20.00","TRY","257.04","24","in_stock","https://bayi.euro-mix.com.tr/Content/img/Stokpic/Normal/7094.png"
"euromix-stock","KLP 010","1234590916567","1"" YAYLI KLEPE","EUROMIX","SARI FİTTİNGSLER","ADET","20.00","TRY","314.16","0","out_of_stock","https://bayi.euro-mix.com.tr/Content/img/Stokpic/Normal/7095.png"
"euromix-stock","KLP 013","1234590918677","1""1/4 YAYLI KLEPE","EUROMIX","SARI FİTTİNGSLER","ADET","20.00","TRY","428.40","19","in_stock","https://bayi.euro-mix.com.tr/Content/img/Stokpic/Normal/7096.png"
"euromix-stock","KLP 014","1234590919858","2""1/2 YAYLI KLEPE","EUROMIX","SARI FİTTİNGSLER","ADET","20.00","TRY","1320.90","4","in_stock","https://bayi.euro-mix.com.tr/Content/img/Stokpic/Normal/2325.png"
"euromix-stock","KLP 015","1234590919919","1""1/2 YAYLI KLEPE","EUROMIX","SARI FİTTİNGSLER","ADET","20.00","TRY","594.57","22","in_stock","https://bayi.euro-mix.com.tr/Content/img/Stokpic/Normal/7097.png"
"euromix-stock","KLP 016","1234590919926","2"" YAYLI KLEPE","EUROMIX","SARI FİTTİNGSLER","ADET","20.00","TRY","822.53","18","in_stock","https://bayi.euro-mix.com.tr/Content/img/Stokpic/Normal/7098.png"
"euromix-stock","KLP 018","1234590921578","28-48 HORTUM KELEPÇE","EUROMIX","KELEPÇELER","ADET","20.00","TRY","19.56","350","in_stock","https://bayi.euro-mix.com.tr/Content/img/Stokpic/Normal/2328.png"
"euromix-stock","KLP 019","1234590924050","44-64 HORTUM KELEPÇE","EUROMIX","KELEPÇELER","ADET","20.00","TRY","22.28","600","in_stock","https://bayi.euro-mix.com.tr/Content/img/Stokpic/Normal/2329.png"
"euromix-stock","KLP 020","1234590927471","3"" YAYLI KLEPE","EUROMIX","SARI FİTTİNGSLER","ADET","20.00","TRY","1892.10","0","out_of_stock","https://bayi.euro-mix.com.tr/Content/img/Stokpic/Normal/2330.png"
"euromix-stock","KLP 021","1234590937555","1/2 YAYLI KLEPE","EUROMIX","SARI FİTTİNGSLER","ADET","20.00","TRY","257.04","0","out_of_stock","https://bayi.euro-mix.com.tr/Content/img/Stokpic/Normal/7099.png"
"euromix-stock","KLP 022","1234590937906","51-72 HORTUM KELEPÇE","EUROMIX","KELEPÇELER","ADET","20.00","TRY","24.34","0","out_of_stock","https://bayi.euro-mix.com.tr/Content/img/Stokpic/Normal/3964.png"
"euromix-stock","KLP 023","1234590937913","57-76 HORTUM KELEPÇE","EUROMIX","KELEPÇELER","ADET","20.00","TRY","25.03","0","out_of_stock","https://bayi.euro-mix.com.tr/Content/img/Stokpic/Normal/3965.png"
"euromix-stock","KLP 024","1234590941125","92-96 HORTUM TEL KELEPÇE","EUROMIX","KELEPÇELER","ADET","20.00","TRY","66.02","0","out_of_stock",""
"euromix-stock","KLPC 001","1234500001826","1/2 TRİFONLU KELEPÇE","EUROMIX","KELEPÇELER","ADET","20.00","TRY","14.28","404","in_stock","https://bayi.euro-mix.com.tr/Content/img/Stokpic/Normal/7100.png"
"euromix-stock","KLPC 002","1234500001833","3/4 TRİFONLU KELEPÇE","EUROMIX","KELEPÇELER","ADET","20.00","TRY","15.14","105","in_stock","https://bayi.euro-mix.com.tr/Content/img/Stokpic/Normal/7101.png"
"euromix-stock","KLPC 003","1234500001840","1'' TRİFONLU KELEPÇE","EUROMIX","KELEPÇELER","ADET","20.00","TRY","16.28","371","in_stock","https://bayi.euro-mix.com.tr/Content/img/Stokpic/Normal/7102.png"
"euromix-stock","KLPC 004","1234500001857","1""1/4 TRİFONLU KELEPÇE","EUROMIX","KELEPÇELER","ADET","20.00","TRY","19.14","583","in_stock","https://bayi.euro-mix.com.tr/Content/img/Stokpic/Normal/7103.png"
"euromix-stock","KLPC 005","1234500001864","1""1/2 TRİFONLU KELEPÇE","EUROMIX","KELEPÇELER","ADET","20.00","TRY","21.71","311","in_stock","https://bayi.euro-mix.com.tr/Content/img/Stokpic/Normal/7104.png"
"euromix-stock","KLPC 006","1234500001871","2'' TRİFONLU KELEPÇE","EUROMIX","KELEPÇELER","ADET","20.00","TRY","23.13","207","in_stock","https://bayi.euro-mix.com.tr/Content/img/Stokpic/Normal/7105.png"
"euromix-stock","KLPC 007","1234590916406","8-13 HORTUM KELEPÇE","EUROMIX","KELEPÇELER","ADET","20.00","TRY","6.45","1000","in_stock","https://bayi.euro-mix.com.tr/Content/img/Stokpic/Normal/7106.png"
"euromix-stock","KLPC 008","1234590916413","10-16 HORTUM KELEPÇE","EUROMIX","KELEPÇELER","ADET","20.00","TRY","6.69","800","in_stock","https://bayi.euro-mix.com.tr/Content/img/Stokpic/Normal/7107.png"
"euromix-stock","KLPC 009","1234590916420","13-19 HORTUM KELEPÇE","EUROMIX","KELEPÇELER","ADET","20.00","TRY","7.07","2229","in_stock","https://bayi.euro-mix.com.tr/Content/img/Stokpic/Normal/7108.png"
"euromix-stock","KLPC 010","1234590916437","16-23 HORTUM KELEPÇE","EUROMIX","KELEPÇELER","ADET","20.00","TRY","7.36","700","in_stock","https://bayi.euro-mix.com.tr/Content/img/Stokpic/Normal/7109.png"
"euromix-stock","KLPC 011","1234590916697","4'' UZUN TRİFONLU KELEPÇE 100Ø","EUROMIX","KELEPÇELER","ADET","20.00","TRY","57.12","864","in_stock","https://bayi.euro-mix.com.tr/Content/img/Stokpic/Normal/7110.png"
"euromix-stock","KLPC 012","1234590919315","19-26 HORTUM KELEPÇE","EUROMIX","KELEPÇELER","ADET","20.00","TRY","17.47","1025","in_stock","https://bayi.euro-mix.com.tr/Content/img/Stokpic/Normal/7111.png"
"euromix-stock","KLPC 013","1234590916338","20-30 HORTUM KELEPÇE","EUROMIX","KELEPÇELER","ADET","20.00","TRY","17.64","1000","in_stock","https://bayi.euro-mix.com.tr/Content/img/Stokpic/Normal/7112.png"
"euromix-stock","KLPC 014","1234590916352","1/2 SOMUNLU KELEPÇE","EUROMIX","KELEPÇELER","ADET","20.00","TRY","12.43","580","in_stock","https://bayi.euro-mix.com.tr/Content/img/Stokpic/Normal/7113.png"
"euromix-stock","KLPC 015","1234590916369","3/4 SOMUNLU KELEPÇE","EUROMIX","KELEPÇELER","ADET","20.00","TRY","13.37","240","in_stock","https://bayi.euro-mix.com.tr/Content/img/Stokpic/Normal/7114.png"
"euromix-stock","KLPC 016","1234590916376","1"" SOMUNLU KELEPÇE","EUROMIX","KELEPÇELER","ADET","20.00","TRY","14.28","333","in_stock","https://bayi.euro-mix.com.tr/Content/img/Stokpic/Normal/7115.png"
"euromix-stock","KLPC 017","1234590916383","1""1/4 SOMUNLU KELEPÇE","EUROMIX","KELEPÇELER","ADET","20.00","TRY","17.35","55","in_stock","https://bayi.euro-mix.com.tr/Content/img/Stokpic/Normal/7116.png"
"euromix-stock","KLPC 018","1234590916390","2*1/2 UZUN TRİFONLU KELEPÇE 70Ø","EUROMIX","KELEPÇELER","ADET","20.00","TRY","41.83","689","in_stock","https://bayi.euro-mix.com.tr/Content/img/Stokpic/Normal/7117.png"
"euromix-stock","KLPC 028","1234590917571","2""1/2 SOMUNLU KELEPÇE 70Ø","EUROMIX","KELEPÇELER","ADET","20.00","TRY","37.63","285","in_stock","https://bayi.euro-mix.com.tr/Content/img/Stokpic/Normal/7119.png"
"euromix-stock","KLPC 029","1234590927518","5"" UZUN TRİFONLU KELEPÇE","EUROMIX","KELEPÇELER","ADET","20.00","TRY","71.40","0","out_of_stock","https://bayi.euro-mix.com.tr/Content/img/Stokpic/Normal/2351.png"
"euromix-stock","KLPC 030","1234590927495","4"" SOMUNLU KELEPÇE 100Ø","EUROMIX","KELEPÇELER","ADET","20.00","TRY","50.95","0","out_of_stock","https://bayi.euro-mix.com.tr/Content/img/Stokpic/Normal/7120.png"
"euromix-stock","KLPC 031","1234590927501","2"" SOMUNLU KELEPÇE","EUROMIX","KELEPÇELER","ADET","20.00","TRY","21.42","178","in_stock","https://bayi.euro-mix.com.tr/Content/img/Stokpic/Normal/7121.png"
"euromix-stock","KLPC 034","1234590921448","18-25 HORTUM KELEPÇE","EUROMIX","KELEPÇELER","ADET","20.00","TRY","7.63","1000","in_stock","https://bayi.euro-mix.com.tr/Content/img/Stokpic/Normal/7122.png"
"euromix-stock","KLPC 035","1234590921479","KOLLEKTÖR KELEPÇESİ","EUROMIX","KELEPÇELER","ADET","20.00","TRY","47.12","211","in_stock","https://bayi.euro-mix.com.tr/Content/img/Stokpic/Normal/2355.png"
"euromix-stock","KLPC 036","1234590921561","1'' UZUN TRİFONLU KELEPÇE","EUROMIX","KELEPÇELER","ADET","20.00","TRY","18.28","618","in_stock","https://bayi.euro-mix.com.tr/Content/img/Stokpic/Normal/7123.png"
"euromix-stock","KLPC 037","1234590927532","1""1/2 SOMUNLU KELEPÇE","EUROMIX","KELEPÇELER","ADET","20.00","TRY","18.87","400","in_stock","https://bayi.euro-mix.com.tr/Content/img/Stokpic/Normal/7124.png"
"euromix-stock","KLPC 038","1234590927983","22-36 HORTUM KELEPÇE","EUROMIX","KELEPÇELER","ADET","20.00","TRY","17.82","350","in_stock","https://bayi.euro-mix.com.tr/Content/img/Stokpic/Normal/7125.png"
"euromix-stock","KLPC 039","1234590927556","32-51 HORTUM KELEPÇE","EUROMIX","KELEPÇELER","ADET","20.00","TRY","19.69","0","out_of_stock","https://bayi.euro-mix.com.tr/Content/img/Stokpic/Normal/7126.png"
"euromix-stock","KLPC 040","1234590927549","25-42 HORTUM KELEPÇE","EUROMIX","KELEPÇELER","ADET","20.00","TRY","18.77","0","out_of_stock","https://bayi.euro-mix.com.tr/Content/img/Stokpic/Normal/7127.png"
"euromix-stock","KLPC 041","1234590927563","6"" SOMUNLU KELEPÇE 160Ø","EUROMIX","KELEPÇELER","ADET","20.00","TRY","78.54","0","out_of_stock","https://bayi.euro-mix.com.tr/Content/img/Stokpic/Normal/7128.png"
"euromix-stock","KLPC 042","1234590927587","3'' TRİFONLU KELEPÇE","EUROMIX","KELEPÇELER","ADET","20.00","TRY","41.28","0","out_of_stock","https://bayi.euro-mix.com.tr/Content/img/Stokpic/Normal/7129.png"
"euromix-stock","KLPC 043","1234590927570","4""1/2 UZUN TRİFONLU KELEPÇE 125Ø","EUROMIX","KELEPÇELER","ADET","20.00","TRY","63.12","0","out_of_stock","https://bayi.euro-mix.com.tr/Content/img/Stokpic/Normal/2363.png"
"euromix-stock","KLPC 044","1234590927631","4""1/2 SOMUNLU KELEPÇE 125Ø","EUROMIX","KELEPÇELER","ADET","20.00","TRY","64.26","0","out_of_stock","https://bayi.euro-mix.com.tr/Content/img/Stokpic/Normal/7130.png"
"euromix-stock","KLPC 045","1234590924234","3"" SOMUNLU KELEPÇE 160Ø","EUROMIX","KELEPÇELER","ADET","20.00","TRY","42.84","300","in_stock","https://bayi.euro-mix.com.tr/Content/img/Stokpic/Normal/7131.png"
"euromix-stock","KLPC 046","1234590927594","68-73 AĞIR İŞ KELEPÇESİ","EUROMIX","KELEPÇELER","ADET","20.00","TRY","49.98","0","out_of_stock",""
"euromix-stock","KLPC 047","1234590933571","1""1/2 UZUN TRİFONLU KELEPÇE","EUROMIX","KELEPÇELER","ADET","20.00","TRY","23.72","637","in_stock","https://bayi.euro-mix.com.tr/Content/img/Stokpic/Normal/7132.png"
"euromix-stock","KLPC 048","1234590937890","38-58 HORTUM KELEPÇE","EUROMIX","KELEPÇELER","ADET","20.00","TRY","20.16","0","out_of_stock","https://bayi.euro-mix.com.tr/Content/img/Stokpic/Normal/7133.png"
"euromix-stock","KLPC 049","1234590938026","5"" SOMUNLU KELEPÇE","EUROMIX","KELEPÇELER","ADET","20.00","TRY","67.12","0","out_of_stock","https://bayi.euro-mix.com.tr/Content/img/Stokpic/Normal/7134.png"
"euromix-stock","KLPC 050","1234590938033","2""1/2 TRİFONLU KELEPÇE","EUROMIX","KELEPÇELER","ADET","20.00","TRY","39.56","559","in_stock","https://bayi.euro-mix.com.tr/Content/img/Stokpic/Normal/7135.png"
"euromix-stock","KLPC 051","1234590938040","4'' TRİFONLU KELEPÇE","EUROMIX","KELEPÇELER","ADET","20.00","TRY","54.26","1316","in_stock","https://bayi.euro-mix.com.tr/Content/img/Stokpic/Normal/7136.png"
"euromix-stock","KLPC 052","1234590938057","1/2 TRİFONLU KELEPÇE UZUN","EUROMIX","KELEPÇELER","ADET","20.00","TRY","16.21","209","in_stock","https://bayi.euro-mix.com.tr/Content/img/Stokpic/Normal/7137.png"
"euromix-stock","KLPC 053","1234590938064","3/4 UZUN TRİFONLU KELEPÇE","EUROMIX","KELEPÇELER","ADET","20.00","TRY","17.14","542","in_stock","https://bayi.euro-mix.com.tr/Content/img/Stokpic/Normal/7138.png"
"euromix-stock","KLPC 054","1234590938071","1""1/4 UZUN TRİFONLU KELEPÇE","EUROMIX","KELEPÇELER","ADET","20.00","TRY","21.35","435","in_stock","https://bayi.euro-mix.com.tr/Content/img/Stokpic/Normal/7139.png"
"euromix-stock","KLPC 055","1234590938088","2'' TRİFONLU KELEPÇE UZUN","EUROMIX","KELEPÇELER","ADET","20.00","TRY","25.20","270","in_stock","https://bayi.euro-mix.com.tr/Content/img/Stokpic/Normal/7140.png"
"euromix-stock","KLPC 057","1234590938101","3'' UZUN TRİFONLU KELEPÇE","EUROMIX","KELEPÇELER","ADET","20.00","TRY","44.27","0","out_of_stock","https://bayi.euro-mix.com.tr/Content/img/Stokpic/Normal/7141.png"
"euromix-stock","KLPC 058","1234590940111","6'' TRİFONLU KELEPÇE","EUROMIX","KELEPÇELER","ADET","20.00","TRY","81.40","0","out_of_stock",""
"euromix-stock","KLPC 059","1234590942160","6'' UZUN TRİFONLU KELEPÇE","EUROMIX","KELEPÇELER","ADET","20.00","TRY","89.96","0","out_of_stock",""
"euromix-stock","KLPC 060","1234590940852","65-82 HORTUM KELEPÇE","EUROMIX","KELEPÇELER","ADET","20.00","TRY","26.29","0","out_of_stock",""
"euromix-stock","KLPC 061","1234590942177","7"" SOMUNLU KELEPÇE 160Ø","EUROMIX","KELEPÇELER","ADET","20.00","TRY","72.83","0","out_of_stock",""
"euromix-stock","KM 002","1234590927617","KAYNAK MAKİNESİ BÜYÜK","EUROMIX","HIRDAVAT","ADET","20.00","TRY","1642.20","1","in_stock","https://bayi.euro-mix.com.tr/Content/img/Stokpic/Normal/7143.png"
"euromix-stock","KM 003","1234500001888","VAKUMLU 1/2 KÜRESEL BAHÇE MUSLUĞU (PRİNÇ)","EUROMIX","KÜRESEL MUSLUKLAR","ADET","20.00","TRY","235.62","0","out_of_stock","https://bayi.euro-mix.com.tr/Content/img/Stokpic/Normal/2366.png"
"euromix-stock","KM 003-1","1234590915072","1/2 KÜRESEL BAHÇE MUSLUĞU (PRİNÇ) - POŞETLİ","EUROMIX","KÜRESEL MUSLUKLAR","ADET","20.00","TRY","197.79","5067","in_stock","https://bayi.euro-mix.com.tr/Content/img/Stokpic/Normal/7144.png"
"euromix-stock","KM 003-2","1234590927624","1/2 -3/4 KÜRESEL BAHÇE MUSLUĞU (PRİNÇ) - POŞETLİ","EUROMIX","KÜRESEL MUSLUKLAR","ADET","20.00","TRY","221.34","1","in_stock","https://bayi.euro-mix.com.tr/Content/img/Stokpic/Normal/7145.png"
"euromix-stock","KM 004","1234500001895","VAKUMLU 3/4 KÜRESEL BAHÇE MUSLUĞU (PRİNÇ)","EUROMIX","KÜRESEL MUSLUKLAR","ADET","20.00","TRY","221.34","299","in_stock","https://bayi.euro-mix.com.tr/Content/img/Stokpic/Normal/2370.png"
"euromix-stock","KM 007","1234590914686","3/4 KÜRESEL BAHÇE MUSLUĞU (PRİNÇ) - POŞETLİ","EUROMIX","KÜRESEL MUSLUKLAR","ADET","20.00","TRY","228.48","1","in_stock","https://bayi.euro-mix.com.tr/Content/img/Stokpic/Normal/7148.png"
"euromix-stock","KM 009","","CANDAN PLASTİK BORU KAYNAK MAKİNESİ (CM-06-SET)","EUROMIX","HIRDAVAT","ADET","20.00","TRY","2873.86","0","out_of_stock",""
"euromix-stock","KOL 004","1234590916680","1 KOLLEKTÖR VANA 6 LI","EUROMIX","KOLLEKTÖR VANALARI","ADET","20.00","TRY","1847.48","0","out_of_stock","https://bayi.euro-mix.com.tr/Content/img/Stokpic/Normal/7151.png"
"euromix-stock","KOL 005","1234590916727","1 KOLLEKTÖR VANA 7 Lİ","EUROMIX","KOLLEKTÖR VANALARI","ADET","20.00","TRY","2155.39","9","in_stock","https://bayi.euro-mix.com.tr/Content/img/Stokpic/Normal/7152.png"
"euromix-stock","KOL 006","1234590916734","1 KOLLEKTÖR VANA 8 Lİ","EUROMIX","KOLLEKTÖR VANALARI","ADET","20.00","TRY","2299.08","0","out_of_stock","https://bayi.euro-mix.com.tr/Content/img/Stokpic/Normal/7153.png"
"euromix-stock","KOL 007","1234590916741","1 KOLLEKTÖR VANA 4 LÜ","EUROMIX","KOLLEKTÖR VANALARI","ADET","20.00","TRY","1231.66","0","out_of_stock","https://bayi.euro-mix.com.tr/Content/img/Stokpic/Normal/7154.png"
"euromix-stock","KOL 010","1234590927693","1 KOLLEKTÖR VANA 9 LU","EUROMIX","KOLLEKTÖR VANALARI","ADET","20.00","TRY","2586.46","0","out_of_stock","https://bayi.euro-mix.com.tr/Content/img/Stokpic/Normal/7156.png"
"euromix-stock","KOL 011","1234590927679","1 KOLLEKTÖR VANA 10 LU","EUROMIX","KOLLEKTÖR VANALARI","ADET","20.00","TRY","2873.86","2","in_stock","https://bayi.euro-mix.com.tr/Content/img/Stokpic/Normal/7157.png"
"euromix-stock","KOL 012","1234590927716","1 KOLLEKTÖR VANA 5 Lİ","EUROMIX","KOLLEKTÖR VANALARI","ADET","20.00","TRY","1539.57","0","out_of_stock","https://bayi.euro-mix.com.tr/Content/img/Stokpic/Normal/7158.png"
"euromix-stock","KOL 014","1234590927945","1 KOLLEKTÖR VANA 3 LÜ","EUROMIX","KOLLEKTÖR VANALARI","ADET","20.00","TRY","923.75","0","out_of_stock","https://bayi.euro-mix.com.tr/Content/img/Stokpic/Normal/7160.png"
"euromix-stock","KOP 001","1234590927761","SİBAX KÖPÜK 600GR","EUROMIX","SİLİKON MASTİK KÖPÜK","ADET","20.00","TRY","147.59","0","out_of_stock","https://bayi.euro-mix.com.tr/Content/img/Stokpic/Normal/2382.png"
"euromix-stock","KOP 006","","SELSİL KÖPÜK (16 LI KOLİ)","EUROMIX","SİLİKON MASTİK KÖPÜK","ADET","20.00","TRY","136.67","7","in_stock","https://bayi.euro-mix.com.tr/Content/img/Stokpic/Normal/8195.png"
"euromix-stock","KROM 040","1234590942214","EUROMIX 40Ø OPTİMUS EVYE KROMU","EUROMIX","OPTİMUS SERİSİ","ADET","20.00","TRY","1001.03","0","out_of_stock",""
"euromix-stock","KROM 041","1234590942221","EUROMIX 35Ø HERA EVYE KROMU","EUROMIX","BATARYALAR","ADET","20.00","TRY","742.56","0","out_of_stock",""
"euromix-stock","KROM 045","","SİLVER (ARGENT-ELMAS) KROMU","EUROMIX","ELMAS SERİSİ","ADET","20.00","TRY","900.36","0","out_of_stock",""
"euromix-stock","KS 001","1234500001970","1. KÖRÜKLÜ SİFON (DÜZ)","EUROMIX","KÖRÜKLÜ SİFONLAR","ADET","20.00","TRY","61.59","2717","in_stock","https://bayi.euro-mix.com.tr/Content/img/Stokpic/Normal/7163.png"
"euromix-stock","KS 001-3","1234590927839","1. KÖRÜKLÜ SİFON ( DÜZ GRİ ) RENK (DONOU)","EUROMIX","KÖRÜKLÜ SİFONLAR","ADET","20.00","TRY","88.54","536","in_stock","https://bayi.euro-mix.com.tr/Content/img/Stokpic/Normal/7165.png"
"euromix-stock","KS 001-4","1234590923954","1. KÖRÜKLÜ SİFON ÖZBEST","EUROMIX","KÖRÜKLÜ SİFONLAR","ADET","20.00","TRY","58.90","0","out_of_stock","https://bayi.euro-mix.com.tr/Content/img/Stokpic/Normal/2397.png"
"euromix-stock","KS 002","1234500001994","1. KÖRÜKLÜ SİFON (ÇAMAŞIR ÇIKIŞLI) ÖZBEST","EUROMIX","KÖRÜKLÜ SİFONLAR","ADET","20.00","TRY","65.69","405","in_stock","https://bayi.euro-mix.com.tr/Content/img/Stokpic/Normal/7166.png"
"euromix-stock","KS 003","1234500002007","KÖRÜKLÜ SİFON (EKO)","EUROMIX","KÖRÜKLÜ SİFONLAR","ADET","20.00","TRY","41.06","383","in_stock","https://bayi.euro-mix.com.tr/Content/img/Stokpic/Normal/7170.png"
"euromix-stock","KS 003-3","1234590922971","ÇÖPMAK SİFON SÜZGECİ (HİLAL)","EUROMIX","DİGER","ADET","20.00","TRY","123.16","34","in_stock","https://bayi.euro-mix.com.tr/Content/img/Stokpic/Normal/7172.png"
"euromix-stock","KS 004","1234500002014","KÖRÜKLÜ SİFON ÇIKIŞLI EKO","EUROMIX","KÖRÜKLÜ SİFONLAR","ADET","20.00","TRY","49.27","446","in_stock","https://bayi.euro-mix.com.tr/Content/img/Stokpic/Normal/7173.png"
"euromix-stock","KS 004-1","1234500004476","PASLANMAZ ÇİFT ÇIKIŞLI K.SİFON (ÇAM.BUL.)","EUROMIX","KÖRÜKLÜ SİFONLAR","ADET","20.00","TRY","78.02","1","in_stock","https://bayi.euro-mix.com.tr/Content/img/Stokpic/Normal/2404.png"
"euromix-stock","KS 005","1234500002021","UZUN KÖRÜKLÜ SİFON EKO","EUROMIX","KÖRÜKLÜ SİFONLAR","ADET","20.00","TRY","55.44","0","out_of_stock","https://bayi.euro-mix.com.tr/Content/img/Stokpic/Normal/7174.png"
"euromix-stock","KS 005-1","1234590917779","1. UZUN PASLANMAZ KÖRÜKLÜ REKORLU SİFON","EUROMIX","KÖRÜKLÜ SİFONLAR","ADET","20.00","TRY","78.02","0","out_of_stock","https://bayi.euro-mix.com.tr/Content/img/Stokpic/Normal/7175.png"
"euromix-stock","KS 006","1234500002038","KROM KÖRÜKLÜ SİFON","EUROMIX","KÖRÜKLÜ SİFONLAR","ADET","20.00","TRY","257.61","1","in_stock","https://bayi.euro-mix.com.tr/Content/img/Stokpic/Normal/7176.png"
"euromix-stock","KS 007-1","1234590913023","ÖZBEST KÖRÜKLÜ TAŞMALI ÇÖPMAK","EUROMIX","SİFONLAR","ADET","20.00","TRY","266.87","6","in_stock","https://bayi.euro-mix.com.tr/Content/img/Stokpic/Normal/7182.png"
"euromix-stock","KS 007-3","1234590917755","ÇÖPMAK SİFON (TIRNAKLI)","EUROMIX","KÖRÜKLÜ SİFONLAR","ADET","20.00","TRY","147.81","115","in_stock","https://bayi.euro-mix.com.tr/Content/img/Stokpic/Normal/7187.png"
"euromix-stock","KS 007-6","1234590927884","ÇÖPMAK TAŞMALI S Lİ ÇAMAŞIR ÇIKIŞLI DONAU","EUROMIX","SİFONLAR","ADET","20.00","TRY","306.94","408","in_stock","https://bayi.euro-mix.com.tr/Content/img/Stokpic/Normal/7189.png"
"euromix-stock","KS 007-7","1234590927891","ÇİFGÖZLÜ TAŞMALI ÇÖPMAK SABİT BORULU SİF (DONOU)","EUROMIX","TASLI SİFONLAR","ADET","20.00","TRY","489.32","58","in_stock","https://bayi.euro-mix.com.tr/Content/img/Stokpic/Normal/7190.png"
"euromix-stock","KS 007-8","1234590928003","KÖRÜKLÜ KÜÇÜK TAŞMALI S Lİ ÇAMAŞIR ÇIKIŞLI","EUROMIX","SİFONLAR","ADET","20.00","TRY","75.68","0","out_of_stock","https://bayi.euro-mix.com.tr/Content/img/Stokpic/Normal/7191.png"
"euromix-stock","KS 007.0","1234590923497","BİLYALI ÇÖPMAK SÜZGECİ","EUROMIX","SİFONLAR","ADET","20.00","TRY","61.59","1","in_stock","https://bayi.euro-mix.com.tr/Content/img/Stokpic/Normal/7178.png"
"euromix-stock","KS 015","1234590917120","KAZAN SİBOBU","EUROMIX","SARI FİTTİNGSLER","ADET","20.00","TRY","285.60","88","in_stock","https://bayi.euro-mix.com.tr/Content/img/Stokpic/Normal/7193.png"
"euromix-stock","KS 016","1234590911852","KÖRÜKLÜ TAŞMALI EVYE SİFONU ALTTAN-ÜSTTEN (DONAU)","EUROMIX","KÖRÜKLÜ SİFONLAR","ADET","20.00","TRY","134.30","1","in_stock","https://bayi.euro-mix.com.tr/Content/img/Stokpic/Normal/7194.png"
"euromix-stock","KS 019","1234590928010","ÖZBEST KÖRÜKLÜ TAŞMALI EVYE SİFONU ALTTAN-ÜSTTEN","EUROMIX","KÖRÜKLÜ SİFONLAR","ADET","20.00","TRY","112.90","91","in_stock","https://bayi.euro-mix.com.tr/Content/img/Stokpic/Normal/7196.png"
"euromix-stock","KS 023","1234590933519","(KOM PLUS) KOMBİ SETİ DÜZ 8 PRÇ","EUROMIX","FİTİNGSLER","ADET","20.00","TRY","692.82","105","in_stock","https://bayi.euro-mix.com.tr/Content/img/Stokpic/Normal/3419.png"
"euromix-stock","KS 024","1234590933502","(KOM PLUS) KOMBİ SETİ DİRSEKLİ 8 PRÇ","EUROMIX","FİTİNGSLER","ADET","20.00","TRY","692.82","0","out_of_stock","https://bayi.euro-mix.com.tr/Content/img/Stokpic/Normal/3420.png"
"euromix-stock","KT 001","1234500002052","KÜVET TROPLEMİ","EUROMIX","SİFONLAR","ADET","20.00","TRY","131.38","41","in_stock","https://bayi.euro-mix.com.tr/Content/img/Stokpic/Normal/7198.png"
"euromix-stock","KT 002","1234500002069","BAĞ KETEN 200GR","EUROMIX","MACUN VE KETENLER","ADET","20.00","TRY","112.91","751","in_stock","https://bayi.euro-mix.com.tr/Content/img/Stokpic/Normal/7199.png"
"euromix-stock","KUVT 001","1234500002090","KÜVET TAPASI","EUROMIX","SİFONLAR","ADET","20.00","TRY","18.48","2383","in_stock","https://bayi.euro-mix.com.tr/Content/img/Stokpic/Normal/2427.png"
"euromix-stock","KV 003","1234500002113","1'' KÜRESEL SU VANASI","EUROMIX","KÜRESEL VANALAR","ADET","20.00","TRY","414.12","6008","in_stock","https://bayi.euro-mix.com.tr/Content/img/Stokpic/Normal/7205.png"
"euromix-stock","KV 003-1","1234590910992","1'' KÜRESEL DOĞALGAZ VANASI","EUROMIX","KÜRESEL VANALAR","ADET","20.00","TRY","499.80","303","in_stock","https://bayi.euro-mix.com.tr/Content/img/Stokpic/Normal/7206.png"
"euromix-stock","KV 008-1","1234500002151","1/2 KÜRESEL SU VANASI","EUROMIX","KÜRESEL VANALAR","ADET","20.00","TRY","188.50","2044","in_stock","https://bayi.euro-mix.com.tr/Content/img/Stokpic/Normal/7213.png"
"euromix-stock","KV 008-2","1234590911012","1/2 KÜRESEL DOĞALGAZ VANASI","EUROMIX","KÜRESEL VANALAR","ADET","20.00","TRY","229.91","279","in_stock","https://bayi.euro-mix.com.tr/Content/img/Stokpic/Normal/7214.png"
"euromix-stock","KV 009-1","1234500002175","3/4 KÜRESEL SU VANASI","EUROMIX","KÜRESEL VANALAR","ADET","20.00","TRY","269.64","1556","in_stock","https://bayi.euro-mix.com.tr/Content/img/Stokpic/Normal/7215.png"
"euromix-stock","KV 009-3","1234500003868","3/4 KÜRESEL DOĞALGAZ VANASI","EUROMIX","KÜRESEL VANALAR","ADET","20.00","TRY","314.16","215","in_stock","https://bayi.euro-mix.com.tr/Content/img/Stokpic/Normal/7216.png"
"euromix-stock","KV 010","1234590928409","1""1/4 KÜRESEL VANA","EUROMIX","KÜRESEL VANALAR","ADET","20.00","TRY","949.40","1","in_stock","https://bayi.euro-mix.com.tr/Content/img/Stokpic/Normal/7217.png"
"euromix-stock","KV 011","1234590928478","2"" KÜRESEL VANA","EUROMIX","KÜRESEL VANALAR","ADET","20.00","TRY","1577.91","28","in_stock","https://bayi.euro-mix.com.tr/Content/img/Stokpic/Normal/7218.png"
"euromix-stock","KV 018","1234590922230","1"" KÜRESEL KOLLEKTÖR VANASI","EUROMIX","KOLLEKTÖR VANALARI","ADET","20.00","TRY","663.05","0","out_of_stock","https://bayi.euro-mix.com.tr/Content/img/Stokpic/Normal/7219.png"
"euromix-stock","LA 005","8697042003391","HARÇ BETON ERİTİCİ 1000 GR","EUROMIX","LAVABO AÇICILAR","ADET","20.00","TRY","109.62","0","out_of_stock","https://bayi.euro-mix.com.tr/Content/img/Stokpic/Normal/2454.png"
"euromix-stock","LA 007","1234590928591","KOMBİ PETEK TEMİZLEYİCİ","EUROMIX","LAVABO AÇICILAR","ADET","20.00","TRY","26.07","0","out_of_stock","https://bayi.euro-mix.com.tr/Content/img/Stokpic/Normal/2455.png"
"euromix-stock","LA 008","1234590928614","3 M LAVABO AÇMA SUSTA","EUROMIX","LAVABO AÇICILAR","ADET","20.00","TRY","143.71","4","in_stock","https://bayi.euro-mix.com.tr/Content/img/Stokpic/Normal/2456.png"
"euromix-stock","LA 009","1234590928553","5 M LAVABO AÇMA SUSTA","EUROMIX","LAVABO AÇICILAR","ADET","20.00","TRY","184.75","0","out_of_stock","https://bayi.euro-mix.com.tr/Content/img/Stokpic/Normal/2457.png"
"euromix-stock","LA 010","1234590928539","8 M LAVABO AÇMA SUSTA","EUROMIX","LAVABO AÇICILAR","ADET","20.00","TRY","225.81","1","in_stock","https://bayi.euro-mix.com.tr/Content/img/Stokpic/Normal/2458.png"
"euromix-stock","LA 011","1234590928584","5 M KANAL AÇMA SUSTA","EUROMIX","LAVABO AÇICILAR","ADET","20.00","TRY","431.09","17","in_stock","https://bayi.euro-mix.com.tr/Content/img/Stokpic/Normal/2459.png"
"euromix-stock","LA 012","1234590928560","10 M KANAL AÇMA SUSTA","EUROMIX","LAVABO AÇICILAR","ADET","20.00","TRY","564.51","4","in_stock","https://bayi.euro-mix.com.tr/Content/img/Stokpic/Normal/2460.png"
"euromix-stock","LA 013","1234590930976","SIVI LAVABO AÇICI 500GR (PLUS)","EUROMIX","LAVABO AÇICILAR","ADET","20.00","TRY","66.51","368","in_stock","https://bayi.euro-mix.com.tr/Content/img/Stokpic/Normal/3438.png"
"euromix-stock","LA 014","1234590930983","SIVI LAVABO AÇICI 1000GR (PLUS)","EUROMIX","LAVABO AÇICILAR","ADET","20.00","TRY","97.31","0","out_of_stock","https://bayi.euro-mix.com.tr/Content/img/Stokpic/Normal/3439.png"
"euromix-stock","LA 015","1234590930990","SIVI LAVABO AÇICI 2000GR (PLUS)","EUROMIX","LAVABO AÇICILAR","ADET","20.00","TRY","160.12","0","out_of_stock","https://bayi.euro-mix.com.tr/Content/img/Stokpic/Normal/3440.png"
"euromix-stock","LA 016","1234590942290","MATKAPLI KANAL VE LAVABO AÇICI 2 Sİ BİR 3M","EUROMIX","LAVABO AÇICILAR","ADET","20.00","TRY","392.70","0","out_of_stock","https://bayi.euro-mix.com.tr/Content/img/Stokpic/Normal/7222.png"
"euromix-stock","LA 017","","MATKAPLI KANAL AÇMA","EUROMIX","LAVABO AÇICILAR","ADET","20.00","TRY","451.60","16","in_stock",""
"euromix-stock","MA 042","1234590933427","PİSUVAR AYNASI VE CONTASI","EUROMIX","DİGER","ADET","20.00","TRY","35.70","1894","in_stock","https://bayi.euro-mix.com.tr/Content/img/Stokpic/Normal/3442.png"
"euromix-stock","MEB 012","1234590922919","ARITMA MUSLUĞU BORUSU","EUROMIX","ARITMA MUSLUKLARI","ADET","20.00","TRY","49.19","708","in_stock","https://bayi.euro-mix.com.tr/Content/img/Stokpic/Normal/2484.png"
"euromix-stock","MEB 017","1234590940548","3 YOLLU ARITMA BORUSU","EUROMIX","ARITMA MUSLUKLARI","ADET","20.00","TRY","751.63","566","in_stock","https://bayi.euro-mix.com.tr/Content/img/Stokpic/Normal/7252.png"
"euromix-stock","MEB 023","","3 YOLLU ARITMA BORUSU (SS304)","EUROMIX","BATARYALAR","ADET","20.00","TRY","751.63","0","out_of_stock",""
"euromix-stock","MEGA 004","1234590923565","MEGAMİX 40Ø BANYO BATARYASI","EUROMIX","MEGAMİX SERİSİ","ADET","20.00","TRY","1335.18","0","out_of_stock","https://bayi.euro-mix.com.tr/Content/img/Stokpic/Normal/7256.png"
"euromix-stock","MEGA 005","1234590923572","MEGAMİX 40Ø UZUN KUĞU EVYE BATARYASI","EUROMIX","MEGAMİX SERİSİ","ADET","20.00","TRY","714.00","0","out_of_stock","https://bayi.euro-mix.com.tr/Content/img/Stokpic/Normal/7257.png"
"euromix-stock","MEGA 006","1234590923589","MEGAMİX 40Ø KISA KUĞU LAVABO BATARYASI","EUROMIX","MEGAMİX SERİSİ","ADET","20.00","TRY","714.00","0","out_of_stock","https://bayi.euro-mix.com.tr/Content/img/Stokpic/Normal/7258.png"
"euromix-stock","MEGA 007","1234590924111","MEGAMİX 40Ø SABİT LAVABO BATARYASI","EUROMIX","MEGAMİX SERİSİ","ADET","20.00","TRY","1185.24","0","out_of_stock","https://bayi.euro-mix.com.tr/Content/img/Stokpic/Normal/7259.png"
"euromix-stock","MEGA 008","1234590928737","MEGAMİX KLASİK DÖNER EVYE BATARYASI DUVARDAN","EUROMIX","BATARYALAR","ADET","20.00","TRY","999.60","61","in_stock","https://bayi.euro-mix.com.tr/Content/img/Stokpic/Normal/2496.png"
"euromix-stock","MEGA 009","1234590924197","MEGAMİX BANYO BATARYASI (KLASİK)","EUROMIX","BATARYALAR","ADET","20.00","TRY","1642.20","0","out_of_stock","https://bayi.euro-mix.com.tr/Content/img/Stokpic/Normal/2497.png"
"euromix-stock","MEGA 010","1234590924265","MEGAMİX 40Ø APLİKE EVYE BATARYASI (DUVARDAN)","EUROMIX","MEGAMİX SERİSİ","ADET","20.00","TRY","1313.76","106","in_stock","https://bayi.euro-mix.com.tr/Content/img/Stokpic/Normal/7260.png"
"euromix-stock","MEGA 011","1234590924302","MEGAMİX ŞADDAF BATARYA","EUROMIX","MEGAMİX SERİSİ","ADET","20.00","TRY","1071.00","15","in_stock","https://bayi.euro-mix.com.tr/Content/img/Stokpic/Normal/3224.png"
"euromix-stock","MEGA 015","1234590933397","SİYAH MEGA BANYO BATARYASI","EUROMIX","MEGAMİX SERİSİ","ADET","20.00","TRY","1128.12","0","out_of_stock","https://bayi.euro-mix.com.tr/Content/img/Stokpic/Normal/3465.png"
"euromix-stock","MEGA 016","1234590934134","MEGAMİX ACEM KLASİK KUGU BATARYASI","EUROMIX","BATARYALAR","ADET","20.00","TRY","785.40","0","out_of_stock","https://bayi.euro-mix.com.tr/Content/img/Stokpic/Normal/3500.png"
"euromix-stock","MEGA 018","1234590938323","MEGA DELTA 40Ø SİYAH BANYO BATARYASI","EUROMIX","MEGAMİX SERİSİ","ADET","20.00","TRY","1656.48","149","in_stock","https://bayi.euro-mix.com.tr/Content/img/Stokpic/Normal/7262.png"
"euromix-stock","MEGA 018-1","1234590940197","MEGA DELTA 40Ø BEYAZ BANYO BATARYASI","EUROMIX","MEGAMİX SERİSİ","ADET","20.00","TRY","1656.48","25","in_stock","https://bayi.euro-mix.com.tr/Content/img/Stokpic/Normal/7263.png"
"euromix-stock","MEGA 019","1234590939399","MEGAMİX 40Ø DELTA BANYO BATARYASI","EUROMIX","MEGAMİX SERİSİ","ADET","20.00","TRY","1499.40","0","out_of_stock","https://bayi.euro-mix.com.tr/Content/img/Stokpic/Normal/7264.png"
"euromix-stock","MEGA 023","1234590943426","MEGAMİX ACEM ÇEVİRMELİ SABİT EVYE BATARYASI","EUROMIX","KLASİK ACEM SERİSİ","ADET","20.00","TRY","1142.40","0","out_of_stock",""
"euromix-stock","MEN 001","1234500004407","35*40 BANYO MENFEZİ","EUROMIX","HAVALANDIRMA","ADET","20.00","TRY","338.70","20","in_stock","https://bayi.euro-mix.com.tr/Content/img/Stokpic/Normal/7266.png"
"euromix-stock","MEN 002","1234500004391","40*44 BANYO MENFEZİ","EUROMIX","HAVALANDIRMA","ADET","20.00","TRY","372.57","24","in_stock","https://bayi.euro-mix.com.tr/Content/img/Stokpic/Normal/7267.png"
"euromix-stock","MEN 004","1234590912118","45*56 BANYO MENFEZİ","EUROMIX","HAVALANDIRMA","ADET","20.00","TRY","570.31","0","out_of_stock","https://bayi.euro-mix.com.tr/Content/img/Stokpic/Normal/7268.png"
"euromix-stock","MEN 009","1234590912064","49*52 BANYO MENFEZİ","EUROMIX","HAVALANDIRMA","ADET","20.00","TRY","587.09","3","in_stock","https://bayi.euro-mix.com.tr/Content/img/Stokpic/Normal/7269.png"
"euromix-stock","MEN 012","1234590918608","45*48 BANYO MENFEZİ","EUROMIX","HAVALANDIRMA","ADET","20.00","TRY","508.07","1","in_stock","https://bayi.euro-mix.com.tr/Content/img/Stokpic/Normal/7270.png"
"euromix-stock","MEN 013","1234590918868","30*50 BANYO MENFEZİ","EUROMIX","HAVALANDIRMA","ADET","20.00","TRY","410.96","0","out_of_stock","https://bayi.euro-mix.com.tr/Content/img/Stokpic/Normal/7271.png"
"euromix-stock","MEN 016","1234590919537","28*28 BANYO MENFEZİ","EUROMIX","HAVALANDIRMA","ADET","20.00","TRY","203.23","1","in_stock","https://bayi.euro-mix.com.tr/Content/img/Stokpic/Normal/7272.png"
"euromix-stock","MEN 017","1234590923046","40*52 BANYO MENFEZİ","EUROMIX","HAVALANDIRMA","ADET","20.00","TRY","479.84","7","in_stock","https://bayi.euro-mix.com.tr/Content/img/Stokpic/Normal/7273.png"
"euromix-stock","MEN 018","1234590923060","55*64 BANYO MENFEZİ","EUROMIX","HAVALANDIRMA","ADET","20.00","TRY","830.31","14","in_stock","https://bayi.euro-mix.com.tr/Content/img/Stokpic/Normal/7274.png"
"euromix-stock","MEN 019","1234590928928","45*64 BANYO MENFEZİ","EUROMIX","HAVALANDIRMA","ADET","20.00","TRY","654.18","24","in_stock","https://bayi.euro-mix.com.tr/Content/img/Stokpic/Normal/7275.png"
"euromix-stock","MEN 020","1234590928713","58*60 BANYO MENFEZİ","EUROMIX","HAVALANDIRMA","ADET","20.00","TRY","810.85","28","in_stock","https://bayi.euro-mix.com.tr/Content/img/Stokpic/Normal/7276.png"
"euromix-stock","MEN 021","1234590938156","50*30 BANYO MENFEZİ","EUROMIX","HAVALANDIRMA","ADET","20.00","TRY","385.80","64","in_stock","https://bayi.euro-mix.com.tr/Content/img/Stokpic/Normal/7277.png"
"euromix-stock","MEN 022","1234590938163","49*68 BANYO MENFEZİ","EUROMIX","HAVALANDIRMA","ADET","20.00","TRY","813.54","1","in_stock","https://bayi.euro-mix.com.tr/Content/img/Stokpic/Normal/7278.png"
"euromix-stock","MET-PUS 018","1234590928911","KÜRESEL VANA PUŞVİT 20*20","EUROMIX","KAPLİN PUŞVİT FİTTİNGSLER","ADET","20.00","TRY","131.38","636","in_stock","https://bayi.euro-mix.com.tr/Content/img/Stokpic/Normal/7279.png"
"euromix-stock","MET-PUS 019","1234590928942","KÜRESEL VANA PUŞVİT 25*25","EUROMIX","KAPLİN PUŞVİT FİTTİNGSLER","ADET","20.00","TRY","149.94","965","in_stock","https://bayi.euro-mix.com.tr/Content/img/Stokpic/Normal/7280.png"
"euromix-stock","MET-PUS 020","1234590928959","KÜRESEL VANA PUŞVİT 32*32","EUROMIX","KAPLİN PUŞVİT FİTTİNGSLER","ADET","20.00","TRY","192.78","532","in_stock","https://bayi.euro-mix.com.tr/Content/img/Stokpic/Normal/7281.png"
"euromix-stock","MET-PUS 021","1234590930013","KÜRESEL VANA PUŞVİT 40*40","EUROMIX","KAPLİN PUŞVİT FİTTİNGSLER","ADET","20.00","TRY","357.00","153","in_stock","https://bayi.euro-mix.com.tr/Content/img/Stokpic/Normal/7282.png"
"euromix-stock","MET-PUS 022","1234590928935","KÜRESEL VANA PUŞVİT 50*50","EUROMIX","KAPLİN PUŞVİT FİTTİNGSLER","ADET","20.00","TRY","528.36","87","in_stock","https://bayi.euro-mix.com.tr/Content/img/Stokpic/Normal/7283.png"
"euromix-stock","MET-PUS 023","1234590929833","KÜRESEL VANA PUŞVİT 63*63","EUROMIX","KAPLİN PUŞVİT FİTTİNGSLER","ADET","20.00","TRY","721.14","50","in_stock","https://bayi.euro-mix.com.tr/Content/img/Stokpic/Normal/7284.png"
"euromix-stock","MİX 001","1234500004377","VAKUMLU MİX UZUN MUSLUK BRİSTELLİ (AYNALI)","EUROMIX","MİX TEKLİ BATARYA VE MUS.","ADET","20.00","TRY","385.56","0","out_of_stock","https://bayi.euro-mix.com.tr/Content/img/Stokpic/Normal/7291.png"
"euromix-stock","MİX 001-1","1234590921042","VAKUMLU MİX KISA MUSLUK BRİSTELLİ (AYNALI)","EUROMIX","MİX TEKLİ BATARYA VE MUS.","ADET","20.00","TRY","385.56","0","out_of_stock","https://bayi.euro-mix.com.tr/Content/img/Stokpic/Normal/7292.png"
"euromix-stock","MİX 001-2","1234590941200","SİYAH MİX UZUN MUSLUK BRİSTELLİ (AYNALI)","EUROMIX","MİX TEKLİ BATARYA VE MUS.","ADET","20.00","TRY","464.10","152","in_stock","https://bayi.euro-mix.com.tr/Content/img/Stokpic/Normal/7293.png"
"euromix-stock","MİX 012","1234590921165","EKO POŞETLİ MİX UZUN MUSLUK","EUROMIX","MİX TEKLİ BATARYA VE MUS.","ADET","20.00","TRY","321.30","0","out_of_stock","https://bayi.euro-mix.com.tr/Content/img/Stokpic/Normal/7294.png"
"euromix-stock","MİX 013","1234590921172","EKO POŞETLİ MİX KISA MUSLUK","EUROMIX","MİX TEKLİ BATARYA VE MUS.","ADET","20.00","TRY","321.30","199","in_stock","https://bayi.euro-mix.com.tr/Content/img/Stokpic/Normal/7295.png"
"euromix-stock","MİX 015","1234590927846","MİX BAS MUSLUĞU","EUROMIX","MİX TEKLİ BATARYA VE MUS.","ADET","20.00","TRY","486.51","0","out_of_stock","https://bayi.euro-mix.com.tr/Content/img/Stokpic/Normal/7296.png"
"euromix-stock","MNF 001","1234590912149","CAM MENFEZİ","EUROMIX","HAVALANDIRMA","ADET","20.00","TRY","32.84","643","in_stock","https://bayi.euro-mix.com.tr/Content/img/Stokpic/Normal/7299.png"
"euromix-stock","MNF 001-1","1234590918899","AYARLI CAM MENFEZİ","EUROMIX","HAVALANDIRMA","ADET","20.00","TRY","49.98","0","out_of_stock","https://bayi.euro-mix.com.tr/Content/img/Stokpic/Normal/7300.png"
"euromix-stock","MR 001","8699960728189","MUSLUK RAYBASI","EUROMIX","HIRDAVAT","ADET","20.00","TRY","92.82","0","out_of_stock","https://bayi.euro-mix.com.tr/Content/img/Stokpic/Normal/2543.png"
"euromix-stock","MV 003","1234500002441","1/2 MİNİ VANA","EUROMIX","MİNİ VANALAR","ADET","20.00","TRY","135.66","0","out_of_stock","https://bayi.euro-mix.com.tr/Content/img/Stokpic/Normal/7311.png"
"euromix-stock","MV 003-1","1234590920366","1/2 MİNİ VANA EKO","EUROMIX","MİNİ VANALAR","ADET","20.00","TRY","116.39","4407","in_stock","https://bayi.euro-mix.com.tr/Content/img/Stokpic/Normal/2553.png"
"euromix-stock","MV 004","1234590913375","1/4 MİNİ VANA","EUROMIX","MİNİ VANALAR","ADET","20.00","TRY","109.96","311","in_stock","https://bayi.euro-mix.com.tr/Content/img/Stokpic/Normal/7312.png"
"euromix-stock","MV 006","1234590913351","3/4 MİNİ VANA","EUROMIX","MİNİ VANALAR","ADET","20.00","TRY","199.92","33","in_stock","https://bayi.euro-mix.com.tr/Content/img/Stokpic/Normal/7314.png"
"euromix-stock","MV 007","1234590913368","1/8 MİNİ VANA","EUROMIX","MİNİ VANALAR","ADET","20.00","TRY","121.38","548","in_stock","https://bayi.euro-mix.com.tr/Content/img/Stokpic/Normal/2557.png"
"euromix-stock","MV 009","1234590915683","3/8 MİNİ VANA","EUROMIX","MİNİ VANALAR","ADET","20.00","TRY","114.24","377","in_stock","https://bayi.euro-mix.com.tr/Content/img/Stokpic/Normal/7316.png"
"euromix-stock","OM 001","1234590929048","OSMANLI MUSLUĞU","EUROMIX","BATARYALAR","ADET","20.00","TRY","1071.00","89","in_stock","https://bayi.euro-mix.com.tr/Content/img/Stokpic/Normal/2568.png"
"euromix-stock","OM 002","1234590929468","OSMANLI MUSLUĞU (siyah)","EUROMIX","BATARYALAR","ADET","20.00","TRY","1128.12","0","out_of_stock","https://bayi.euro-mix.com.tr/Content/img/Stokpic/Normal/2569.png"
"euromix-stock","OM 004","","3/4 PERLATÖRLÜ OSMANLI MUSLUGU ANTİK","EUROMIX","BATARYALAR","ADET","20.00","TRY","1467.72","3","in_stock",""
"euromix-stock","PC 001","1234590919407","PLASTİK PİS SU ÇEKVALF 100 Ø","EUROMIX","PVC FİTTİNGSLER","ADET","20.00","TRY","472.15","0","out_of_stock","https://bayi.euro-mix.com.tr/Content/img/Stokpic/Normal/7324.png"
"euromix-stock","PC 001-1","1234590942450","100 LÜK PRATİK RÖGAR ÇEKVALFİ","EUROMIX","PVC FİTTİNGSLER","ADET","20.00","TRY","314.56","22","in_stock","https://bayi.euro-mix.com.tr/Content/img/Stokpic/Normal/7325.png"
"euromix-stock","PC 002","1234590919414","PLASTİK PİS SU ÇEKVALF 125 Ø","EUROMIX","PVC FİTTİNGSLER","ADET","20.00","TRY","502.92","2","in_stock","https://bayi.euro-mix.com.tr/Content/img/Stokpic/Normal/2571.png"
"euromix-stock","PC 006","1234590919438","PLASTİK PİS SU ÇEKVALF 160 Ø","EUROMIX","PVC FİTTİNGSLER","ADET","20.00","TRY","769.79","1","in_stock","https://bayi.euro-mix.com.tr/Content/img/Stokpic/Normal/7326.png"
"euromix-stock","PC 007","1234590919322","PLASTİK PİS SU ÇEKVALF 50 Ø","EUROMIX","PVC FİTTİNGSLER","ADET","20.00","TRY","220.68","49","in_stock","https://bayi.euro-mix.com.tr/Content/img/Stokpic/Normal/7327.png"
"euromix-stock","PC 008","1234590919339","PLASTİK PİS SU ÇEKVALF 70 Ø","EUROMIX","PVC FİTTİNGSLER","ADET","20.00","TRY","307.93","19","in_stock","https://bayi.euro-mix.com.tr/Content/img/Stokpic/Normal/7328.png"
"euromix-stock","PC 009","1234590929130","PLASTİK PİS SU ÇEKVALF 200 Ø","EUROMIX","PVC FİTTİNGSLER","ADET","20.00","TRY","1282.97","1","in_stock","https://bayi.euro-mix.com.tr/Content/img/Stokpic/Normal/7329.png"
"euromix-stock","PK 001","1234500002519","PLASTİK KAĞITLIK MAKARA","EUROMIX","AKSESUARLAR","ADET","20.00","TRY","16.43","527","in_stock","https://bayi.euro-mix.com.tr/Content/img/Stokpic/Normal/2576.png"
"euromix-stock","PM 001","1234500004704","PLASTİK MUSLUK (KARIŞIK)","EUROMIX","SEMAVER VE PLASTİK MUSLUKLAR","ADET","20.00","TRY","57.84","2052","in_stock","https://bayi.euro-mix.com.tr/Content/img/Stokpic/Normal/2577.png"
"euromix-stock","PM 002","1234500002526","PİSUVAR MUSLUĞU","EUROMIX","MUSLUKLAR","ADET","20.00","TRY","207.06","0","out_of_stock","https://bayi.euro-mix.com.tr/Content/img/Stokpic/Normal/2578.png"
"euromix-stock","PM 002-1","1234590915874","PİSUVAR MUSLUĞU (ZAMAN AYARLI)","EUROMIX","BATARYALAR","ADET","20.00","TRY","1356.60","0","out_of_stock","https://bayi.euro-mix.com.tr/Content/img/Stokpic/Normal/8166.png"
"euromix-stock","PM 002-2","","PİSUVAR MUSLUĞU (BASMALI)","EUROMIX","BATARYALAR","ADET","20.00","TRY","431.09","0","out_of_stock",""
"euromix-stock","PM 003","1234590929123","PEDALLI MUSLUK","EUROMIX","CREATİV ÜRÜNLER","ADET","20.00","TRY","4783.80","0","out_of_stock","https://bayi.euro-mix.com.tr/Content/img/Stokpic/Normal/7344.png"
"euromix-stock","PMS 001","1234590920410","50 LİK PİMAŞ ÇATALI","EUROMIX","PVC FİTTİNGSLER","ADET","20.00","TRY","42.94","440","in_stock","https://bayi.euro-mix.com.tr/Content/img/Stokpic/Normal/7345.png"
"euromix-stock","PMS 002","1234590921455","50 LİK PİMAŞ DİRSEK","EUROMIX","PVC FİTTİNGSLER","ADET","20.00","TRY","21.96","857","in_stock","https://bayi.euro-mix.com.tr/Content/img/Stokpic/Normal/7346.png"
"euromix-stock","PMS 003","1234590921462","50 LİK PİMAŞ DİRSEK 45 DERECE","EUROMIX","PVC FİTTİNGSLER","ADET","20.00","TRY","19.84","664","in_stock","https://bayi.euro-mix.com.tr/Content/img/Stokpic/Normal/7347.png"
"euromix-stock","PMS 004","1234590929116","100 LÜK PİMAŞ DİRSEK","EUROMIX","PVC FİTTİNGSLER","ADET","20.00","TRY","64.31","0","out_of_stock","https://bayi.euro-mix.com.tr/Content/img/Stokpic/Normal/7348.png"
"euromix-stock","PMS 005","1234590929079","100 LÜK PİMAŞ DİRSEK 45 DERECE","EUROMIX","PVC FİTTİNGSLER","ADET","20.00","TRY","59.76","0","out_of_stock","https://bayi.euro-mix.com.tr/Content/img/Stokpic/Normal/7349.png"
"euromix-stock","PMS 006","1234590929109","110/50 PİMAŞ ÇATALI","EUROMIX","PVC FİTTİNGSLER","ADET","20.00","TRY","68.49","0","out_of_stock","https://bayi.euro-mix.com.tr/Content/img/Stokpic/Normal/2585.png"
"euromix-stock","PMS 007","1234590929178","110/110 PİMAŞ ÇATALI","EUROMIX","PVC FİTTİNGSLER","ADET","20.00","TRY","124.57","0","out_of_stock","https://bayi.euro-mix.com.tr/Content/img/Stokpic/Normal/7350.png"
"euromix-stock","PMS 008","1234590929185","70 LİK PİMAŞ DİRSEK","EUROMIX","PVC FİTTİNGSLER","ADET","20.00","TRY","39.19","24","in_stock","https://bayi.euro-mix.com.tr/Content/img/Stokpic/Normal/7351.png"
"euromix-stock","PMS 009","1234590929147","70 LİK PİMAŞ DİRSEK 45 DERECE","EUROMIX","PVC FİTTİNGSLER","ADET","20.00","TRY","35.70","0","out_of_stock","https://bayi.euro-mix.com.tr/Content/img/Stokpic/Normal/7352.png"
"euromix-stock","PMS 028","1234590929369","PİMAŞ CONTASI 50 LİK","EUROMIX","PVC FİTTİNGSLER","ADET","20.00","TRY","4.15","2286","in_stock","https://bayi.euro-mix.com.tr/Content/img/Stokpic/Normal/7353.png"
"euromix-stock","PMS 029","1234590929451","PİMAŞ CONTASI 70 LİK","EUROMIX","PVC FİTTİNGSLER","ADET","20.00","TRY","6.48","1076","in_stock","https://bayi.euro-mix.com.tr/Content/img/Stokpic/Normal/7354.png"
"euromix-stock","PMS 030","1234590929291","PİMAŞ CONTASI 100 LÜK","EUROMIX","PVC FİTTİNGSLER","ADET","20.00","TRY","9.68","1362","in_stock","https://bayi.euro-mix.com.tr/Content/img/Stokpic/Normal/7355.png"
"euromix-stock","PMS 032","1234590923152","100 LÜK PİS SU KAYAR MANŞON","EUROMIX","PVC FİTTİNGSLER","ADET","20.00","TRY","32.04","0","out_of_stock","https://bayi.euro-mix.com.tr/Content/img/Stokpic/Normal/7356.png"
"euromix-stock","PMS 033","1234590919094","100 LÜK TUVALET ES İ (S SİFON)","EUROMIX","PVC FİTTİNGSLER","ADET","20.00","TRY","252.76","21","in_stock","https://bayi.euro-mix.com.tr/Content/img/Stokpic/Normal/7357.png"
"euromix-stock","PMS 034","1234590919100","50 Ø PİMAŞ TAPA","EUROMIX","PVC FİTTİNGSLER","ADET","20.00","TRY","4.82","43","in_stock","https://bayi.euro-mix.com.tr/Content/img/Stokpic/Normal/7358.png"
"euromix-stock","PMS 035","1234590919117","70 Ø PİMAŞ TAPA","EUROMIX","PVC FİTTİNGSLER","ADET","20.00","TRY","8.67","1240","in_stock","https://bayi.euro-mix.com.tr/Content/img/Stokpic/Normal/7359.png"
"euromix-stock","PMS 036","1234590929314","100 LÜK PİMAŞ TAPA","EUROMIX","PVC FİTTİNGSLER","ADET","20.00","TRY","13.44","540","in_stock","https://bayi.euro-mix.com.tr/Content/img/Stokpic/Normal/7360.png"
"euromix-stock","PMS 037","1234590923251","70 LİK PİS SU KAYAR MANŞON","EUROMIX","PVC FİTTİNGSLER","ADET","20.00","TRY","25.72","0","out_of_stock","https://bayi.euro-mix.com.tr/Content/img/Stokpic/Normal/7361.png"
"euromix-stock","PMS 038","1234590923268","50 LİK PİS SU KAYAR MANŞON","EUROMIX","PVC FİTTİNGSLER","ADET","20.00","TRY","12.43","0","out_of_stock","https://bayi.euro-mix.com.tr/Content/img/Stokpic/Normal/7362.png"
"euromix-stock","PMS 039","1234590923282","70 LİK PİMAŞ ÇATALI","EUROMIX","PVC FİTTİNGSLER","ADET","20.00","TRY","56.63","0","out_of_stock","https://bayi.euro-mix.com.tr/Content/img/Stokpic/Normal/7363.png"
"euromix-stock","PMS 040","1234590929574","70/50 PİMAŞ ÇATALI","EUROMIX","PVC FİTTİNGSLER","ADET","20.00","TRY","52.77","0","out_of_stock","https://bayi.euro-mix.com.tr/Content/img/Stokpic/Normal/2614.png"
"euromix-stock","PMS 041","1234590929383","110/75 PİMAŞ ÇATALI","EUROMIX","PVC FİTTİNGSLER","ADET","20.00","TRY","90.75","0","out_of_stock","https://bayi.euro-mix.com.tr/Content/img/Stokpic/Normal/2615.png"
"euromix-stock","PMS 042","1234590929406","110/75 PİS SU REDÜKSİYON","EUROMIX","PVC FİTTİNGSLER","ADET","20.00","TRY","20.80","0","out_of_stock","https://bayi.euro-mix.com.tr/Content/img/Stokpic/Normal/2616.png"
"euromix-stock","PMS 048","1234590929529","110/50 PİS SU REDÜKSİYON","EUROMIX","PVC FİTTİNGSLER","ADET","20.00","TRY","12.06","0","out_of_stock","https://bayi.euro-mix.com.tr/Content/img/Stokpic/Normal/7364.png"
"euromix-stock","PMS 050","1234590929673","125*250 PİMAŞ BORU T2","EUROMIX","PVC FİTTİNGSLER","ADET","20.00","TRY","8.92","0","out_of_stock","https://bayi.euro-mix.com.tr/Content/img/Stokpic/Normal/2620.png"
"euromix-stock","PMS 051","1234590929420","125*500 PİMAŞ BORU T2","EUROMIX","PVC FİTTİNGSLER","ADET","20.00","TRY","20.68","0","out_of_stock","https://bayi.euro-mix.com.tr/Content/img/Stokpic/Normal/2621.png"
"euromix-stock","PMS 052","1234590929659","125*1000 PİMAŞ BORU T2","EUROMIX","PVC FİTTİNGSLER","ADET","20.00","TRY","26.78","0","out_of_stock","https://bayi.euro-mix.com.tr/Content/img/Stokpic/Normal/2622.png"
"euromix-stock","PMS 053","1234590929512","125*2000 PİMAŞ BORU T2","EUROMIX","PVC FİTTİNGSLER","ADET","20.00","TRY","49.98","0","out_of_stock","https://bayi.euro-mix.com.tr/Content/img/Stokpic/Normal/2623.png"
"euromix-stock","PMS 054","1234590929505","125*3000 PİMAŞ BORU T2","EUROMIX","PVC FİTTİNGSLER","ADET","20.00","TRY","74.26","0","out_of_stock","https://bayi.euro-mix.com.tr/Content/img/Stokpic/Normal/2624.png"
"euromix-stock","PMS 055","1234590929543","125/125 PİMAŞ ÇATALI","EUROMIX","PVC FİTTİNGSLER","ADET","20.00","TRY","35.70","0","out_of_stock","https://bayi.euro-mix.com.tr/Content/img/Stokpic/Normal/2625.png"
"euromix-stock","PMS 056","1234590929482","125/100 PİMAŞ ÇATALI","EUROMIX","PVC FİTTİNGSLER","ADET","20.00","TRY","29.99","0","out_of_stock","https://bayi.euro-mix.com.tr/Content/img/Stokpic/Normal/2626.png"
"euromix-stock","PMS 057","1234590929635","125/70 PİMAŞ ÇATALI","EUROMIX","PVC FİTTİNGSLER","ADET","20.00","TRY","25.70","0","out_of_stock","https://bayi.euro-mix.com.tr/Content/img/Stokpic/Normal/2627.png"
"euromix-stock","PMS 058","1234590929604","125 LİK PİMAŞ DİRSEK 45 DERECE","EUROMIX","PVC FİTTİNGSLER","ADET","20.00","TRY","11.42","0","out_of_stock","https://bayi.euro-mix.com.tr/Content/img/Stokpic/Normal/2628.png"
"euromix-stock","PMS 059","1234590929611","125 LİK TEMİZLEME TE","EUROMIX","PVC FİTTİNGSLER","ADET","20.00","TRY","33.92","0","out_of_stock","https://bayi.euro-mix.com.tr/Content/img/Stokpic/Normal/2629.png"
"euromix-stock","PMS 060","1234590929628","160*500 PİMAŞ BORU T2","EUROMIX","PVC FİTTİNGSLER","ADET","20.00","TRY","14.28","0","out_of_stock","https://bayi.euro-mix.com.tr/Content/img/Stokpic/Normal/2630.png"
"euromix-stock","PMS 061","1234590929703","160*1000 PİMAŞ BORU T2","EUROMIX","PVC FİTTİNGSLER","ADET","20.00","TRY","26.78","0","out_of_stock","https://bayi.euro-mix.com.tr/Content/img/Stokpic/Normal/2631.png"
"euromix-stock","PMS 062","1234590929710","160*2000 PİMAŞ BORU T2","EUROMIX","PVC FİTTİNGSLER","ADET","20.00","TRY","49.98","0","out_of_stock","https://bayi.euro-mix.com.tr/Content/img/Stokpic/Normal/2632.png"
"euromix-stock","PMS 063","1234590929666","160*3000 PİMAŞ BORU T2","EUROMIX","PVC FİTTİNGSLER","ADET","20.00","TRY","74.26","0","out_of_stock","https://bayi.euro-mix.com.tr/Content/img/Stokpic/Normal/2633.png"
"euromix-stock","PMS 064","1234590929697","160*250 PİMAŞ BORU T2","EUROMIX","PVC FİTTİNGSLER","ADET","20.00","TRY","8.92","0","out_of_stock","https://bayi.euro-mix.com.tr/Content/img/Stokpic/Normal/2634.png"
"euromix-stock","PMS 065","1234590929741","160 LIK PİMAŞ DİRSEK","EUROMIX","PVC FİTTİNGSLER","ADET","20.00","TRY","8.57","0","out_of_stock","https://bayi.euro-mix.com.tr/Content/img/Stokpic/Normal/2635.png"
"euromix-stock","PMS 066","1234590929840","160 LIK PİMAŞ DİRSEK 45 DERECE","EUROMIX","PVC FİTTİNGSLER","ADET","20.00","TRY","7.43","0","out_of_stock","https://bayi.euro-mix.com.tr/Content/img/Stokpic/Normal/2636.png"
"euromix-stock","PMS 068","1234590929727","125/110 PİS SU REDÜKSİYON","EUROMIX","PVC FİTTİNGSLER","ADET","20.00","TRY","41.36","0","out_of_stock","https://bayi.euro-mix.com.tr/Content/img/Stokpic/Normal/2637.png"
"euromix-stock","PMS 070","1234590930396","TANGİT PVC YAPIŞTIRICI 250 GR","EUROMIX","HIRDAVAT","ADET","20.00","TRY","85.68","0","out_of_stock","https://bayi.euro-mix.com.tr/Content/img/Stokpic/Normal/7365.png"
"euromix-stock","PMS 070-1","1234590929734","TANGİT PVC YAPIŞTIRICISI 50 GR (TÜP) (24 ADET) PK","EUROMIX","HIRDAVAT","ADET","20.00","TRY","64.26","0","out_of_stock","https://bayi.euro-mix.com.tr/Content/img/Stokpic/Normal/7366.png"
"euromix-stock","PMS 070-3","1234590929789","TANGİT TANG-HİGHT PVC YAPIŞTIRICISI 125 GR (TÜP)","EUROMIX","HIRDAVAT","ADET","20.00","TRY","49.27","0","out_of_stock","https://bayi.euro-mix.com.tr/Content/img/Stokpic/Normal/7367.png"
"euromix-stock","PMS 072","1234590924272","TANGİT PVC YAPIŞTIRICI 1000 GR","EUROMIX","HIRDAVAT","ADET","20.00","TRY","512.47","0","out_of_stock","https://bayi.euro-mix.com.tr/Content/img/Stokpic/Normal/7368.png"
"euromix-stock","PMS 073","1234590929963","TANGİT TANG-HİGT PVC YAPIŞTIRICI 50 GR","EUROMIX","HIRDAVAT","ADET","20.00","TRY","28.56","0","out_of_stock","https://bayi.euro-mix.com.tr/Content/img/Stokpic/Normal/7369.png"
"euromix-stock","PMS 074","1234590929826","TANGİT PVC YAPIŞTIRICI 125 GR","EUROMIX","HIRDAVAT","ADET","20.00","TRY","71.40","0","out_of_stock","https://bayi.euro-mix.com.tr/Content/img/Stokpic/Normal/3304.png"
"euromix-stock","PMS 075","1234590931508","50 LİK TUVALET ES İ (S SİFON)","EUROMIX","PVC FİTTİNGSLER","ADET","20.00","TRY","61.91","130","in_stock","https://bayi.euro-mix.com.tr/Content/img/Stokpic/Normal/7370.png"
"euromix-stock","PMS 076","1234590942467","50 LİK PİMAŞ KELEPÇE","EUROMIX","PVC FİTTİNGSLER","ADET","20.00","TRY","4.33","0","out_of_stock",""
"euromix-stock","PMS 077","1234590942474","70 LİK PİMAŞ KELEPÇE","EUROMIX","PVC FİTTİNGSLER","ADET","20.00","TRY","7.22","0","out_of_stock",""
"euromix-stock","PMS 078","1234590942481","100 LÜK PİMAŞ KELEPÇE","EUROMIX","PVC FİTTİNGSLER","ADET","20.00","TRY","13.47","0","out_of_stock",""
"euromix-stock","PMS 079","1234590942498","125 LİK PİMAŞ KELEPÇE","EUROMIX","PVC FİTTİNGSLER","ADET","20.00","TRY","26.07","0","out_of_stock",""
"euromix-stock","PP 002","1234590915706","PANEL PÜRJÖR 1/2","EUROMIX","SARI FİTTİNGSLER","ADET","20.00","TRY","32.84","741","in_stock","https://bayi.euro-mix.com.tr/Content/img/Stokpic/Normal/7371.png"
"euromix-stock","PPP 001","1234590917793","20 LİK İÇ DİŞLİ REKOR","EUROMIX","PPRC FİTTİNGSLER","ADET","20.00","TRY","27.92","348","in_stock","https://bayi.euro-mix.com.tr/Content/img/Stokpic/Normal/7372.png"
"euromix-stock","PPP 002","1234590917809","20 LİK DIŞ DİŞLİ REKOR","EUROMIX","PPRC FİTTİNGSLER","ADET","20.00","TRY","36.14","776","in_stock","https://bayi.euro-mix.com.tr/Content/img/Stokpic/Normal/7373.png"
"euromix-stock","PPP 003","1234590917816","25 LİK İÇTEN DİŞLİ REKOR","EUROMIX","PPRC FİTTİNGSLER","ADET","20.00","TRY","39.41","169","in_stock","https://bayi.euro-mix.com.tr/Content/img/Stokpic/Normal/7374.png"
"euromix-stock","PPP 004","1234590917823","25 LİK DIŞ DİŞLİ REKOR","EUROMIX","PPRC FİTTİNGSLER","ADET","20.00","TRY","52.55","644","in_stock","https://bayi.euro-mix.com.tr/Content/img/Stokpic/Normal/7375.png"
"euromix-stock","PPP 005","1234590917830","20 LİK İÇ DİŞLİ DİRSEK","EUROMIX","PPRC FİTTİNGSLER","ADET","20.00","TRY","29.57","1029","in_stock","https://bayi.euro-mix.com.tr/Content/img/Stokpic/Normal/7376.png"
"euromix-stock","PPP 005-1","1234590918851","20 LİK İÇ DİŞLİ DİRSEK (KULAKLI)","EUROMIX","PPRC FİTTİNGSLER","ADET","20.00","TRY","32.84","23","in_stock","https://bayi.euro-mix.com.tr/Content/img/Stokpic/Normal/7377.png"
"euromix-stock","PPP 006","1234590917847","20 LİK DIŞ DİŞLİ DİRSEK","EUROMIX","PPRC FİTTİNGSLER","ADET","20.00","TRY","37.77","0","out_of_stock","https://bayi.euro-mix.com.tr/Content/img/Stokpic/Normal/7378.png"
"euromix-stock","PPP 007","1234590917854","25 LİK İÇTEN DİŞLİ DİRSEK","EUROMIX","PPRC FİTTİNGSLER","ADET","20.00","TRY","42.71","396","in_stock","https://bayi.euro-mix.com.tr/Content/img/Stokpic/Normal/7379.png"
"euromix-stock","PPP 008","1234590917861","25 LİK DIŞ DİŞLİ DİRSEK","EUROMIX","PPRC FİTTİNGSLER","ADET","20.00","TRY","54.20","261","in_stock","https://bayi.euro-mix.com.tr/Content/img/Stokpic/Normal/7380.png"
"euromix-stock","PPP 012","1234590918240","20 LİK ÇALPARALI ÇEKVALF","EUROMIX","PPRC FİTTİNGSLER","ADET","20.00","TRY","64.16","35","in_stock","https://bayi.euro-mix.com.tr/Content/img/Stokpic/Normal/2652.png"
"euromix-stock","PPP 013","1234590918257","25 LİK ÇALPARALI ÇEKVALF","EUROMIX","PPRC FİTTİNGSLER","ADET","20.00","TRY","79.55","0","out_of_stock","https://bayi.euro-mix.com.tr/Content/img/Stokpic/Normal/2653.png"
"euromix-stock","PPP 014","1234590918295","20 LİK MANŞON PPRC","EUROMIX","PPRC FİTTİNGSLER","ADET","20.00","TRY","2.47","2535","in_stock","https://bayi.euro-mix.com.tr/Content/img/Stokpic/Normal/7381.png"
"euromix-stock","PPP 015","1234590918301","25 LİK MANŞON PPRC","EUROMIX","PPRC FİTTİNGSLER","ADET","20.00","TRY","3.65","1444","in_stock","https://bayi.euro-mix.com.tr/Content/img/Stokpic/Normal/7382.png"
"euromix-stock","PPP 016","1234590918318","32 LİK MANŞON PPRC","EUROMIX","PPRC FİTTİNGSLER","ADET","20.00","TRY","6.57","372","in_stock","https://bayi.euro-mix.com.tr/Content/img/Stokpic/Normal/7383.png"
"euromix-stock","PPP 017","1234590918325","20 LİK DİRSEK PPRC","EUROMIX","PPRC FİTTİNGSLER","ADET","20.00","TRY","3.61","2833","in_stock","https://bayi.euro-mix.com.tr/Content/img/Stokpic/Normal/7384.png"
"euromix-stock","PPP 018","1234590918332","25 LİK DİRSEK PPRC","EUROMIX","PPRC FİTTİNGSLER","ADET","20.00","TRY","5.26","910","in_stock","https://bayi.euro-mix.com.tr/Content/img/Stokpic/Normal/7385.png"
"euromix-stock","PPP 019","1234590918349","32 LİK DİRSEK PPRC","EUROMIX","PPRC FİTTİNGSLER","ADET","20.00","TRY","10.18","217","in_stock","https://bayi.euro-mix.com.tr/Content/img/Stokpic/Normal/7386.png"
"euromix-stock","PPP 020","1234590918356","20 LİK TE PPRC","EUROMIX","PPRC FİTTİNGSLER","ADET","20.00","TRY","5.09","90","in_stock","https://bayi.euro-mix.com.tr/Content/img/Stokpic/Normal/7387.png"
"euromix-stock","PPP 021","1234590918363","25 LİK TE PPRC","EUROMIX","PPRC FİTTİNGSLER","ADET","20.00","TRY","7.88","604","in_stock","https://bayi.euro-mix.com.tr/Content/img/Stokpic/Normal/7388.png"
"euromix-stock","PPP 022","1234590918370","32 LİK TE PPRC","EUROMIX","PPRC FİTTİNGSLER","ADET","20.00","TRY","14.45","37","in_stock","https://bayi.euro-mix.com.tr/Content/img/Stokpic/Normal/7389.png"
"euromix-stock","PPP 023","1234590918387","20 LİK KISA KAVİS","EUROMIX","PPRC FİTTİNGSLER","ADET","20.00","TRY","8.22","339","in_stock","https://bayi.euro-mix.com.tr/Content/img/Stokpic/Normal/7390.png"
"euromix-stock","PPP 025","1234590918400","25 LİK KISA KAVİS","EUROMIX","PPRC FİTTİNGSLER","ADET","20.00","TRY","13.96","284","in_stock","https://bayi.euro-mix.com.tr/Content/img/Stokpic/Normal/7391.png"
"euromix-stock","PPP 025-3","1234590929871","32 LİK KISA KAVİS","EUROMIX","PPRC FİTTİNGSLER","ADET","20.00","TRY","26.28","35","in_stock","https://bayi.euro-mix.com.tr/Content/img/Stokpic/Normal/7392.png"
"euromix-stock","PPP 026","1234590918417","20 LİK TEKLİ KELEPÇE PPRC","EUROMIX","PPRC FİTTİNGSLER","ADET","20.00","TRY","1.65","1","in_stock","https://bayi.euro-mix.com.tr/Content/img/Stokpic/Normal/7393.png"
"euromix-stock","PPP 027","1234590918424","20 LİK ÇİFTLİ KELEPÇE","EUROMIX","PPRC FİTTİNGSLER","ADET","20.00","TRY","2.96","0","out_of_stock","https://bayi.euro-mix.com.tr/Content/img/Stokpic/Normal/7394.png"
"euromix-stock","PPP 028","1234590918431","25 LİK TEKLİ KELEPÇE PPRC","EUROMIX","PPRC FİTTİNGSLER","ADET","20.00","TRY","1.97","2141","in_stock","https://bayi.euro-mix.com.tr/Content/img/Stokpic/Normal/7395.png"
"euromix-stock","PPP 029","1234590918448","25 LİK ÇİFTLİ KELEPÇE PPRC","EUROMIX","PPRC FİTTİNGSLER","ADET","20.00","TRY","3.61","1","in_stock","https://bayi.euro-mix.com.tr/Content/img/Stokpic/Normal/7396.png"
"euromix-stock","PPP 030","1234590918455","20 LİK KAPAMA TAPA","EUROMIX","PPRC FİTTİNGSLER","ADET","20.00","TRY","2.30","1243","in_stock","https://bayi.euro-mix.com.tr/Content/img/Stokpic/Normal/7397.png"
"euromix-stock","PPP 031","1234590918462","25 LİK KAPAMA TAPA","EUROMIX","PPRC FİTTİNGSLER","ADET","20.00","TRY","3.61","1","in_stock","https://bayi.euro-mix.com.tr/Content/img/Stokpic/Normal/7398.png"
"euromix-stock","PPP 032","1234590918479","32 LİK KAPAMA TAPA","EUROMIX","PPRC FİTTİNGSLER","ADET","20.00","TRY","6.90","409","in_stock","https://bayi.euro-mix.com.tr/Content/img/Stokpic/Normal/7399.png"
"euromix-stock","PPP 033","1234590918493","20*1/2 DIŞ DİŞLİ TE PPRC","EUROMIX","PPRC FİTTİNGSLER","ADET","20.00","TRY","39.41","50","in_stock","https://bayi.euro-mix.com.tr/Content/img/Stokpic/Normal/2676.png"
"euromix-stock","PPP 034","1234590918509","20 LİK 1/2 OYNAR BAŞLI DIŞ DİŞLİ REKOR","EUROMIX","PPRC FİTTİNGSLER","ADET","20.00","TRY","85.39","313","in_stock","https://bayi.euro-mix.com.tr/Content/img/Stokpic/Normal/7400.png"
"euromix-stock","PPP 035","1234590918547","25 LİK 3/4 OYNAR BAŞLI DIŞ DİŞLİ REKOR","EUROMIX","PPRC FİTTİNGSLER","ADET","20.00","TRY","114.96","218","in_stock","https://bayi.euro-mix.com.tr/Content/img/Stokpic/Normal/7401.png"
"euromix-stock","PPP 036","1234590918554","32 LİK 1"" OYNAR BAŞLI DIŞ DİŞLİ REKOR","EUROMIX","PPRC FİTTİNGSLER","ADET","20.00","TRY","166.27","110","in_stock","https://bayi.euro-mix.com.tr/Content/img/Stokpic/Normal/7402.png"
"euromix-stock","PPP 037","1234590915348","20 LİK DİŞLİ KÖRTAPA","EUROMIX","PPRC FİTTİNGSLER","ADET","20.00","TRY","2.15","7705","in_stock","https://bayi.euro-mix.com.tr/Content/img/Stokpic/Normal/7403.png"
"euromix-stock","PPP 038","1234590915836","25 LİK DİŞLİ KÖRTAPA","EUROMIX","PPRC FİTTİNGSLER","ADET","20.00","TRY","2.81","231","in_stock","https://bayi.euro-mix.com.tr/Content/img/Stokpic/Normal/7404.png"
"euromix-stock","PPP 040-1","","20 LİK KÜRESEL VANA PPRC (PİRİNÇ KÜRE)","EUROMIX","PPRC FİTTİNGSLER","ADET","20.00","TRY","82.12","110","in_stock",""
"euromix-stock","PPP 041-1","","25 LİK KÜRESEL VANA PPRC (PİRİNÇ KÜRE)","EUROMIX","PPRC FİTTİNGSLER","ADET","20.00","TRY","108.80","453","in_stock",""
"euromix-stock","PPP 042-1","","32 LİK KÜRESEL VANA PPRC (PRİNÇ KÜRE)","EUROMIX","PPRC FİTTİNGSLER","ADET","20.00","TRY","128.35","303","in_stock",""
"euromix-stock","PPP 043","1234590918530","1""1/4 40 LIK PPRC KÜRESEL VANA","EUROMIX","PPRC FİTTİNGSLER","ADET","20.00","TRY","410.56","1","in_stock","https://bayi.euro-mix.com.tr/Content/img/Stokpic/Normal/7411.png"
"euromix-stock","PPP 044","1234590917205","20 LİK DÜZ HAREKETLİ REKOR","EUROMIX","PPRC FİTTİNGSLER","ADET","20.00","TRY","85.68","604","in_stock","https://bayi.euro-mix.com.tr/Content/img/Stokpic/Normal/7413.png"
"euromix-stock","PPP 045","","32 LİK ÇALPARALI ÇEKVALF","EUROMIX","PPRC FİTTİNGSLER","ADET","20.00","TRY","106.75","59","in_stock","https://bayi.euro-mix.com.tr/Content/img/Stokpic/Normal/8201.png"
"euromix-stock","PPP 046","1234590917335","25 LİK DÜZ HAREKETLİ REKOR","EUROMIX","PPRC FİTTİNGSLER","ADET","20.00","TRY","111.38","25","in_stock","https://bayi.euro-mix.com.tr/Content/img/Stokpic/Normal/7414.png"
"euromix-stock","PPP 047","1234590917342","25 LİK DİRSEKLİ HAREKETLİ REKOR","EUROMIX","PPRC FİTTİNGSLER","ADET","20.00","TRY","111.38","0","out_of_stock","https://bayi.euro-mix.com.tr/Content/img/Stokpic/Normal/7415.png"
"euromix-stock","PPP 048","1234590917182","20 LİK PLASTİK STOP VANA","EUROMIX","PPRC FİTTİNGSLER","ADET","20.00","TRY","147.81","208","in_stock","https://bayi.euro-mix.com.tr/Content/img/Stokpic/Normal/7416.png"
"euromix-stock","PPP 049","1234590917199","25 LİK PLASTİK STOP VANA","EUROMIX","PPRC FİTTİNGSLER","ADET","20.00","TRY","184.75","60","in_stock","https://bayi.euro-mix.com.tr/Content/img/Stokpic/Normal/7417.png"
"euromix-stock","PPP 050","1234590918561","20 LİK 1/2 OYNAR BAŞLI İÇ DİŞLİ REKOR","EUROMIX","PPRC FİTTİNGSLER","ADET","20.00","TRY","72.26","419","in_stock","https://bayi.euro-mix.com.tr/Content/img/Stokpic/Normal/7418.png"
"euromix-stock","PPP 051","1234590918578","25 LİK 3/4 OYNAR BAŞLI İÇ DİŞLİ REKOR","EUROMIX","PPRC FİTTİNGSLER","ADET","20.00","TRY","101.62","358","in_stock","https://bayi.euro-mix.com.tr/Content/img/Stokpic/Normal/7419.png"
"euromix-stock","PPP 052","1234590918653","20 LİK BORU TİPİ ÇEKVALF","EUROMIX","PPRC FİTTİNGSLER","ADET","20.00","TRY","15.71","0","out_of_stock","https://bayi.euro-mix.com.tr/Content/img/Stokpic/Normal/2694.png"
"euromix-stock","PPP 053","1234590918684","32 LİK 1"" OYNAR BAŞLI İÇ DİŞLİ REKOR","EUROMIX","PPRC FİTTİNGSLER","ADET","20.00","TRY","147.81","94","in_stock","https://bayi.euro-mix.com.tr/Content/img/Stokpic/Normal/7420.png"
"euromix-stock","PPP 054","1234590918936","25*20 REDÜKSİYON","EUROMIX","PPRC FİTTİNGSLER","ADET","20.00","TRY","2.96","852","in_stock","https://bayi.euro-mix.com.tr/Content/img/Stokpic/Normal/7421.png"
"euromix-stock","PPP 055","1234590918844","32*25 REDÜKSİYON","EUROMIX","PPRC FİTTİNGSLER","ADET","20.00","TRY","4.44","192","in_stock","https://bayi.euro-mix.com.tr/Content/img/Stokpic/Normal/7422.png"
"euromix-stock","PPP 056","1234590918943","32*20 REDÜKSİYON","EUROMIX","PPRC FİTTİNGSLER","ADET","20.00","TRY","3.95","40","in_stock","https://bayi.euro-mix.com.tr/Content/img/Stokpic/Normal/7423.png"
"euromix-stock","PPP 057","1234590918950","20 LİK İÇ DİŞLİ TE","EUROMIX","PPRC FİTTİNGSLER","ADET","20.00","TRY","31.20","209","in_stock","https://bayi.euro-mix.com.tr/Content/img/Stokpic/Normal/7424.png"
"euromix-stock","PPP 058","1234590918288","PPRC SAAT REKORU TK","EUROMIX","PPRC FİTTİNGSLER","ADET","20.00","TRY","106.75","344","in_stock","https://bayi.euro-mix.com.tr/Content/img/Stokpic/Normal/2700.png"
"euromix-stock","PPP 059","1234590920106","20 LİK PLASTİK FİLTRE","EUROMIX","PPRC FİTTİNGSLER","ADET","20.00","TRY","89.81","310","in_stock","https://bayi.euro-mix.com.tr/Content/img/Stokpic/Normal/2701.png"
"euromix-stock","PPP 060","1234590920113","25 LİK PLASTİK FİLTRE","EUROMIX","PPRC FİTTİNGSLER","ADET","20.00","TRY","98.78","122","in_stock","https://bayi.euro-mix.com.tr/Content/img/Stokpic/Normal/2702.png"
"euromix-stock","PPP 061","1234590920359","20 LİK AÇIK DİRSEK 45 DERECE","EUROMIX","PPRC FİTTİNGSLER","ADET","20.00","TRY","3.61","1765","in_stock","https://bayi.euro-mix.com.tr/Content/img/Stokpic/Normal/7425.png"
"euromix-stock","PPP 062","1234590920724","25 LİK AÇIK DİRSEK 45 DERECE","EUROMIX","PPRC FİTTİNGSLER","ADET","20.00","TRY","5.26","928","in_stock","https://bayi.euro-mix.com.tr/Content/img/Stokpic/Normal/7426.png"
"euromix-stock","PPP 065","1234590920793","32 LİK İÇTEN DİŞLİ DİRSEK","EUROMIX","PPRC FİTTİNGSLER","ADET","20.00","TRY","85.39","133","in_stock","https://bayi.euro-mix.com.tr/Content/img/Stokpic/Normal/7427.png"
"euromix-stock","PPP 066","1234590920809","32 LİK DIŞ DİŞLİ DİRSEK","EUROMIX","PPRC FİTTİNGSLER","ADET","20.00","TRY","95.26","167","in_stock","https://bayi.euro-mix.com.tr/Content/img/Stokpic/Normal/7428.png"
"euromix-stock","PPP 067","1234590920816","32 LİK İÇTEN DİŞLİ REKOR","EUROMIX","PPRC FİTTİNGSLER","ADET","20.00","TRY","72.26","17","in_stock","https://bayi.euro-mix.com.tr/Content/img/Stokpic/Normal/7429.png"
"euromix-stock","PPP 068","1234590920823","32 LİK DIŞ DİŞLİ REKOR","EUROMIX","PPRC FİTTİNGSLER","ADET","20.00","TRY","85.39","14","in_stock","https://bayi.euro-mix.com.tr/Content/img/Stokpic/Normal/7430.png"
"euromix-stock","PPP 070","1234590920847","25-20-25 İNEGAL TE","EUROMIX","PPRC FİTTİNGSLER","ADET","20.00","TRY","7.39","0","out_of_stock","https://bayi.euro-mix.com.tr/Content/img/Stokpic/Normal/7431.png"
"euromix-stock","PPP 075","1234590920991","25*3/4 DIŞ DİŞLİ TE PPRC","EUROMIX","PPRC FİTTİNGSLER","ADET","20.00","TRY","55.84","0","out_of_stock","https://bayi.euro-mix.com.tr/Content/img/Stokpic/Normal/2716.png"
"euromix-stock","PPP 076","1234590921004","25*3/4 İÇTEN DİŞLİ TE PPRC","EUROMIX","PPRC FİTTİNGSLER","ADET","20.00","TRY","45.98","156","in_stock","https://bayi.euro-mix.com.tr/Content/img/Stokpic/Normal/7432.png"
"euromix-stock","PPP 078","1234590921233","32*25*32 İNEGAL TE","EUROMIX","PPRC FİTTİNGSLER","ADET","20.00","TRY","13.96","0","out_of_stock","https://bayi.euro-mix.com.tr/Content/img/Stokpic/Normal/7433.png"
"euromix-stock","PPP 079","1234590921240","32 LİK AÇIK DİRSEK 45 DERECE","EUROMIX","PPRC FİTTİNGSLER","ADET","20.00","TRY","9.86","874","in_stock","https://bayi.euro-mix.com.tr/Content/img/Stokpic/Normal/7434.png"
"euromix-stock","PPP 080","1234590929901","40 LIK OYNAR BAŞLI DIŞ DİŞLİ REKOR","EUROMIX","PPRC FİTTİNGSLER","ADET","20.00","TRY","244.29","0","out_of_stock","https://bayi.euro-mix.com.tr/Content/img/Stokpic/Normal/2720.png"
"euromix-stock","PPP 081","1234590930044","40 LIK İÇ DİŞLİ OYNAR BAŞLI REKOR","EUROMIX","PPRC FİTTİNGSLER","ADET","20.00","TRY","201.18","0","out_of_stock","https://bayi.euro-mix.com.tr/Content/img/Stokpic/Normal/2721.png"
"euromix-stock","PPP 082","1234590930020","50 LİK OYNAR BAŞLI DIŞ DİŞLİ REKOR","EUROMIX","PPRC FİTTİNGSLER","ADET","20.00","TRY","387.98","0","out_of_stock","https://bayi.euro-mix.com.tr/Content/img/Stokpic/Normal/2722.png"
"euromix-stock","PPP 083","1234590929864","50 LIK İÇ DİŞLİ OYNAR BAŞLI REKOR","EUROMIX","PPRC FİTTİNGSLER","ADET","20.00","TRY","359.23","0","out_of_stock","https://bayi.euro-mix.com.tr/Content/img/Stokpic/Normal/2723.png"
"euromix-stock","PPP 084","1234590929925","63 LÜK OYNAR BAŞLI DIŞ DİŞLİ REKOR","EUROMIX","PPRC FİTTİNGSLER","ADET","20.00","TRY","661.00","0","out_of_stock","https://bayi.euro-mix.com.tr/Content/img/Stokpic/Normal/2724.png"
"euromix-stock","PPP 085","1234590929970","63 LÜK İÇ DİŞLİ OYNAR BAŞLI REKOR","EUROMIX","PPRC FİTTİNGSLER","ADET","20.00","TRY","632.25","0","out_of_stock","https://bayi.euro-mix.com.tr/Content/img/Stokpic/Normal/2725.png"
"euromix-stock","PPP 086-1","1234590929918","25 LİK 1/2 DIŞ DİŞLİ REKOR","EUROMIX","PPRC FİTTİNGSLER","ADET","20.00","TRY","37.77","0","out_of_stock","https://bayi.euro-mix.com.tr/Content/img/Stokpic/Normal/2727.png"
"euromix-stock","PPP 088","1234590930464","25 LİK BORU TİPİ ÇEKVALF","EUROMIX","PPRC FİTTİNGSLER","ADET","20.00","TRY","23.70","38","in_stock","https://bayi.euro-mix.com.tr/Content/img/Stokpic/Normal/2729.png"
"euromix-stock","PPP 089","1234590929956","32*20*32 İNEGAL TE","EUROMIX","PPRC FİTTİNGSLER","ADET","20.00","TRY","13.96","20","in_stock","https://bayi.euro-mix.com.tr/Content/img/Stokpic/Normal/7435.png"
"euromix-stock","PPP 090","1234590929949","1""1/2 50 LİK PPRC KÜRESEL VANA","EUROMIX","PPRC FİTTİNGSLER","ADET","20.00","TRY","386.94","61","in_stock","https://bayi.euro-mix.com.tr/Content/img/Stokpic/Normal/7436.png"
"euromix-stock","PPP 091","1234590930129","2"" 63 LÜK PPRC KÜRESEL VANA","EUROMIX","PPRC FİTTİNGSLER","ADET","20.00","TRY","851.89","11","in_stock","https://bayi.euro-mix.com.tr/Content/img/Stokpic/Normal/7437.png"
"euromix-stock","PPP 094","1234590930075","40 LIK MANŞON PPRC","EUROMIX","PPRC FİTTİNGSLER","ADET","20.00","TRY","8.57","0","out_of_stock","https://bayi.euro-mix.com.tr/Content/img/Stokpic/Normal/2732.png"
"euromix-stock","PPP 095","1234590930051","40 LIK TE PPRC","EUROMIX","PPRC FİTTİNGSLER","ADET","20.00","TRY","17.57","0","out_of_stock","https://bayi.euro-mix.com.tr/Content/img/Stokpic/Normal/2733.png"
"euromix-stock","PPP 096","1234590930242","40*32 REDÜKSİYON","EUROMIX","PPRC FİTTİNGSLER","ADET","20.00","TRY","5.71","0","out_of_stock","https://bayi.euro-mix.com.tr/Content/img/Stokpic/Normal/2734.png"
"euromix-stock","PPP 097","1234590930266","32 LİK TEKLİ KELEPÇE PPRC","EUROMIX","PPRC FİTTİNGSLER","ADET","20.00","TRY","2.62","5000","in_stock","https://bayi.euro-mix.com.tr/Content/img/Stokpic/Normal/7438.png"
"euromix-stock","PPP 098","1234590930143","32 LİK PLASTİK STOP VANA","EUROMIX","PPRC FİTTİNGSLER","ADET","20.00","TRY","246.34","22","in_stock","https://bayi.euro-mix.com.tr/Content/img/Stokpic/Normal/7439.png"
"euromix-stock","PPP 099","1234590930082","32 LİK ÇİFTLİ KELEPÇE PPRC","EUROMIX","PPRC FİTTİNGSLER","ADET","20.00","TRY","5.09","376","in_stock","https://bayi.euro-mix.com.tr/Content/img/Stokpic/Normal/7440.png"
"euromix-stock","PPP 101","1234590931522","50 LİK MANŞON PPRC","EUROMIX","PPRC FİTTİNGSLER","ADET","20.00","TRY","14.43","0","out_of_stock","https://bayi.euro-mix.com.tr/Content/img/Stokpic/Normal/3311.png"
"euromix-stock","PPP 102","1234590931539","50*20*50 İNEGAL TE","EUROMIX","PPRC FİTTİNGSLER","ADET","20.00","TRY","23.57","0","out_of_stock","https://bayi.euro-mix.com.tr/Content/img/Stokpic/Normal/3312.png"
"euromix-stock","PPP 104","1234590931553","63 LÜK MANŞON PPRC","EUROMIX","PPRC FİTTİNGSLER","ADET","20.00","TRY","28.56","0","out_of_stock","https://bayi.euro-mix.com.tr/Content/img/Stokpic/Normal/3412.png"
"euromix-stock","PPP 105","1234590917212","20 LİK DİRSEKLİ HAREKETLİ REKOR","EUROMIX","PPRC FİTTİNGSLER","ADET","20.00","TRY","85.68","155","in_stock","https://bayi.euro-mix.com.tr/Content/img/Stokpic/Normal/7441.png"
"euromix-stock","PPP 106","1234590940791","PLASTİK DEPO REKORU 1/2","EUROMIX","PPRC FİTTİNGSLER","ADET","20.00","TRY","62.21","352","in_stock","https://bayi.euro-mix.com.tr/Content/img/Stokpic/Normal/7442.png"
"euromix-stock","PPP 107","1234590940807","PLASTİK DEPO REKORU 3/4","EUROMIX","PPRC FİTTİNGSLER","ADET","20.00","TRY","69.60","159","in_stock","https://bayi.euro-mix.com.tr/Content/img/Stokpic/Normal/7443.png"
"euromix-stock","PPP 108","1234590940814","PLASTİK DEPO REKORU 1""","EUROMIX","PPRC FİTTİNGSLER","ADET","20.00","TRY","95.44","0","out_of_stock","https://bayi.euro-mix.com.tr/Content/img/Stokpic/Normal/7444.png"
"euromix-stock","PS 002","1234500002625","KÖRÜKLÜ PİS SU HORTUMU 3 M","EUROMIX","MAKİNE HORTUMLARI","ADET","20.00","TRY","41.06","1151","in_stock","https://bayi.euro-mix.com.tr/Content/img/Stokpic/Normal/7445.png"
"euromix-stock","PS 004","1234500002632","PİS SU ESKİ TİP","EUROMIX","MAKİNE HORTUMLARI","ADET","20.00","TRY","41.06","0","out_of_stock","https://bayi.euro-mix.com.tr/Content/img/Stokpic/Normal/7446.png"
"euromix-stock","PT 001","1234590915690","PANEL TAPA 1/2","EUROMIX","SARI FİTTİNGSLER","ADET","20.00","TRY","28.74","1629","in_stock","https://bayi.euro-mix.com.tr/Content/img/Stokpic/Normal/7447.png"
"euromix-stock","PT 002","1234590940494","20 MM PAFTA MAVİ","EUROMIX","PPRC FİTTİNGSLER","ADET","20.00","TRY","259.90","194","in_stock","https://bayi.euro-mix.com.tr/Content/img/Stokpic/Normal/7448.png"
"euromix-stock","PT 003","1234590940500","25 MM PAFTA MAVİ","EUROMIX","PPRC FİTTİNGSLER","ADET","20.00","TRY","274.18","204","in_stock","https://bayi.euro-mix.com.tr/Content/img/Stokpic/Normal/7449.png"
"euromix-stock","PT 004","1234590940517","32 MM PAFTA GRİ","EUROMIX","PPRC FİTTİNGSLER","ADET","20.00","TRY","278.46","0","out_of_stock","https://bayi.euro-mix.com.tr/Content/img/Stokpic/Normal/7450.png"
"euromix-stock","PT 005","1234590942504","40 MM PAFTA MAVİ","EUROMIX","PPRC FİTTİNGSLER","ADET","20.00","TRY","386.99","7","in_stock","https://bayi.euro-mix.com.tr/Content/img/Stokpic/Normal/7451.png"
"euromix-stock","PT 006","1234590942511","50 MM PAFTA MAVİ","EUROMIX","PPRC FİTTİNGSLER","ADET","20.00","TRY","535.50","0","out_of_stock","https://bayi.euro-mix.com.tr/Content/img/Stokpic/Normal/7452.png"
"euromix-stock","PT 007","1234590942528","63 MM PAFTA GRİ","EUROMIX","PPRC FİTTİNGSLER","ADET","20.00","TRY","792.54","0","out_of_stock","https://bayi.euro-mix.com.tr/Content/img/Stokpic/Normal/7453.png"
"euromix-stock","PT 008","","63 MM PAFTA MAVİ","EUROMIX","PPRC FİTTİNGSLER","ADET","20.00","TRY","906.78","3","in_stock",""
"euromix-stock","PT 009","","32 MM PAFTA MAVİ","EUROMIX","PPRC FİTTİNGSLER","ADET","20.00","TRY","342.72","135","in_stock",""
"euromix-stock","PUSVİT 001","1234590921585","KAPLİN MANŞON 20 LİK","EUROMIX","KAPLİN PUŞVİT FİTTİNGSLER","ADET","20.00","TRY","34.27","1657","in_stock","https://bayi.euro-mix.com.tr/Content/img/Stokpic/Normal/7454.png"
"euromix-stock","PUSVİT 002","1234590921592","KAPLİN MANŞON 25 LİK","EUROMIX","KAPLİN PUŞVİT FİTTİNGSLER","ADET","20.00","TRY","51.68","393","in_stock","https://bayi.euro-mix.com.tr/Content/img/Stokpic/Normal/7455.png"
"euromix-stock","PUSVİT 003","1234590921608","KAPLİN MANŞON 32 LİK","EUROMIX","KAPLİN PUŞVİT FİTTİNGSLER","ADET","20.00","TRY","64.26","1120","in_stock","https://bayi.euro-mix.com.tr/Content/img/Stokpic/Normal/7456.png"
"euromix-stock","PUSVİT 004","1234590921615","KAPLİN DİRSEK 20 LİK","EUROMIX","KAPLİN PUŞVİT FİTTİNGSLER","ADET","20.00","TRY","45.70","1080","in_stock","https://bayi.euro-mix.com.tr/Content/img/Stokpic/Normal/2747.png"
"euromix-stock","PUSVİT 005","1234590921622","KAPLİN DİRSEK 25 LİK","EUROMIX","KAPLİN PUŞVİT FİTTİNGSLER","ADET","20.00","TRY","58.55","834","in_stock","https://bayi.euro-mix.com.tr/Content/img/Stokpic/Normal/2748.png"
"euromix-stock","PUSVİT 006","1234590921639","KAPLİN DİRSEK 32 LİK","EUROMIX","KAPLİN PUŞVİT FİTTİNGSLER","ADET","20.00","TRY","82.82","700","in_stock","https://bayi.euro-mix.com.tr/Content/img/Stokpic/Normal/2749.png"
"euromix-stock","PUSVİT 007","1234590921646","KAPLİN ADAPTÖR DIŞ DİŞLİ 20X1/2","EUROMIX","KAPLİN PUŞVİT FİTTİNGSLER","ADET","20.00","TRY","24.85","1004","in_stock","https://bayi.euro-mix.com.tr/Content/img/Stokpic/Normal/7457.png"
"euromix-stock","PUSVİT 008","1234590921653","KAPLİN ADAPTÖR DIŞ DİŞLİ 25X3/4","EUROMIX","KAPLİN PUŞVİT FİTTİNGSLER","ADET","20.00","TRY","32.14","753","in_stock","https://bayi.euro-mix.com.tr/Content/img/Stokpic/Normal/7458.png"
"euromix-stock","PUSVİT 009","1234590921660","KAPLİN ADAPTÖR DIŞ DİŞLİ 32X1""","EUROMIX","KAPLİN PUŞVİT FİTTİNGSLER","ADET","20.00","TRY","45.76","919","in_stock","https://bayi.euro-mix.com.tr/Content/img/Stokpic/Normal/7459.png"
"euromix-stock","PUSVİT 010","1234590921677","KAPLİN ADAPTÖR İÇ DİŞLİ 20X1/2","EUROMIX","KAPLİN PUŞVİT FİTTİNGSLER","ADET","20.00","TRY","29.35","1036","in_stock","https://bayi.euro-mix.com.tr/Content/img/Stokpic/Normal/7460.png"
"euromix-stock","PUSVİT 011","1234590921684","KAPLİN ADAPTÖR İÇ DİŞLİ 25X3/4","EUROMIX","KAPLİN PUŞVİT FİTTİNGSLER","ADET","20.00","TRY","36.42","606","in_stock","https://bayi.euro-mix.com.tr/Content/img/Stokpic/Normal/7461.png"
"euromix-stock","PUSVİT 012","1234590921691","KAPLİN ADAPTÖR İÇ DİŞLİ 32X1""","EUROMIX","KAPLİN PUŞVİT FİTTİNGSLER","ADET","20.00","TRY","47.85","1012","in_stock","https://bayi.euro-mix.com.tr/Content/img/Stokpic/Normal/7462.png"
"euromix-stock","PUSVİT 013","1234590921707","KAPLİN TE 20 LİK","EUROMIX","KAPLİN PUŞVİT FİTTİNGSLER","ADET","20.00","TRY","65.69","484","in_stock","https://bayi.euro-mix.com.tr/Content/img/Stokpic/Normal/7463.png"
"euromix-stock","PUSVİT 014","1234590921714","KAPLİN TE 25 LİK","EUROMIX","KAPLİN PUŞVİT FİTTİNGSLER","ADET","20.00","TRY","90.69","451","in_stock","https://bayi.euro-mix.com.tr/Content/img/Stokpic/Normal/7464.png"
"euromix-stock","PUSVİT 015","1234590921721","KAPLİN TE 32 LİK","EUROMIX","KAPLİN PUŞVİT FİTTİNGSLER","ADET","20.00","TRY","121.38","365","in_stock","https://bayi.euro-mix.com.tr/Content/img/Stokpic/Normal/7465.png"
"euromix-stock","PUSVİT 016","1234590921738","KAPLİN REDÜKSİYON 25X20","EUROMIX","KAPLİN PUŞVİT FİTTİNGSLER","ADET","20.00","TRY","51.76","87","in_stock","https://bayi.euro-mix.com.tr/Content/img/Stokpic/Normal/7466.png"
"euromix-stock","PUSVİT 017","1234590921745","KAPLİN REDÜKSİYON 32X25","EUROMIX","KAPLİN PUŞVİT FİTTİNGSLER","ADET","20.00","TRY","67.84","289","in_stock","https://bayi.euro-mix.com.tr/Content/img/Stokpic/Normal/7467.png"
"euromix-stock","PUSVİT 018","1234590921752","KAPLİN TAPA 20 LİK","EUROMIX","KAPLİN PUŞVİT FİTTİNGSLER","ADET","20.00","TRY","24.16","199","in_stock","https://bayi.euro-mix.com.tr/Content/img/Stokpic/Normal/7468.png"
"euromix-stock","PUSVİT 019","1234590921769","KAPLİN TAPA 25 LİK","EUROMIX","KAPLİN PUŞVİT FİTTİNGSLER","ADET","20.00","TRY","32.14","104","in_stock","https://bayi.euro-mix.com.tr/Content/img/Stokpic/Normal/7469.png"
"euromix-stock","PUSVİT 020","1234590921776","KAPLİN TAPA 32 LİK","EUROMIX","KAPLİN PUŞVİT FİTTİNGSLER","ADET","20.00","TRY","45.70","19","in_stock","https://bayi.euro-mix.com.tr/Content/img/Stokpic/Normal/7470.png"
"euromix-stock","PUSVİT 021","1234590921783","KAPLİN MANŞON 40 LIK","EUROMIX","KAPLİN PUŞVİT FİTTİNGSLER","ADET","20.00","TRY","118.52","412","in_stock","https://bayi.euro-mix.com.tr/Content/img/Stokpic/Normal/7471.png"
"euromix-stock","PUSVİT 022","1234590921790","KAPLİN MANŞON 50 LİK","EUROMIX","KAPLİN PUŞVİT FİTTİNGSLER","ADET","20.00","TRY","167.08","42","in_stock","https://bayi.euro-mix.com.tr/Content/img/Stokpic/Normal/7472.png"
"euromix-stock","PUSVİT 023","1234590921806","KAPLİN MANŞON 63 LÜK","EUROMIX","KAPLİN PUŞVİT FİTTİNGSLER","ADET","20.00","TRY","244.19","51","in_stock","https://bayi.euro-mix.com.tr/Content/img/Stokpic/Normal/7473.png"
"euromix-stock","PUSVİT 024","1234590921813","KAPLİN MANŞON 75 LİK","EUROMIX","KAPLİN PUŞVİT FİTTİNGSLER","ADET","20.00","TRY","392.70","20","in_stock","https://bayi.euro-mix.com.tr/Content/img/Stokpic/Normal/7474.png"
"euromix-stock","PUSVİT 025","1234590921820","KAPLİN MANŞON 90 LIK","EUROMIX","KAPLİN PUŞVİT FİTTİNGSLER","ADET","20.00","TRY","628.32","20","in_stock","https://bayi.euro-mix.com.tr/Content/img/Stokpic/Normal/7475.png"
"euromix-stock","PUSVİT 026","1234590921837","KAPLİN MANŞON 110 LUK","EUROMIX","KAPLİN PUŞVİT FİTTİNGSLER","ADET","20.00","TRY","935.34","11","in_stock","https://bayi.euro-mix.com.tr/Content/img/Stokpic/Normal/7476.png"
"euromix-stock","PUSVİT 027","1234590921844","KAPLİN DİRSEK40 LIK","EUROMIX","KAPLİN PUŞVİT FİTTİNGSLER","ADET","20.00","TRY","144.23","241","in_stock","https://bayi.euro-mix.com.tr/Content/img/Stokpic/Normal/2770.png"
"euromix-stock","PUSVİT 028","1234590921851","KAPLİN DİRSEK 50 LİK","EUROMIX","KAPLİN PUŞVİT FİTTİNGSLER","ADET","20.00","TRY","324.71","44","in_stock","https://bayi.euro-mix.com.tr/Content/img/Stokpic/Normal/2771.png"
"euromix-stock","PUSVİT 029","1234590921868","KAPLİN DİRSEK 63 LÜK","EUROMIX","KAPLİN PUŞVİT FİTTİNGSLER","ADET","20.00","TRY","285.60","22","in_stock","https://bayi.euro-mix.com.tr/Content/img/Stokpic/Normal/2772.png"
"euromix-stock","PUSVİT 030","1234590921875","KAPLİN DİRSEK 75 LİK","EUROMIX","KAPLİN PUŞVİT FİTTİNGSLER","ADET","20.00","TRY","549.78","3","in_stock","https://bayi.euro-mix.com.tr/Content/img/Stokpic/Normal/2773.png"
"euromix-stock","PUSVİT 031","1234590921882","KAPLİN DİRSEK 90 LIK","EUROMIX","KAPLİN PUŞVİT FİTTİNGSLER","ADET","20.00","TRY","742.56","0","out_of_stock","https://bayi.euro-mix.com.tr/Content/img/Stokpic/Normal/2774.png"
"euromix-stock","PUSVİT 032","1234590921899","KAPLİN DİRSEK 110 LUK","EUROMIX","KAPLİN PUŞVİT FİTTİNGSLER","ADET","20.00","TRY","1428.00","0","out_of_stock","https://bayi.euro-mix.com.tr/Content/img/Stokpic/Normal/2775.png"
"euromix-stock","PUSVİT 033","1234590921905","KAPLİN TE 40 LIK","EUROMIX","KAPLİN PUŞVİT FİTTİNGSLER","ADET","20.00","TRY","208.49","60","in_stock","https://bayi.euro-mix.com.tr/Content/img/Stokpic/Normal/7477.png"
"euromix-stock","PUSVİT 034","1234590921912","KAPLİN TE 50 LİK","EUROMIX","KAPLİN PUŞVİT FİTTİNGSLER","ADET","20.00","TRY","448.54","44","in_stock","https://bayi.euro-mix.com.tr/Content/img/Stokpic/Normal/7478.png"
"euromix-stock","PUSVİT 035","1234590921929","KAPLİN TE 63 LÜK","EUROMIX","KAPLİN PUŞVİT FİTTİNGSLER","ADET","20.00","TRY","401.27","25","in_stock","https://bayi.euro-mix.com.tr/Content/img/Stokpic/Normal/7479.png"
"euromix-stock","PUSVİT 036","1234590921936","KAPLİN TE 75 LİK","EUROMIX","KAPLİN PUŞVİT FİTTİNGSLER","ADET","20.00","TRY","749.70","11","in_stock","https://bayi.euro-mix.com.tr/Content/img/Stokpic/Normal/7480.png"
"euromix-stock","PUSVİT 037","1234590921943","KAPLİN TE 90 LIK","EUROMIX","KAPLİN PUŞVİT FİTTİNGSLER","ADET","20.00","TRY","1106.70","0","out_of_stock","https://bayi.euro-mix.com.tr/Content/img/Stokpic/Normal/7481.png"
"euromix-stock","PUSVİT 038","1234590921950","KAPLİN TE 110 LUK","EUROMIX","KAPLİN PUŞVİT FİTTİNGSLER","ADET","20.00","TRY","1934.94","0","out_of_stock","https://bayi.euro-mix.com.tr/Content/img/Stokpic/Normal/7482.png"
"euromix-stock","PUSVİT 039","1234590922001","KAPLİN REDÜKSİYON 63x50","EUROMIX","KAPLİN PUŞVİT FİTTİNGSLER","ADET","20.00","TRY","247.04","0","out_of_stock","https://bayi.euro-mix.com.tr/Content/img/Stokpic/Normal/7483.png"
"euromix-stock","PUSVİT 040","1234590922018","KAPLİN REDÜKSİYON 63x40","EUROMIX","KAPLİN PUŞVİT FİTTİNGSLER","ADET","20.00","TRY","228.48","0","out_of_stock","https://bayi.euro-mix.com.tr/Content/img/Stokpic/Normal/7484.png"
"euromix-stock","PUSVİT 041","1234590922025","KAPLİN REDÜKSİYON 50x32","EUROMIX","KAPLİN PUŞVİT FİTTİNGSLER","ADET","20.00","TRY","144.23","0","out_of_stock","https://bayi.euro-mix.com.tr/Content/img/Stokpic/Normal/7485.png"
"euromix-stock","PUSVİT 042","1234590922032","KAPLİN REDÜKSİYON 50x40","EUROMIX","KAPLİN PUŞVİT FİTTİNGSLER","ADET","20.00","TRY","165.65","54","in_stock","https://bayi.euro-mix.com.tr/Content/img/Stokpic/Normal/7486.png"
"euromix-stock","PUSVİT 043","1234590922049","KAPLİN ADAPTÖR DIŞ DİŞLİ 63X2""","EUROMIX","KAPLİN PUŞVİT FİTTİNGSLER","ADET","20.00","TRY","151.37","60","in_stock","https://bayi.euro-mix.com.tr/Content/img/Stokpic/Normal/7487.png"
"euromix-stock","PUSVİT 044","1234590922056","KAPLİN ADAPTÖR İÇ DİŞLİ 63X2""","EUROMIX","KAPLİN PUŞVİT FİTTİNGSLER","ADET","20.00","TRY","152.80","69","in_stock","https://bayi.euro-mix.com.tr/Content/img/Stokpic/Normal/7488.png"
"euromix-stock","PUSVİT 052","1234590922131","KAPLİN REDÜKSİYON 32X20","EUROMIX","KAPLİN PUŞVİT FİTTİNGSLER","ADET","20.00","TRY","61.40","112","in_stock","https://bayi.euro-mix.com.tr/Content/img/Stokpic/Normal/7495.png"
"euromix-stock","PUSVİT 053","1234590922148","KAPLİN REDÜKSİYON 40X25","EUROMIX","KAPLİN PUŞVİT FİTTİNGSLER","ADET","20.00","TRY","97.83","0","out_of_stock","https://bayi.euro-mix.com.tr/Content/img/Stokpic/Normal/7496.png"
"euromix-stock","PUSVİT 054","1234590922155","KAPLİN REDÜKSİYON 40X32","EUROMIX","KAPLİN PUŞVİT FİTTİNGSLER","ADET","20.00","TRY","107.10","18","in_stock","https://bayi.euro-mix.com.tr/Content/img/Stokpic/Normal/7497.png"
"euromix-stock","PUSVİT 061","1234590922292","KAPLİN ADAPTÖR DIŞ DİŞLİ 40X11/4""","EUROMIX","KAPLİN PUŞVİT FİTTİNGSLER","ADET","20.00","TRY","74.54","275","in_stock","https://bayi.euro-mix.com.tr/Content/img/Stokpic/Normal/7498.png"
"euromix-stock","PUSVİT 062","1234590922308","KAPLİN ADAPTÖR DIŞ DİŞLİ 50X11/2""","EUROMIX","KAPLİN PUŞVİT FİTTİNGSLER","ADET","20.00","TRY","112.81","56","in_stock","https://bayi.euro-mix.com.tr/Content/img/Stokpic/Normal/7499.png"
"euromix-stock","PUSVİT 063","1234590922315","KAPLİN ADAPTÖR İÇ DİŞLİ 40X11/4""","EUROMIX","KAPLİN PUŞVİT FİTTİNGSLER","ADET","20.00","TRY","87.11","176","in_stock","https://bayi.euro-mix.com.tr/Content/img/Stokpic/Normal/7500.png"
"euromix-stock","PUSVİT 064","1234590922322","KAPLİN ADAPTÖR İÇ DİŞLİ 50X11/2""","EUROMIX","KAPLİN PUŞVİT FİTTİNGSLER","ADET","20.00","TRY","114.24","122","in_stock","https://bayi.euro-mix.com.tr/Content/img/Stokpic/Normal/7501.png"
"euromix-stock","PUSVİT 098","1234590922629","KAPLİN ADAPTÖR DIŞ DİŞLİ 75*2""1/2","EUROMIX","KAPLİN PUŞVİT FİTTİNGSLER","ADET","20.00","TRY","264.18","0","out_of_stock","https://bayi.euro-mix.com.tr/Content/img/Stokpic/Normal/2828.png"
"euromix-stock","PUSVİT 101","1234590930235","KAPLİN TAPA 40 LIK","EUROMIX","KAPLİN PUŞVİT FİTTİNGSLER","ADET","20.00","TRY","74.41","1","in_stock","https://bayi.euro-mix.com.tr/Content/img/Stokpic/Normal/7504.png"
"euromix-stock","PUSVİT 102","1234590930297","KAPLİN TAPA 50 LİK","EUROMIX","KAPLİN PUŞVİT FİTTİNGSLER","ADET","20.00","TRY","112.81","1","in_stock","https://bayi.euro-mix.com.tr/Content/img/Stokpic/Normal/7505.png"
"euromix-stock","PUSVİT 103","1234590930327","KAPLİN TAPA 63 LÜK","EUROMIX","KAPLİN PUŞVİT FİTTİNGSLER","ADET","20.00","TRY","151.37","0","out_of_stock","https://bayi.euro-mix.com.tr/Content/img/Stokpic/Normal/7506.png"
"euromix-stock","PUSVİT 104","1234590931577","KAPLİN ADAPTÖR DIŞ DİŞLİ 25X1/2","EUROMIX","KAPLİN PUŞVİT FİTTİNGSLER","ADET","20.00","TRY","32.84","0","out_of_stock","https://bayi.euro-mix.com.tr/Content/img/Stokpic/Normal/7507.png"
"euromix-stock","PUSVİT 105","1234590931584","KAPLİN ADAPTÖR DIŞ DİŞLİ 32X3/4","EUROMIX","KAPLİN PUŞVİT FİTTİNGSLER","ADET","20.00","TRY","46.42","0","out_of_stock","https://bayi.euro-mix.com.tr/Content/img/Stokpic/Normal/7508.png"
"euromix-stock","PUSVİT 107","1234590931607","KAPLİN ADAPTÖR DIŞ DİŞLİ 40X1""","EUROMIX","KAPLİN PUŞVİT FİTTİNGSLER","ADET","20.00","TRY","74.98","0","out_of_stock","https://bayi.euro-mix.com.tr/Content/img/Stokpic/Normal/7509.png"
"euromix-stock","PUSVİT 109","1234590931621","KAPLİN ADAPTÖR DIŞ DİŞLİ 50X11/4""","EUROMIX","KAPLİN PUŞVİT FİTTİNGSLER","ADET","20.00","TRY","114.24","0","out_of_stock","https://bayi.euro-mix.com.tr/Content/img/Stokpic/Normal/7510.png"
"euromix-stock","PUSVİT 110","1234590931638","KAPLİN ADAPTÖR DIŞ DİŞLİ 63X11/2""","EUROMIX","KAPLİN PUŞVİT FİTTİNGSLER","ADET","20.00","TRY","157.08","0","out_of_stock","https://bayi.euro-mix.com.tr/Content/img/Stokpic/Normal/7511.png"
"euromix-stock","PUSVİT 111","1234590931645","KAPLİN ADAPTÖR DIŞ DİŞLİ 75*2""","EUROMIX","KAPLİN PUŞVİT FİTTİNGSLER","ADET","20.00","TRY","264.18","0","out_of_stock","https://bayi.euro-mix.com.tr/Content/img/Stokpic/Normal/7512.png"
"euromix-stock","PUSVİT 112","1234590931652","KAPLİN ADAPTÖR DIŞ DİŞLİ 90*3""","EUROMIX","KAPLİN PUŞVİT FİTTİNGSLER","ADET","20.00","TRY","379.85","0","out_of_stock","https://bayi.euro-mix.com.tr/Content/img/Stokpic/Normal/3396.png"
"euromix-stock","PUSVİT 113","1234590931669","KAPLİN ADAPTÖR DIŞ DİŞLİ 110*4""","EUROMIX","KAPLİN PUŞVİT FİTTİNGSLER","ADET","20.00","TRY","692.58","0","out_of_stock","https://bayi.euro-mix.com.tr/Content/img/Stokpic/Normal/7513.png"
"euromix-stock","PUSVİT 114","1234590931676","KAPLİN ADAPTÖR İÇ DİŞLİ 25X1/2","EUROMIX","KAPLİN PUŞVİT FİTTİNGSLER","ADET","20.00","TRY","41.70","0","out_of_stock","https://bayi.euro-mix.com.tr/Content/img/Stokpic/Normal/7514.png"
"euromix-stock","PUSVİT 115","1234590931683","KAPLİN ADAPTÖR İÇ DİŞLİ 32X3/4","EUROMIX","KAPLİN PUŞVİT FİTTİNGSLER","ADET","20.00","TRY","51.41","0","out_of_stock","https://bayi.euro-mix.com.tr/Content/img/Stokpic/Normal/7515.png"
"euromix-stock","PUSVİT 116","1234590931690","KAPLİN ADAPTÖR İÇ DİŞLİ 40X11/2""","EUROMIX","KAPLİN PUŞVİT FİTTİNGSLER","ADET","20.00","TRY","84.97","0","out_of_stock","https://bayi.euro-mix.com.tr/Content/img/Stokpic/Normal/3400.png"
"euromix-stock","PUSVİT 117","1234590931706","KAPLİN ADAPTÖR İÇ DİŞLİ 50X11/4""","EUROMIX","KAPLİN PUŞVİT FİTTİNGSLER","ADET","20.00","TRY","115.67","0","out_of_stock","https://bayi.euro-mix.com.tr/Content/img/Stokpic/Normal/7516.png"
"euromix-stock","PUSVİT 118","1234590931713","KAPLİN ADAPTÖR İÇ DİŞLİ 63X11/2""","EUROMIX","KAPLİN PUŞVİT FİTTİNGSLER","ADET","20.00","TRY","161.36","0","out_of_stock","https://bayi.euro-mix.com.tr/Content/img/Stokpic/Normal/7517.png"
"euromix-stock","PUSVİT 119","1234590931720","KAPLİN ADAPTÖR İÇ DİŞLİ 75X2""","EUROMIX","KAPLİN PUŞVİT FİTTİNGSLER","ADET","20.00","TRY","257.04","0","out_of_stock","https://bayi.euro-mix.com.tr/Content/img/Stokpic/Normal/7518.png"
"euromix-stock","PUSVİT 120","1234590931737","KAPLİN ADAPTÖR İÇ DİŞLİ 75X3""","EUROMIX","KAPLİN PUŞVİT FİTTİNGSLER","ADET","20.00","TRY","308.45","0","out_of_stock","https://bayi.euro-mix.com.tr/Content/img/Stokpic/Normal/3404.png"
"euromix-stock","PUSVİT 121","1234590931744","KAPLİN ADAPTÖR İÇ DİŞLİ 90X3""","EUROMIX","KAPLİN PUŞVİT FİTTİNGSLER","ADET","20.00","TRY","406.98","0","out_of_stock","https://bayi.euro-mix.com.tr/Content/img/Stokpic/Normal/3405.png"
"euromix-stock","PUSVİT 122","1234590931751","KAPLİN ADAPTÖR İÇ DİŞLİ 110*4""","EUROMIX","KAPLİN PUŞVİT FİTTİNGSLER","ADET","20.00","TRY","692.58","0","out_of_stock","https://bayi.euro-mix.com.tr/Content/img/Stokpic/Normal/7519.png"
"euromix-stock","PUSVİT 123","1234590931768","KAPLİN REDÜKSİYON 75X63","EUROMIX","KAPLİN PUŞVİT FİTTİNGSLER","ADET","20.00","TRY","378.42","0","out_of_stock","https://bayi.euro-mix.com.tr/Content/img/Stokpic/Normal/7520.png"
"euromix-stock","PUSVİT 124","1234590931775","KAPLİN REDÜKSİYON 90X63","EUROMIX","KAPLİN PUŞVİT FİTTİNGSLER","ADET","20.00","TRY","564.06","0","out_of_stock","https://bayi.euro-mix.com.tr/Content/img/Stokpic/Normal/7521.png"
"euromix-stock","PUSVİT 125","1234590931782","KAPLİN REDÜKSİYON 90X75","EUROMIX","KAPLİN PUŞVİT FİTTİNGSLER","ADET","20.00","TRY","592.62","0","out_of_stock","https://bayi.euro-mix.com.tr/Content/img/Stokpic/Normal/7522.png"
"euromix-stock","PUSVİT 126","1234590931799","KAPLİN REDÜKSİYON 110X75","EUROMIX","KAPLİN PUŞVİT FİTTİNGSLER","ADET","20.00","TRY","906.78","0","out_of_stock","https://bayi.euro-mix.com.tr/Content/img/Stokpic/Normal/3410.png"
"euromix-stock","PUSVİT 127","1234590931805","KAPLİN REDÜKSİYON 110X90","EUROMIX","KAPLİN PUŞVİT FİTTİNGSLER","ADET","20.00","TRY","999.60","0","out_of_stock","https://bayi.euro-mix.com.tr/Content/img/Stokpic/Normal/3411.png"
"euromix-stock","PUSVİT 133","1234590942535","KAPLİN TAPA 75 LÜK","EUROMIX","KAPLİN PUŞVİT FİTTİNGSLER","ADET","20.00","TRY","264.18","0","out_of_stock",""
"euromix-stock","PUSVİT 134","1234590942542","KAPLİN TAPA 90 LÜK","EUROMIX","KAPLİN PUŞVİT FİTTİNGSLER","ADET","20.00","TRY","378.42","0","out_of_stock",""
"euromix-stock","PUSVİT 135","1234590942559","KAPLİN TAPA 110 LÜK","EUROMIX","KAPLİN PUŞVİT FİTTİNGSLER","ADET","20.00","TRY","692.58","0","out_of_stock",""
"euromix-stock","PV 001","1234590911098","PURJÖR ANAHTARI","EUROMIX","SARI FİTTİNGSLER","ADET","20.00","TRY","6.06","7360","in_stock","https://bayi.euro-mix.com.tr/Content/img/Stokpic/Normal/7523.png"
"euromix-stock","PV 001-1","1234590921394","VAKUMLU PURJÖR ANAHTARI 2Lİ","EUROMIX","SARI FİTTİNGSLER","ADET","20.00","TRY","17.86","0","out_of_stock","https://bayi.euro-mix.com.tr/Content/img/Stokpic/Normal/2834.png"
"euromix-stock","PV 002","1234590918837","OTOMATİK PURJÖR ( TAHLİYE CİHAZI )","EUROMIX","SARI FİTTİNGSLER","ADET","20.00","TRY","513.19","196","in_stock","https://bayi.euro-mix.com.tr/Content/img/Stokpic/Normal/7524.png"
"euromix-stock","PVC 001","6948721684656","PVC MAKASI","EUROMIX","HIRDAVAT","ADET","20.00","TRY","444.14","0","out_of_stock","https://bayi.euro-mix.com.tr/Content/img/Stokpic/Normal/7525.png"
"euromix-stock","PVC 001-1","1234590940845","PVC MAKASI (candan)","EUROMIX","HIRDAVAT","ADET","20.00","TRY","742.56","55","in_stock",""
"euromix-stock","PVC 001-2","","PVC MAKASI (candan) OTOMATİK","EUROMIX","HIRDAVAT","ADET","20.00","TRY","1005.85","0","out_of_stock",""
"euromix-stock","PVC 011","1234590920984","100 LÜK 25 CM PVC BORU","EUROMIX","FİTİNGSLER","ADET","20.00","TRY","13.36","0","out_of_stock","https://bayi.euro-mix.com.tr/Content/img/Stokpic/Normal/2836.png"
"euromix-stock","PX 001","1234590921219","16*2 DIŞ DİŞLİ YER. ISIT. REKOR","EUROMIX","SARI FİTTİNGSLER","ADET","20.00","TRY","77.11","261","in_stock","https://bayi.euro-mix.com.tr/Content/img/Stokpic/Normal/7526.png"
"euromix-stock","PX 002","1234590921356","HORTUMDAN HORTUMA BAĞLANTI REKORU","EUROMIX","SARI FİTTİNGSLER","ADET","20.00","TRY","108.39","225","in_stock","https://bayi.euro-mix.com.tr/Content/img/Stokpic/Normal/7527.png"
"euromix-stock","PX 003","1234590921189","16*2 ERKEK DİRSEK","EUROMIX","SARI FİTTİNGSLER","ADET","20.00","TRY","165.53","15","in_stock","https://bayi.euro-mix.com.tr/Content/img/Stokpic/Normal/7528.png"
"euromix-stock","PX 004","1234590921196","16*2 EŞİT DİRSEK","EUROMIX","SARI FİTTİNGSLER","ADET","20.00","TRY","216.77","0","out_of_stock","https://bayi.euro-mix.com.tr/Content/img/Stokpic/Normal/7529.png"
"euromix-stock","PX 005","1234590921202","16*2 EŞİT TE","EUROMIX","SARI FİTTİNGSLER","ADET","20.00","TRY","280.81","60","in_stock","https://bayi.euro-mix.com.tr/Content/img/Stokpic/Normal/7530.png"
"euromix-stock","PX 006","1234590921141","KROSTİK BORU KIRMIZI KILIFLI PX BORU (100 METRE)","EUROMIX","SARI FİTTİNGSLER","ADET","20.00","TRY","766.48","0","out_of_stock","https://bayi.euro-mix.com.tr/Content/img/Stokpic/Normal/7531.png"
"euromix-stock","PX 007","1234590921158","KROSTİK BORU MAVİ KILIFLI PX BORU (100 METRE)","EUROMIX","SARI FİTTİNGSLER","ADET","20.00","TRY","766.48","0","out_of_stock","https://bayi.euro-mix.com.tr/Content/img/Stokpic/Normal/7532.png"
"euromix-stock","PX 008","1234590922926","TELESKOPİK PX GİZLEME KILIFI PLASTİK","EUROMIX","SARI FİTTİNGSLER","ADET","20.00","TRY","43.63","120","in_stock","https://bayi.euro-mix.com.tr/Content/img/Stokpic/Normal/7533.png"
"euromix-stock","PX 009","1234590923336","16*2 DİŞİ DİRSEK","EUROMIX","SARI FİTTİNGSLER","ADET","20.00","TRY","165.53","183","in_stock","https://bayi.euro-mix.com.tr/Content/img/Stokpic/Normal/7534.png"
"euromix-stock","PX 010","1234590923534","16*2 İÇ DİŞLİ YER. ISIT. REKOR","EUROMIX","SARI FİTTİNGSLER","ADET","20.00","TRY","77.11","170","in_stock","https://bayi.euro-mix.com.tr/Content/img/Stokpic/Normal/7535.png"
"euromix-stock","PX 011","1234590930280","16*2 PX TAPASI","EUROMIX","SARI FİTTİNGSLER","ADET","20.00","TRY","69.27","158","in_stock","https://bayi.euro-mix.com.tr/Content/img/Stokpic/Normal/7536.png"
"euromix-stock","PX 012","1234590930334","KROM TELESKOPİK PX GİZLEME KILIFI PLASTİK","EUROMIX","SARI FİTTİNGSLER","ADET","20.00","TRY","57.12","0","out_of_stock","https://bayi.euro-mix.com.tr/Content/img/Stokpic/Normal/7537.png"
"euromix-stock","PX 013","1234590940999","PX PPRC REKOR","EUROMIX","SARI FİTTİNGSLER","ADET","20.00","TRY","129.33","168","in_stock",""
"euromix-stock","PX 014","1234590941279","16*2 ERKEK TE","EUROMIX","SARI FİTTİNGSLER","ADET","20.00","TRY","204.20","0","out_of_stock","https://bayi.euro-mix.com.tr/Content/img/Stokpic/Normal/7538.png"
"euromix-stock","RBT 001","1234590926450","SİYAH YUVARLAK ROBOT TEPE DUŞ SETİ","EUROMIX","ROBOT DUŞAR","ADET","20.00","TRY","2459.87","0","out_of_stock","https://bayi.euro-mix.com.tr/Content/img/Stokpic/Normal/7539.png"
"euromix-stock","RBT 002","1234590925125","SİYAH KARE ROBOT TEPE DUŞ SETİ","EUROMIX","ROBOT DUŞAR","ADET","20.00","TRY","1776.58","173","in_stock","https://bayi.euro-mix.com.tr/Content/img/Stokpic/Normal/7541.png"
"euromix-stock","RBT 003","1234590924319","TEPE DUŞ SETİ KROM","EUROMIX","ROBOT DUŞAR","ADET","20.00","TRY","1277.09","0","out_of_stock","https://bayi.euro-mix.com.tr/Content/img/Stokpic/Normal/7542.png"
"euromix-stock","RBT 004","1234590936886","KLASİK KARE ROBOT TEPE DUŞ SETİ","EUROMIX","ROBOT DUŞAR","ADET","20.00","TRY","1024.95","0","out_of_stock","https://bayi.euro-mix.com.tr/Content/img/Stokpic/Normal/7543.png"
"euromix-stock","RBT 005","1234590936893","BORAL ANTRASİT TEPE DUŞ SETİ","EUROMIX","ROBOT DUŞAR","ADET","20.00","TRY","2289.05","14","in_stock","https://bayi.euro-mix.com.tr/Content/img/Stokpic/Normal/7544.png"
"euromix-stock","RBT 006","1234590936909","BORAL BLACK BRONZ TEPE DUŞ SETİ","EUROMIX","ROBOT DUŞAR","ADET","20.00","TRY","2562.37","20","in_stock","https://bayi.euro-mix.com.tr/Content/img/Stokpic/Normal/7545.png"
"euromix-stock","RBT 007","1234590936916","BORAL BLACK WHITE TEPE DUŞ SETİ","EUROMIX","ROBOT DUŞAR","ADET","20.00","TRY","2494.04","11","in_stock","https://bayi.euro-mix.com.tr/Content/img/Stokpic/Normal/7546.png"
"euromix-stock","RBT 008","1234590936923","BORAL GOLD WHITE TEPE DUŞ SETİ","EUROMIX","ROBOT DUŞAR","ADET","20.00","TRY","2562.37","29","in_stock","https://bayi.euro-mix.com.tr/Content/img/Stokpic/Normal/7547.png"
"euromix-stock","RBT 009","1234590936930","BORAL SOFT BLACK TEPE DUŞ SETİ","EUROMIX","ROBOT DUŞAR","ADET","20.00","TRY","2562.37","12","in_stock","https://bayi.euro-mix.com.tr/Content/img/Stokpic/Normal/7548.png"
"euromix-stock","RBT 010","1234590936947","BORAL WHITE KROM TEPE DUŞ SETİ","EUROMIX","ROBOT DUŞAR","ADET","20.00","TRY","2562.37","20","in_stock","https://bayi.euro-mix.com.tr/Content/img/Stokpic/Normal/7549.png"
"euromix-stock","RBT 011","1234590936954","ORG BLACK TEPE DUŞ SETİ","EUROMIX","ROBOT DUŞAR","ADET","20.00","TRY","1742.41","0","out_of_stock","https://bayi.euro-mix.com.tr/Content/img/Stokpic/Normal/3884.png"
"euromix-stock","RBT 012","1234590936961","ORG WHITE TEPE DUŞ SETİ","EUROMIX","ROBOT DUŞAR","ADET","20.00","TRY","1742.41","5","in_stock","https://bayi.euro-mix.com.tr/Content/img/Stokpic/Normal/7550.png"
"euromix-stock","RBT 013","1234590936978","RAIN KROM TEPE DUŞ SETİ","EUROMIX","ROBOT DUŞAR","ADET","20.00","TRY","1981.56","0","out_of_stock","https://bayi.euro-mix.com.tr/Content/img/Stokpic/Normal/7551.png"
"euromix-stock","RBT 014","1234590931423","GOLD YUVARLAK TEPE DUŞ SETİ","EUROMIX","ROBOT DUŞAR","ADET","20.00","TRY","2049.90","0","out_of_stock","https://bayi.euro-mix.com.tr/Content/img/Stokpic/Normal/7552.png"
"euromix-stock","RBT 017","1234590940913","GOLD KARE TEPE DUŞ SETİ","EUROMIX","ROBOT DUŞAR","ADET","20.00","TRY","2186.55","102","in_stock","https://bayi.euro-mix.com.tr/Content/img/Stokpic/Normal/7553.png"
"euromix-stock","RBT 018","1234590941156","BEYAZ KARE ROBOT TEPE DUŞ SETİ","EUROMIX","ROBOT DUŞAR","ADET","20.00","TRY","2015.73","0","out_of_stock","https://bayi.euro-mix.com.tr/Content/img/Stokpic/Normal/7554.png"
"euromix-stock","RBT 019","1234590941361","GALAKSİ ROBOT TEPE DUŞ SETİ","EUROMIX","ROBOT DUŞAR","ADET","20.00","TRY","2494.04","1","in_stock","https://bayi.euro-mix.com.tr/Content/img/Stokpic/Normal/8175.png"
"euromix-stock","RBT 020-1","","ROBOT TEPE ELDUŞU HORTUM HARİÇ (EKO)","EUROMIX","ROBOT DUŞAR","ADET","20.00","TRY","444.14","1500","in_stock",""
"euromix-stock","RBT 021","1234590943280","PİANO ROBOT KROM","EUROMIX","ROBOT DUŞAR","ADET","20.00","TRY","7366.63","0","out_of_stock","https://bayi.euro-mix.com.tr/Content/img/Stokpic/Normal/8180.png"
"euromix-stock","RBT 022","1234590943297","PİANO ROBOT SİYAH","EUROMIX","ROBOT DUŞAR","ADET","20.00","TRY","7366.63","0","out_of_stock","https://bayi.euro-mix.com.tr/Content/img/Stokpic/Normal/8181.png"
"euromix-stock","RBT 023","1234590943303","PİANO ROBOT ANTRASİT","EUROMIX","ROBOT DUŞAR","ADET","20.00","TRY","7857.93","0","out_of_stock","https://bayi.euro-mix.com.tr/Content/img/Stokpic/Normal/8182.png"
"euromix-stock","RBT 024","","PİANO ROBOT MAVİ RENK","EUROMIX","ROBOT DUŞAR","ADET","20.00","TRY","14349.27","1","in_stock","https://bayi.euro-mix.com.tr/Content/img/Stokpic/Normal/8183.png"
"euromix-stock","RBT 025","","PİANO ROBOT MAVİ RENK (GECE)","EUROMIX","ROBOT DUŞAR","ADET","20.00","TRY","14349.27","3","in_stock","https://bayi.euro-mix.com.tr/Content/img/Stokpic/Normal/8184.png"
"euromix-stock","RV 001","1234500002656","1/2 RADYATÖR VANASI KÖŞE","EUROMIX","RADYATÖR VANALARI","ADET","20.00","TRY","266.87","1366","in_stock","https://bayi.euro-mix.com.tr/Content/img/Stokpic/Normal/7555.png"
"euromix-stock","RV 002","1234590930495","DÜZ RADYATÖR VANASI","EUROMIX","RADYATÖR VANALARI","ADET","20.00","TRY","259.90","209","in_stock","https://bayi.euro-mix.com.tr/Content/img/Stokpic/Normal/7557.png"
"euromix-stock","RV 003","1234590916796","TERMOSTATİK RADYATÖR VANASI","EUROMIX","RADYATÖR VANALARI","ADET","20.00","TRY","514.08","0","out_of_stock","https://bayi.euro-mix.com.tr/Content/img/Stokpic/Normal/7558.png"
"euromix-stock","RV 004","1234590915843","KÖŞE RADYATÖR VANASI PX 1/2 (MOBİL)","EUROMIX","RADYATÖR VANALARI","ADET","20.00","TRY","299.88","0","out_of_stock","https://bayi.euro-mix.com.tr/Content/img/Stokpic/Normal/7559.png"
"euromix-stock","RY 001","1234590915546","ROBOT YÖNLENDİRİCİ 1/2 E 1/2 E 1/2 E","EUROMIX","DUŞ TAKIMLARI","ADET","20.00","TRY","273.32","29","in_stock","https://bayi.euro-mix.com.tr/Content/img/Stokpic/Normal/7562.png"
"euromix-stock","RY 002","1234590930341","ROBOT YÖNLENDİRİCİ (SOMUNLU)","EUROMIX","DUŞ TAKIMLARI","ADET","20.00","TRY","273.32","684","in_stock","https://bayi.euro-mix.com.tr/Content/img/Stokpic/Normal/7563.png"
"euromix-stock","RY 003","1234590934400","ROBOT YÖNLENDİRİCİ 1/2 E 1/2 E 3/4 E","EUROMIX","DUŞ TAKIMLARI","ADET","20.00","TRY","273.32","0","out_of_stock","https://bayi.euro-mix.com.tr/Content/img/Stokpic/Normal/7564.png"
"euromix-stock","RY 005","1234590940838","SİYAH ROBOT YÖNLENDİRİCİ (SOMUNLU)","EUROMIX","DUŞ TAKIMLARI","ADET","20.00","TRY","368.98","0","out_of_stock",""
"euromix-stock","RY 006","1234590940821","SİYAH ROBOT YÖNLENDİRİCİ 1/2 E 1/2 E 3/4 E","EUROMIX","DUŞ TAKIMLARI","ADET","20.00","TRY","358.73","32","in_stock",""
"euromix-stock","RY 007","1234590942566","GOLD ROBOT YÖNLENDİRİCİ 1/2 E 1/2 E 3/4 E","EUROMIX","DUŞ TAKIMLARI","ADET","20.00","TRY","178.50","0","out_of_stock",""
"euromix-stock","RY 008","1234590942573","GOLD ROBOT YÖNLENDİRİCİ 1/2 E 1/2 E 1/2 E","EUROMIX","DUŞ TAKIMLARI","ADET","20.00","TRY","178.50","16","in_stock",""
"euromix-stock","RY 009","1234590942580","GOLD ROBOT YÖNLENDİRİCİ (SOMUNLU)","EUROMIX","DUŞ TAKIMLARI","ADET","20.00","TRY","428.40","10","in_stock",""
"euromix-stock","RY 010","1234590942597","SİYAH ROBOT YÖNLENDİRİCİ 1/2 E 1/2 E 1/2 E","EUROMIX","DUŞ TAKIMLARI","ADET","20.00","TRY","239.15","250","in_stock",""
"euromix-stock","RY 011","1234590942603","22 LİK ROBOT YÖNLENDİRİCİ KARTUŞ","EUROMIX","DUŞ TAKIMLARI","ADET","20.00","TRY","51.24","762","in_stock",""
"euromix-stock","SC 001","1234500002694","SİLİKON CONTA","EUROMIX","IC TAKIM BOŞALTMA GRUBU CONTALARI","ADET","20.00","TRY","14.28","680","in_stock","https://bayi.euro-mix.com.tr/Content/img/Stokpic/Normal/2856.png"
"euromix-stock","SC 002","8697506422126","SIVI CONTA 50ml FORCE ( 10 ADET ) PK","EUROMIX","SIVI CONTA VE TEFLONLAR","ADET","20.00","TRY","182.45","561","in_stock","https://bayi.euro-mix.com.tr/Content/img/Stokpic/Normal/7566.png"
"euromix-stock","SC 003","8697506422140","SIVI CONTA 250 ML FORCE ( 6 ADET ) PK","EUROMIX","SIVI CONTA VE TEFLONLAR","ADET","20.00","TRY","393.57","89","in_stock","https://bayi.euro-mix.com.tr/Content/img/Stokpic/Normal/7567.png"
"euromix-stock","SF 002","1234500002717","TASLI PİSUVAR SİFONU","EUROMIX","TASLI SİFONLAR","ADET","20.00","TRY","61.59","0","out_of_stock","https://bayi.euro-mix.com.tr/Content/img/Stokpic/Normal/7568.png"
"euromix-stock","SF 002-1","1234500002724","KÖRÜKLÜ PİSUVAR SİFONU","EUROMIX","KÖRÜKLÜ SİFONLAR","ADET","20.00","TRY","61.59","3","in_stock","https://bayi.euro-mix.com.tr/Content/img/Stokpic/Normal/7569.png"
"euromix-stock","SF 003","1234500002731","ÇİFT GÖZLÜ TAŞMALI ÇÖPMAK SİFON","EUROMIX","KÖRÜKLÜ SİFONLAR","ADET","20.00","TRY","516.01","1","in_stock","https://bayi.euro-mix.com.tr/Content/img/Stokpic/Normal/7570.png"
"euromix-stock","SF 004","1234500002748","KÖRÜKLÜ TASLI SİFON","EUROMIX","TASLI SİFONLAR","ADET","20.00","TRY","119.25","0","out_of_stock","https://bayi.euro-mix.com.tr/Content/img/Stokpic/Normal/7572.png"
"euromix-stock","SF 011","8680419700832","ÇİFTGÖZLÜ ÇÖPMAK TAŞMALI (TASLI) FLEX TAH SİFON","EUROMIX","KÖRÜKLÜ SİFONLAR","ADET","20.00","TRY","519.36","57","in_stock","https://bayi.euro-mix.com.tr/Content/img/Stokpic/Normal/7573.png"
"euromix-stock","SF 012","1234590918691","ÇAMAŞIR SİFON APARATI","EUROMIX","DİGER","ADET","20.00","TRY","21.42","0","out_of_stock","https://bayi.euro-mix.com.tr/Content/img/Stokpic/Normal/7574.png"
"euromix-stock","SF 013","1234590930587","REKORLU KÜÇÜK KAFA ÇİFT GÖZLÜ SİFON","EUROMIX","KÖRÜKLÜ SİFONLAR","ADET","20.00","TRY","207.06","1","in_stock","https://bayi.euro-mix.com.tr/Content/img/Stokpic/Normal/7575.png"
"euromix-stock","SLC 002","8691452572300","SELSİL SİLİKON (ŞEFFAF) (25 Lİ KOLİ)","EUROMIX","SİLİKON MASTİK KÖPÜK","ADET","20.00","TRY","88.82","0","out_of_stock","https://bayi.euro-mix.com.tr/Content/img/Stokpic/Normal/8193.png"
"euromix-stock","SLC 007","1234590923596","HATFİX MASTİK 450 GR (20 Lİ KOLİ )","EUROMIX","SİLİKON MASTİK KÖPÜK","ADET","20.00","TRY","37.58","1","in_stock","https://bayi.euro-mix.com.tr/Content/img/Stokpic/Normal/8194.png"
"euromix-stock","SLC 009","1234590931850","SİBAX SİLİKON (ŞEFFAF)","EUROMIX","SİLİKON MASTİK KÖPÜK","ADET","20.00","TRY","78.02","9","in_stock","https://bayi.euro-mix.com.tr/Content/img/Stokpic/Normal/3334.png"
"euromix-stock","SLC 012","","SİSTA SİLİKON (ŞEFFAF) (20 Lİ KOLİ)","EUROMIX","SİLİKON MASTİK KÖPÜK","ADET","20.00","TRY","235.74","0","out_of_stock","https://bayi.euro-mix.com.tr/Content/img/Stokpic/Normal/8196.png"
"euromix-stock","SM 004","1234590911814","SEMAVER MUSLUĞU ERKEK (KLASİK)","EUROMIX","SEMAVER VE PLASTİK MUSLUKLAR","ADET","20.00","TRY","67.84","1","in_stock","https://bayi.euro-mix.com.tr/Content/img/Stokpic/Normal/7581.png"
"euromix-stock","SM 005","1234590911821","SEMAVER MUSLUĞU DİŞİ (ÇAYMATİK)","EUROMIX","SEMAVER VE PLASTİK MUSLUKLAR","ADET","20.00","TRY","67.84","891","in_stock","https://bayi.euro-mix.com.tr/Content/img/Stokpic/Normal/7582.png"
"euromix-stock","SM 006","1234590911838","SEBİL MUSLUĞU","EUROMIX","SEMAVER VE PLASTİK MUSLUKLAR","ADET","20.00","TRY","82.12","1080","in_stock","https://bayi.euro-mix.com.tr/Content/img/Stokpic/Normal/7584.png"
"euromix-stock","SM 007","1234590914938","KAHVECİ SEMAVER MUSLUĞU","EUROMIX","SEMAVER VE PLASTİK MUSLUKLAR","ADET","20.00","TRY","535.50","53","in_stock","https://bayi.euro-mix.com.tr/Content/img/Stokpic/Normal/7585.png"
"euromix-stock","SM 008","1234590915447","KIR MUSLUĞU","EUROMIX","SEMAVER VE PLASTİK MUSLUKLAR","ADET","20.00","TRY","128.52","0","out_of_stock","https://bayi.euro-mix.com.tr/Content/img/Stokpic/Normal/7586.png"
"euromix-stock","SM 009","1234590916499","İMZA MODELİ SEMAVER MUSLUĞU","EUROMIX","SEMAVER VE PLASTİK MUSLUKLAR","ADET","20.00","TRY","94.43","0","out_of_stock","https://bayi.euro-mix.com.tr/Content/img/Stokpic/Normal/7587.png"
"euromix-stock","SM 010","1234590917144","ÇELİK SEMAVER MUSLUĞU","EUROMIX","SEMAVER VE PLASTİK MUSLUKLAR","ADET","20.00","TRY","225.81","69","in_stock","https://bayi.euro-mix.com.tr/Content/img/Stokpic/Normal/7588.png"
"euromix-stock","SM 012","1234590921370","ÇAYMATİK PLASTİK MUSLUK (GÖSTERGELİ)","EUROMIX","SEMAVER VE PLASTİK MUSLUKLAR","ADET","20.00","TRY","71.84","105","in_stock","https://bayi.euro-mix.com.tr/Content/img/Stokpic/Normal/7589.png"
"euromix-stock","SM 014","1234590931881","SEBİL MUSLUĞU ERKEK DİŞLİ","EUROMIX","SEMAVER VE PLASTİK MUSLUKLAR","ADET","20.00","TRY","82.12","1","in_stock","https://bayi.euro-mix.com.tr/Content/img/Stokpic/Normal/7591.png"
"euromix-stock","SR 001","1234500002786","SARI 1/2 DEN 3/8 E REDÜKSİYON","EUROMIX","SARI FİTTİNGSLER","ADET","20.00","TRY","27.13","733","in_stock","https://bayi.euro-mix.com.tr/Content/img/Stokpic/Normal/7593.png"
"euromix-stock","SR 001-1","1234500002793","SARI 3/4 DEN 1/2 YE REDÜKSİYON","EUROMIX","SARI FİTTİNGSLER","ADET","20.00","TRY","38.61","697","in_stock","https://bayi.euro-mix.com.tr/Content/img/Stokpic/Normal/7594.png"
"euromix-stock","SR 001-2","1234590911579","SARI 1'' DEN 3/4 E REDÜKSİYON","EUROMIX","SARI FİTTİNGSLER","ADET","20.00","TRY","63.24","289","in_stock","https://bayi.euro-mix.com.tr/Content/img/Stokpic/Normal/7595.png"
"euromix-stock","SR 001-3","1234590930679","SARI 1""1/4 DEN 1"" E REDÜKSİYON","EUROMIX","SARI FİTTİNGSLER","ADET","20.00","TRY","185.17","44","in_stock","https://bayi.euro-mix.com.tr/Content/img/Stokpic/Normal/7596.png"
"euromix-stock","SR 001-4","1234590930532","SARI 1""1/2 DEN 1""1/4 E REDÜKSİYON","EUROMIX","SARI FİTTİNGSLER","ADET","20.00","TRY","277.03","1","in_stock","https://bayi.euro-mix.com.tr/Content/img/Stokpic/Normal/7597.png"
"euromix-stock","SR 001-5","1234590937456","SARI 1""1/2 DEN 1"" E REDÜKSİYON","EUROMIX","SARI FİTTİNGSLER","ADET","20.00","TRY","277.03","0","out_of_stock","https://bayi.euro-mix.com.tr/Content/img/Stokpic/Normal/7598.png"
"euromix-stock","SR 001-6","1234590937463","SARI 1""1/2 DEN 3/4 E REDÜKSİYON","EUROMIX","SARI FİTTİNGSLER","ADET","20.00","TRY","299.88","0","out_of_stock","https://bayi.euro-mix.com.tr/Content/img/Stokpic/Normal/7599.png"
"euromix-stock","SR 001-7","1234590937470","SARI 1""1/2 DEN 1/2 E REDÜKSİYON","EUROMIX","SARI FİTTİNGSLER","ADET","20.00","TRY","299.88","0","out_of_stock","https://bayi.euro-mix.com.tr/Content/img/Stokpic/Normal/7600.png"
"euromix-stock","SR 001-9","1234590937500","SARI 1/2 DEN 1/8 E REDÜKSİYON","EUROMIX","SARI FİTTİNGSLER","ADET","20.00","TRY","45.18","1","in_stock","https://bayi.euro-mix.com.tr/Content/img/Stokpic/Normal/7601.png"
"euromix-stock","SR 002","1234500002809","SARI 3/4 DEN 1/2 YE ORANTILI NİPEL","EUROMIX","SARI FİTTİNGSLER","ADET","20.00","TRY","39.41","62","in_stock","https://bayi.euro-mix.com.tr/Content/img/Stokpic/Normal/7602.png"
"euromix-stock","SR 003","1234500002816","SARI 1/2 NİPEL","EUROMIX","SARI FİTTİNGSLER","ADET","20.00","TRY","27.06","1609","in_stock","https://bayi.euro-mix.com.tr/Content/img/Stokpic/Normal/7603.png"
"euromix-stock","SR 004","1234500002823","SARI 1/2 DEN 3/8 E ORANTILI NİPEL","EUROMIX","SARI FİTTİNGSLER","ADET","20.00","TRY","27.13","1578","in_stock","https://bayi.euro-mix.com.tr/Content/img/Stokpic/Normal/7604.png"
"euromix-stock","SR 005","1234500002830","EKO SARI SAAT REKORU (TAKIM)","EUROMIX","SARI FİTTİNGSLER","ADET","20.00","TRY","152.80","2071","in_stock","https://bayi.euro-mix.com.tr/Content/img/Stokpic/Normal/2892.png"
"euromix-stock","SR 006","1234500002847","SARI 3/4 NİPEL","EUROMIX","SARI FİTTİNGSLER","ADET","20.00","TRY","39.41","611","in_stock","https://bayi.euro-mix.com.tr/Content/img/Stokpic/Normal/7605.png"
"euromix-stock","SR 007","1234500002854","SARI 3/8 NİPEL","EUROMIX","SARI FİTTİNGSLER","ADET","20.00","TRY","26.16","2280","in_stock","https://bayi.euro-mix.com.tr/Content/img/Stokpic/Normal/7606.png"
"euromix-stock","SR 008","1234500003905","SARI 1/2 - 14MM HORTUM REKORU","EUROMIX","SARI FİTTİNGSLER","ADET","20.00","TRY","50.50","803","in_stock","https://bayi.euro-mix.com.tr/Content/img/Stokpic/Normal/7607.png"
"euromix-stock","SR 008-1","1234590919759","SARI 1/2 - 8MM HORTUM REKORU","EUROMIX","SARI FİTTİNGSLER","ADET","20.00","TRY","54.78","87","in_stock","https://bayi.euro-mix.com.tr/Content/img/Stokpic/Normal/7608.png"
"euromix-stock","SR 008-10","1234590942610","SARI 1/8 - 6MM HORTUM REKORU","EUROMIX","SARI FİTTİNGSLER","ADET","20.00","TRY","53.37","20","in_stock",""
"euromix-stock","SR 008-13","1234590942641","SARI 1/2 -10MM HORTUM REKORU (DİŞİ)","EUROMIX","SARI FİTTİNGSLER","ADET","20.00","TRY","64.26","137","in_stock",""
"euromix-stock","SR 008-14","1234590942658","SARI 1/2 - 12MM HORTUM REKORU (DİŞİ)","EUROMIX","SARI FİTTİNGSLER","ADET","20.00","TRY","78.02","22","in_stock",""
"euromix-stock","SR 008-2","1234590919766","SARI 1/2 -10MM HORTUM REKORU","EUROMIX","SARI FİTTİNGSLER","ADET","20.00","TRY","54.78","271","in_stock","https://bayi.euro-mix.com.tr/Content/img/Stokpic/Normal/7609.png"
"euromix-stock","SR 008-3","1234590919773","SARI 3/8 - 8MM HORTUM REKORU","EUROMIX","SARI FİTTİNGSLER","ADET","20.00","TRY","58.55","0","out_of_stock","https://bayi.euro-mix.com.tr/Content/img/Stokpic/Normal/7610.png"
"euromix-stock","SR 008-4","1234590919780","SARI 3/8 - 10MM HORTUM REKORU","EUROMIX","SARI FİTTİNGSLER","ADET","20.00","TRY","58.55","0","out_of_stock","https://bayi.euro-mix.com.tr/Content/img/Stokpic/Normal/7611.png"
"euromix-stock","SR 008-5","1234590919797","SARI 1/4 - 8MM HORTUM REKORU","EUROMIX","SARI FİTTİNGSLER","ADET","20.00","TRY","55.69","0","out_of_stock","https://bayi.euro-mix.com.tr/Content/img/Stokpic/Normal/7612.png"
"euromix-stock","SR 008-6","1234590919742","SARI 1/2 - 12MM HORTUM REKORU","EUROMIX","SARI FİTTİNGSLER","ADET","20.00","TRY","51.41","0","out_of_stock","https://bayi.euro-mix.com.tr/Content/img/Stokpic/Normal/7613.png"
"euromix-stock","SR 008-7","1234590942689","SARI 3/8 - 6MM HORTUM REKORU","EUROMIX","SARI FİTTİNGSLER","ADET","20.00","TRY","58.55","0","out_of_stock",""
"euromix-stock","SR 008-9","1234590942702","SARI 1/4 - 12MM HORTUM REKORU","EUROMIX","SARI FİTTİNGSLER","ADET","20.00","TRY","51.93","1","in_stock",""
"euromix-stock","SR 009","1234500003912","SARI 3/4 HORTUM REKORU","EUROMIX","SARI FİTTİNGSLER","ADET","20.00","TRY","61.07","159","in_stock","https://bayi.euro-mix.com.tr/Content/img/Stokpic/Normal/7614.png"
"euromix-stock","SR 010","1234500004445","SARI 1/2 DİŞİ TAPA","EUROMIX","SARI FİTTİNGSLER","ADET","20.00","TRY","23.87","1182","in_stock","https://bayi.euro-mix.com.tr/Content/img/Stokpic/Normal/7615.png"
"euromix-stock","SR 011","1234500002861","SARI 3/8 TE","EUROMIX","SARI FİTTİNGSLER","ADET","20.00","TRY","77.11","37","in_stock","https://bayi.euro-mix.com.tr/Content/img/Stokpic/Normal/7616.png"
"euromix-stock","SR 013","1234500002885","SARI 3/8 KUYRUKLU DİRSEK","EUROMIX","SARI FİTTİNGSLER","ADET","20.00","TRY","74.07","23","in_stock","https://bayi.euro-mix.com.tr/Content/img/Stokpic/Normal/7617.png"
"euromix-stock","SR 014","1234590913177","SARI 1/2 KUYRUKLU DİRSEK","EUROMIX","SARI FİTTİNGSLER","ADET","20.00","TRY","98.53","0","out_of_stock","https://bayi.euro-mix.com.tr/Content/img/Stokpic/Normal/7618.png"
"euromix-stock","SR 015","1234590913184","SARI 1/2 TE","EUROMIX","SARI FİTTİNGSLER","ADET","20.00","TRY","133.43","60","in_stock","https://bayi.euro-mix.com.tr/Content/img/Stokpic/Normal/7619.png"
"euromix-stock","SR 016","1234590931898","SARI 3/4 TE","EUROMIX","SARI FİTTİNGSLER","ADET","20.00","TRY","182.08","1","in_stock","https://bayi.euro-mix.com.tr/Content/img/Stokpic/Normal/7620.png"
"euromix-stock","SR 017","1234500004421","SARI 3/4 DİŞİ TAPA","EUROMIX","SARI FİTTİNGSLER","ADET","20.00","TRY","38.61","686","in_stock","https://bayi.euro-mix.com.tr/Content/img/Stokpic/Normal/7621.png"
"euromix-stock","SR 018","1234590916772","SARI 1/2 DÜZ REKOR","EUROMIX","SARI FİTTİNGSLER","ADET","20.00","TRY","129.95","0","out_of_stock","https://bayi.euro-mix.com.tr/Content/img/Stokpic/Normal/7622.png"
"euromix-stock","SR 019","1234590916789","SARI 3/4 DÜZ REKOR","EUROMIX","SARI FİTTİNGSLER","ADET","20.00","TRY","204.78","122","in_stock","https://bayi.euro-mix.com.tr/Content/img/Stokpic/Normal/7623.png"
"euromix-stock","SR 020","1234590916444","SARI 1'' DÜZ REKOR","EUROMIX","SARI FİTTİNGSLER","ADET","20.00","TRY","342.72","0","out_of_stock","https://bayi.euro-mix.com.tr/Content/img/Stokpic/Normal/7624.png"
"euromix-stock","SR 022","1234590915133","SARI 1"" NİPEL","EUROMIX","SARI FİTTİNGSLER","ADET","20.00","TRY","63.24","1","in_stock","https://bayi.euro-mix.com.tr/Content/img/Stokpic/Normal/7625.png"
"euromix-stock","SR 023","1234500003929","SARI 1"" HORTUM REKORU","EUROMIX","SARI FİTTİNGSLER","ADET","20.00","TRY","89.26","635","in_stock","https://bayi.euro-mix.com.tr/Content/img/Stokpic/Normal/7626.png"
"euromix-stock","SR 024","1234590913283","SARI 1""1/2 HORTUM REKORU","EUROMIX","SARI FİTTİNGSLER","ADET","20.00","TRY","242.76","1","in_stock","https://bayi.euro-mix.com.tr/Content/img/Stokpic/Normal/7627.png"
"euromix-stock","SR 025","1234590930525","SARI 1""1/4 HORTUM REKORU","EUROMIX","SARI FİTTİNGSLER","ADET","20.00","TRY","170.82","29","in_stock","https://bayi.euro-mix.com.tr/Content/img/Stokpic/Normal/7628.png"
"euromix-stock","SR 026","1234590911586","SARI 3/8 DİŞİ TAPA","EUROMIX","SARI FİTTİNGSLER","ADET","20.00","TRY","23.82","528","in_stock","https://bayi.euro-mix.com.tr/Content/img/Stokpic/Normal/7629.png"
"euromix-stock","SR 027","1234590911562","1/2 SARI MANŞON","EUROMIX","SARI FİTTİNGSLER","ADET","20.00","TRY","56.01","0","out_of_stock","https://bayi.euro-mix.com.tr/Content/img/Stokpic/Normal/7630.png"
"euromix-stock","SR 028","1234590911531","3/4 SARI MANŞON","EUROMIX","SARI FİTTİNGSLER","ADET","20.00","TRY","82.62","176","in_stock","https://bayi.euro-mix.com.tr/Content/img/Stokpic/Normal/7631.png"
"euromix-stock","SR 029","1234590913139","1/2 SARI DİRSEK","EUROMIX","SARI FİTTİNGSLER","ADET","20.00","TRY","97.52","281","in_stock","https://bayi.euro-mix.com.tr/Content/img/Stokpic/Normal/7632.png"
"euromix-stock","SR 030","1234590913146","SARI 3/4 ERKEK TAPA","EUROMIX","SARI FİTTİNGSLER","ADET","20.00","TRY","41.03","373","in_stock","https://bayi.euro-mix.com.tr/Content/img/Stokpic/Normal/7633.png"
"euromix-stock","SR 031","1234590913153","SARI 1/2 ERKEK TAPA","EUROMIX","SARI FİTTİNGSLER","ADET","20.00","TRY","27.06","1","in_stock","https://bayi.euro-mix.com.tr/Content/img/Stokpic/Normal/7634.png"
"euromix-stock","SR 032","1234590913160","SARI 3/8 ERKEK TAPA","EUROMIX","SARI FİTTİNGSLER","ADET","20.00","TRY","23.82","1056","in_stock","https://bayi.euro-mix.com.tr/Content/img/Stokpic/Normal/7635.png"
"euromix-stock","SR 033","1234590913535","SARI 1/8 ERKEK TAPA (KÖRLEME)","EUROMIX","SARI FİTTİNGSLER","ADET","20.00","TRY","18.06","613","in_stock","https://bayi.euro-mix.com.tr/Content/img/Stokpic/Normal/7636.png"
"euromix-stock","SR 034","1234590914327","SARI 1/2 - 24MM HORTUM REKORU","EUROMIX","SARI FİTTİNGSLER","ADET","20.00","TRY","88.54","0","out_of_stock","https://bayi.euro-mix.com.tr/Content/img/Stokpic/Normal/2926.png"
"euromix-stock","SR 035","1234590914341","SARI 1/2 - 18MM HORTUM REKORU","EUROMIX","SARI FİTTİNGSLER","ADET","20.00","TRY","88.54","0","out_of_stock","https://bayi.euro-mix.com.tr/Content/img/Stokpic/Normal/2927.png"
"euromix-stock","SR 036","1234590913269","SARI 1"" DEN 1/2 YE REDÜKSİYON","EUROMIX","SARI FİTTİNGSLER","ADET","20.00","TRY","60.98","807","in_stock","https://bayi.euro-mix.com.tr/Content/img/Stokpic/Normal/2928.png"
"euromix-stock","SR 037-1","1234590930594","SARI UZUN KÖŞELİ SAAT REKORU (TAKIM)","EUROMIX","SARI FİTTİNGSLER","ADET","20.00","TRY","185.17","1512","in_stock","https://bayi.euro-mix.com.tr/Content/img/Stokpic/Normal/2930.png"
"euromix-stock","SR 037-2","1234590931904","ANTALYA SARI UZUN KÖŞELİ SAAT REKORU (TAKIM)","EUROMIX","SARI FİTTİNGSLER","ADET","20.00","TRY","307.02","0","out_of_stock","https://bayi.euro-mix.com.tr/Content/img/Stokpic/Normal/3377.png"
"euromix-stock","SR 038-1","1234590918806","SARI UZUN TEST NİPELİ","EUROMIX","SARI FİTTİNGSLER","ADET","20.00","TRY","22.85","814","in_stock","https://bayi.euro-mix.com.tr/Content/img/Stokpic/Normal/2932.png"
"euromix-stock","SR 039","1234590915959","3/8 - 1/2 TAHARET ORANTI","EUROMIX","SARI FİTTİNGSLER","ADET","20.00","TRY","29.48","951","in_stock","https://bayi.euro-mix.com.tr/Content/img/Stokpic/Normal/7637.png"
"euromix-stock","SR 040","1234590915966","3/8 - 3/4 ÇAMAŞIR ORANTI","EUROMIX","SARI FİTTİNGSLER","ADET","20.00","TRY","39.51","362","in_stock","https://bayi.euro-mix.com.tr/Content/img/Stokpic/Normal/2933.png"
"euromix-stock","SR 041","1234590915973","SARI 3/4 BAHÇE REKORU","EUROMIX","SARI FİTTİNGSLER","ADET","20.00","TRY","29.48","407","in_stock","https://bayi.euro-mix.com.tr/Content/img/Stokpic/Normal/2934.png"
"euromix-stock","SR 042","1234590915980","SARI 1 - 3/4 ORANTILI NİPEL","EUROMIX","SARI FİTTİNGSLER","ADET","20.00","TRY","67.18","279","in_stock","https://bayi.euro-mix.com.tr/Content/img/Stokpic/Normal/7638.png"
"euromix-stock","SR 043","1234590916505","SARI 1/2 PİSLİK TUTUCU","EUROMIX","SARI FİTTİNGSLER","ADET","20.00","TRY","226.35","0","out_of_stock","https://bayi.euro-mix.com.tr/Content/img/Stokpic/Normal/7639.png"
"euromix-stock","SR 044","1234590916512","SARI 3/4 PİSLİK TUTUCU","EUROMIX","SARI FİTTİNGSLER","ADET","20.00","TRY","389.61","11","in_stock","https://bayi.euro-mix.com.tr/Content/img/Stokpic/Normal/7640.png"
"euromix-stock","SR 045","1234590916529","SARI 1"" PİSLİK TUTUCU","EUROMIX","SARI FİTTİNGSLER","ADET","20.00","TRY","608.45","0","out_of_stock","https://bayi.euro-mix.com.tr/Content/img/Stokpic/Normal/7641.png"
"euromix-stock","SR 046","1234590916536","SARI 1""1/4 PİSLİK TUTUCU","EUROMIX","SARI FİTTİNGSLER","ADET","20.00","TRY","1024.73","8","in_stock","https://bayi.euro-mix.com.tr/Content/img/Stokpic/Normal/7642.png"
"euromix-stock","SR 048","1234590916581","SARI 1"" DEPO REKORU","EUROMIX","SARI FİTTİNGSLER","ADET","20.00","TRY","294.17","52","in_stock","https://bayi.euro-mix.com.tr/Content/img/Stokpic/Normal/7643.png"
"euromix-stock","SR 049","1234590916604","SARI 3/4 DEPO REKORU","EUROMIX","SARI FİTTİNGSLER","ADET","20.00","TRY","154.22","0","out_of_stock","https://bayi.euro-mix.com.tr/Content/img/Stokpic/Normal/7644.png"
"euromix-stock","SR 050","1234590916611","SARI 1/2 DEN 1/4 E REDÜKSİYON","EUROMIX","SARI FİTTİNGSLER","ADET","20.00","TRY","37.77","244","in_stock","https://bayi.euro-mix.com.tr/Content/img/Stokpic/Normal/7645.png"
"euromix-stock","SR 052","1234590930600","SARI 1/2 KÖŞE REKOR","EUROMIX","SARI FİTTİNGSLER","ADET","20.00","TRY","199.92","67","in_stock","https://bayi.euro-mix.com.tr/Content/img/Stokpic/Normal/7647.png"
"euromix-stock","SR 053","1234590917045","SARI 1/4 NİPEL","EUROMIX","SARI FİTTİNGSLER","ADET","20.00","TRY","28.56","0","out_of_stock","https://bayi.euro-mix.com.tr/Content/img/Stokpic/Normal/7648.png"
"euromix-stock","SR 054","1234590917052","SARI 1/8 NİPEL","EUROMIX","SARI FİTTİNGSLER","ADET","20.00","TRY","33.92","318","in_stock","https://bayi.euro-mix.com.tr/Content/img/Stokpic/Normal/7649.png"
"euromix-stock","SR 055","1234590917366","SARI 1"" DEN 1/2 YE ORANTILI NİPEL","EUROMIX","SARI FİTTİNGSLER","ADET","20.00","TRY","55.32","0","out_of_stock","https://bayi.euro-mix.com.tr/Content/img/Stokpic/Normal/7650.png"
"euromix-stock","SR 058","1234590917939","SARI 1/2 - 1/4 E ORANTILI NİPEL","EUROMIX","SARI FİTTİNGSLER","ADET","20.00","TRY","39.98","0","out_of_stock","https://bayi.euro-mix.com.tr/Content/img/Stokpic/Normal/7652.png"
"euromix-stock","SR 059","1234590917946","SARI 3/8 - 1/4 E ORANTILI NİPEL","EUROMIX","SARI FİTTİNGSLER","ADET","20.00","TRY","47.12","0","out_of_stock","https://bayi.euro-mix.com.tr/Content/img/Stokpic/Normal/7653.png"
"euromix-stock","SR 060","1234590917953","1/8 SARI MANŞON","EUROMIX","SARI FİTTİNGSLER","ADET","20.00","TRY","30.84","148","in_stock","https://bayi.euro-mix.com.tr/Content/img/Stokpic/Normal/7654.png"
"euromix-stock","SR 061","1234590917960","1/4 SARI MANŞON","EUROMIX","SARI FİTTİNGSLER","ADET","20.00","TRY","43.13","250","in_stock","https://bayi.euro-mix.com.tr/Content/img/Stokpic/Normal/7655.png"
"euromix-stock","SR 062","1234590917977","SARI 1/4 DEN 1/8 E REDÜKSİYON","EUROMIX","SARI FİTTİNGSLER","ADET","20.00","TRY","30.71","228","in_stock","https://bayi.euro-mix.com.tr/Content/img/Stokpic/Normal/2953.png"
"euromix-stock","SR 063","1234590917984","SARI 3/8 DEN 1/8 E REDÜKSİYON","EUROMIX","SARI FİTTİNGSLER","ADET","20.00","TRY","18.48","77","in_stock","https://bayi.euro-mix.com.tr/Content/img/Stokpic/Normal/2954.png"
"euromix-stock","SR 064","1234590917991","SARI 3/8 DEN 1/4 E REDÜKSİYON","EUROMIX","SARI FİTTİNGSLER","ADET","20.00","TRY","33.57","287","in_stock","https://bayi.euro-mix.com.tr/Content/img/Stokpic/Normal/2955.png"
"euromix-stock","SR 065","1234590918004","SARI 1/2 DAN 1/8 E REDÜKSİYON","EUROMIX","SARI FİTTİNGSLER","ADET","20.00","TRY","43.13","45","in_stock","https://bayi.euro-mix.com.tr/Content/img/Stokpic/Normal/2956.png"
"euromix-stock","SR 066","1234590918011","3/8 SARI MANŞON","EUROMIX","SARI FİTTİNGSLER","ADET","20.00","TRY","49.27","308","in_stock","https://bayi.euro-mix.com.tr/Content/img/Stokpic/Normal/7656.png"
"euromix-stock","SR 067","1234590937449","SARI 1"" ERKEK TAPA","EUROMIX","SARI FİTTİNGSLER","ADET","20.00","TRY","64.55","39","in_stock","https://bayi.euro-mix.com.tr/Content/img/Stokpic/Normal/7657.png"
"euromix-stock","SR 068","1234590918592","SARI 2"" HORTUM REKORU","EUROMIX","SARI FİTTİNGSLER","ADET","20.00","TRY","399.84","24","in_stock","https://bayi.euro-mix.com.tr/Content/img/Stokpic/Normal/7658.png"
"euromix-stock","SR 069","1234590918615","3/4 SARI DİRSEK","EUROMIX","SARI FİTTİNGSLER","ADET","20.00","TRY","135.66","189","in_stock","https://bayi.euro-mix.com.tr/Content/img/Stokpic/Normal/7659.png"
"euromix-stock","SR 070","1234590918622","SARI 3/4 KUYRUKLU DİRSEK","EUROMIX","SARI FİTTİNGSLER","ADET","20.00","TRY","135.66","155","in_stock","https://bayi.euro-mix.com.tr/Content/img/Stokpic/Normal/7660.png"
"euromix-stock","SR 071","1234590920205","BAHÇE REKORU 1/2","EUROMIX","SARI FİTTİNGSLER","ADET","20.00","TRY","28.56","0","out_of_stock","https://bayi.euro-mix.com.tr/Content/img/Stokpic/Normal/2962.png"
"euromix-stock","SR 072","1234590930617","SARI 1/2 DEPO REKORU","EUROMIX","SARI FİTTİNGSLER","ADET","20.00","TRY","101.74","0","out_of_stock","https://bayi.euro-mix.com.tr/Content/img/Stokpic/Normal/7661.png"
"euromix-stock","SR 074","1234590931911","SARI 3/4 DEN 3/8 E REDÜKSİYON","EUROMIX","SARI FİTTİNGSLER","ADET","20.00","TRY","98.20","1","in_stock","https://bayi.euro-mix.com.tr/Content/img/Stokpic/Normal/2964.png"
"euromix-stock","SR 075","1234590931928","SARI 2"" PİSLİK TUTUCU","EUROMIX","SARI FİTTİNGSLER","ADET","20.00","TRY","1570.80","4","in_stock","https://bayi.euro-mix.com.tr/Content/img/Stokpic/Normal/7662.png"
"euromix-stock","SR 076","1234590931935","SARI 1""1/2 PİSLİK TUTUCU","EUROMIX","SARI FİTTİNGSLER","ADET","20.00","TRY","1021.02","9","in_stock","https://bayi.euro-mix.com.tr/Content/img/Stokpic/Normal/7663.png"
"euromix-stock","SR 077","1234590930631","SARI 3/4 DEN 1/4 E REDÜKSİYON","EUROMIX","SARI FİTTİNGSLER","ADET","20.00","TRY","99.96","98","in_stock","https://bayi.euro-mix.com.tr/Content/img/Stokpic/Normal/2967.png"
"euromix-stock","SR 078","1234590922254","SARI 1""1/4 DEPO REKORU","EUROMIX","SARI FİTTİNGSLER","ADET","20.00","TRY","431.26","0","out_of_stock","https://bayi.euro-mix.com.tr/Content/img/Stokpic/Normal/7664.png"
"euromix-stock","SR 079","1234590931942","SARI 1""1/2 DEPO REKORU","EUROMIX","SARI FİTTİNGSLER","ADET","20.00","TRY","571.20","56","in_stock","https://bayi.euro-mix.com.tr/Content/img/Stokpic/Normal/7665.png"
"euromix-stock","SR 080","1234590931959","SARI 1"" DİŞİ TAPA","EUROMIX","SARI FİTTİNGSLER","ADET","20.00","TRY","62.83","120","in_stock","https://bayi.euro-mix.com.tr/Content/img/Stokpic/Normal/7666.png"
"euromix-stock","SR 081","1234590923107","1"" SARI MANŞON","EUROMIX","SARI FİTTİNGSLER","ADET","20.00","TRY","134.23","37","in_stock","https://bayi.euro-mix.com.tr/Content/img/Stokpic/Normal/7667.png"
"euromix-stock","SR 082","1234590923121","SARI 2"" DEPO REKORU","EUROMIX","SARI FİTTİNGSLER","ADET","20.00","TRY","878.22","11","in_stock","https://bayi.euro-mix.com.tr/Content/img/Stokpic/Normal/7668.png"
"euromix-stock","SR 083","1234590931966","SARI 1/4 TE","EUROMIX","SARI FİTTİNGSLER","ADET","20.00","TRY","87.11","0","out_of_stock","https://bayi.euro-mix.com.tr/Content/img/Stokpic/Normal/7669.png"
"euromix-stock","SR 085","1234590931980","1"" SARI SAAT REKORU (TAKIM)","EUROMIX","SARI FİTTİNGSLER","ADET","20.00","TRY","479.39","11","in_stock","https://bayi.euro-mix.com.tr/Content/img/Stokpic/Normal/2973.png"
"euromix-stock","SR 086","1234590923435","SARI 2"" NİPEL","EUROMIX","SARI FİTTİNGSLER","ADET","20.00","TRY","385.56","15","in_stock","https://bayi.euro-mix.com.tr/Content/img/Stokpic/Normal/7670.png"
"euromix-stock","SR 087","1234590931997","SARI 1"" TE","EUROMIX","SARI FİTTİNGSLER","ADET","20.00","TRY","271.32","43","in_stock","https://bayi.euro-mix.com.tr/Content/img/Stokpic/Normal/7671.png"
"euromix-stock","SR 088","1234590933236","SARI 1""1/4 NİPEL","EUROMIX","SARI FİTTİNGSLER","ADET","20.00","TRY","172.79","87","in_stock","https://bayi.euro-mix.com.tr/Content/img/Stokpic/Normal/7672.png"
"euromix-stock","SR 091","1234590933175","SARI 1""1/2 NİPEL","EUROMIX","SARI FİTTİNGSLER","ADET","20.00","TRY","258.47","38","in_stock","https://bayi.euro-mix.com.tr/Content/img/Stokpic/Normal/7673.png"
"euromix-stock","SR 092","1234590933199","SARI 3/8 NİPEL 1.KALİTE","EUROMIX","SARI FİTTİNGSLER","ADET","20.00","TRY","35.70","130","in_stock","https://bayi.euro-mix.com.tr/Content/img/Stokpic/Normal/2978.png"
"euromix-stock","SR 093","1234590933151","SARI 1/2 NİPEL 1. KALİTE","EUROMIX","SARI FİTTİNGSLER","ADET","20.00","TRY","39.98","188","in_stock","https://bayi.euro-mix.com.tr/Content/img/Stokpic/Normal/2979.png"
"euromix-stock","SR 094","1234590933144","SARI 3/4 NİPEL 1.KALİTE","EUROMIX","SARI FİTTİNGSLER","ADET","20.00","TRY","49.98","165","in_stock","https://bayi.euro-mix.com.tr/Content/img/Stokpic/Normal/2980.png"
"euromix-stock","SR 095","1234590933168","1"" SARI DİRSEK","EUROMIX","SARI FİTTİNGSLER","ADET","20.00","TRY","221.34","11","in_stock","https://bayi.euro-mix.com.tr/Content/img/Stokpic/Normal/7674.png"
"euromix-stock","SR 096","1234590933120","2"" SARI SAAT REKORU","EUROMIX","SARI FİTTİNGSLER","ADET","20.00","TRY","1785.00","6","in_stock","https://bayi.euro-mix.com.tr/Content/img/Stokpic/Normal/3217.png"
"euromix-stock","SR 097","1234590933137","SARI 3/4 KÖŞE REKOR","EUROMIX","SARI FİTTİNGSLER","ADET","20.00","TRY","322.73","29","in_stock","https://bayi.euro-mix.com.tr/Content/img/Stokpic/Normal/7675.png"
"euromix-stock","SR 098","1234590933106","SARI 1""1/4 DÜZ REKOR","EUROMIX","SARI FİTTİNGSLER","ADET","20.00","TRY","492.66","0","out_of_stock","https://bayi.euro-mix.com.tr/Content/img/Stokpic/Normal/7676.png"
"euromix-stock","SR 099","1234590934028","SARI 1"" NİPEL 1. KALİTE","EUROMIX","SARI FİTTİNGSLER","ADET","20.00","TRY","91.61","7","in_stock","https://bayi.euro-mix.com.tr/Content/img/Stokpic/Normal/3489.png"
"euromix-stock","SR 100","1234590937319","1""1/4 SARI MANŞON","EUROMIX","SARI FİTTİNGSLER","ADET","20.00","TRY","292.74","0","out_of_stock","https://bayi.euro-mix.com.tr/Content/img/Stokpic/Normal/7677.png"
"euromix-stock","SR 101","1234590937326","1""1/2 SARI MANŞON","EUROMIX","SARI FİTTİNGSLER","ADET","20.00","TRY","453.67","15","in_stock","https://bayi.euro-mix.com.tr/Content/img/Stokpic/Normal/7678.png"
"euromix-stock","SR 102","1234590937333","2"" SARI MANŞON","EUROMIX","SARI FİTTİNGSLER","ADET","20.00","TRY","538.86","15","in_stock","https://bayi.euro-mix.com.tr/Content/img/Stokpic/Normal/7679.png"
"euromix-stock","SR 103","1234590937340","SARI 1/8 TE","EUROMIX","SARI FİTTİNGSLER","ADET","20.00","TRY","87.11","45","in_stock","https://bayi.euro-mix.com.tr/Content/img/Stokpic/Normal/7680.png"
"euromix-stock","SR 104","1234590937357","SARI 1""1/4 TE","EUROMIX","SARI FİTTİNGSLER","ADET","20.00","TRY","571.20","0","out_of_stock","https://bayi.euro-mix.com.tr/Content/img/Stokpic/Normal/7681.png"
"euromix-stock","SR 105","1234590937364","SARI 1""1/2 TE","EUROMIX","SARI FİTTİNGSLER","ADET","20.00","TRY","928.20","0","out_of_stock","https://bayi.euro-mix.com.tr/Content/img/Stokpic/Normal/7682.png"
"euromix-stock","SR 106","1234590937371","SARI 2"" TE","EUROMIX","SARI FİTTİNGSLER","ADET","20.00","TRY","1356.60","0","out_of_stock","https://bayi.euro-mix.com.tr/Content/img/Stokpic/Normal/7683.png"
"euromix-stock","SR 107","1234590937388","1""1/4 SARI DİRSEK","EUROMIX","SARI FİTTİNGSLER","ADET","20.00","TRY","492.66","0","out_of_stock","https://bayi.euro-mix.com.tr/Content/img/Stokpic/Normal/7684.png"
"euromix-stock","SR 108","1234590937395","1""1/2 SARI DİRSEK","EUROMIX","SARI FİTTİNGSLER","ADET","20.00","TRY","799.68","0","out_of_stock","https://bayi.euro-mix.com.tr/Content/img/Stokpic/Normal/7685.png"
"euromix-stock","SR 109","1234590937401","2"" SARI DİRSEK","EUROMIX","SARI FİTTİNGSLER","ADET","20.00","TRY","1206.66","0","out_of_stock","https://bayi.euro-mix.com.tr/Content/img/Stokpic/Normal/7686.png"
"euromix-stock","SR 110","1234590937418","1/8 SARI DİRSEK","EUROMIX","SARI FİTTİNGSLER","ADET","20.00","TRY","53.88","0","out_of_stock","https://bayi.euro-mix.com.tr/Content/img/Stokpic/Normal/7687.png"
"euromix-stock","SR 111","1234590937425","3/8 SARI DİRSEK","EUROMIX","SARI FİTTİNGSLER","ADET","20.00","TRY","64.26","0","out_of_stock","https://bayi.euro-mix.com.tr/Content/img/Stokpic/Normal/7688.png"
"euromix-stock","SR 112","1234590937432","1/4 SARI DİRSEK","EUROMIX","SARI FİTTİNGSLER","ADET","20.00","TRY","53.37","54","in_stock","https://bayi.euro-mix.com.tr/Content/img/Stokpic/Normal/7689.png"
"euromix-stock","SR 114","1234590937517","SARI 1"" KÖŞE REKOR","EUROMIX","SARI FİTTİNGSLER","ADET","20.00","TRY","499.80","0","out_of_stock","https://bayi.euro-mix.com.tr/Content/img/Stokpic/Normal/7690.png"
"euromix-stock","SR 115","1234590937524","SARI 1""1/4 KÖŞE REKOR","EUROMIX","SARI FİTTİNGSLER","ADET","20.00","TRY","928.20","0","out_of_stock","https://bayi.euro-mix.com.tr/Content/img/Stokpic/Normal/7691.png"
"euromix-stock","SR 118","1234590939511","SARI 1""1/2 DÜZ REKOR","EUROMIX","SARI FİTTİNGSLER","ADET","20.00","TRY","771.12","0","out_of_stock","https://bayi.euro-mix.com.tr/Content/img/Stokpic/Normal/7694.png"
"euromix-stock","SR 119","1234590939528","SARI 2'' DÜZ REKOR","EUROMIX","SARI FİTTİNGSLER","ADET","20.00","TRY","1170.96","0","out_of_stock","https://bayi.euro-mix.com.tr/Content/img/Stokpic/Normal/7695.png"
"euromix-stock","SR 120","1234590940203","SARI 1/4 ERKEK TAPA","EUROMIX","SARI FİTTİNGSLER","ADET","20.00","TRY","21.10","326","in_stock","https://bayi.euro-mix.com.tr/Content/img/Stokpic/Normal/7696.png"
"euromix-stock","SR 121","1234590942719","1""1/2 SARI SAAT REKORU (TAKIM)","EUROMIX","SARI FİTTİNGSLER","ADET","20.00","TRY","1071.00","13","in_stock","https://bayi.euro-mix.com.tr/Content/img/Stokpic/Normal/7697.png"
"euromix-stock","SR 122","1234590942726","1""1/4 SARI SAAT REKORU (TAKIM)","EUROMIX","SARI FİTTİNGSLER","ADET","20.00","TRY","780.04","1","in_stock","https://bayi.euro-mix.com.tr/Content/img/Stokpic/Normal/7698.png"
"euromix-stock","SR 123","1234590940456","1"" SARI KUYRUKLU DİRSEK","EUROMIX","SARI FİTTİNGSLER","ADET","20.00","TRY","217.59","1","in_stock","https://bayi.euro-mix.com.tr/Content/img/Stokpic/Normal/7699.png"
"euromix-stock","SR 124","1234590941347","SARI 1/8 KUYRUKLU DİRSEK","EUROMIX","SARI FİTTİNGSLER","ADET","20.00","TRY","77.11","35","in_stock",""
"euromix-stock","SR 125","1234590941354","SARI 1/4 KUYRUKLU DİRSEK","EUROMIX","SARI FİTTİNGSLER","ADET","20.00","TRY","77.11","73","in_stock",""
"euromix-stock","SR 126","1234590942733","SARI 3/8 DEN 1/8 E ORANTILI NİPEL","EUROMIX","SARI FİTTİNGSLER","ADET","20.00","TRY","39.98","232","in_stock",""
"euromix-stock","SR 127","1234590942740","1. KALİTE SARI 1/2 DEN 3/8 E ORANTILI NİPEL","EUROMIX","SARI FİTTİNGSLER","ADET","20.00","TRY","39.98","0","out_of_stock",""
"euromix-stock","SR 128","1234590942757","SARI 1/8 DİŞİ TAPA","EUROMIX","SARI FİTTİNGSLER","ADET","20.00","TRY","25.28","1","in_stock",""
"euromix-stock","SR 129","1234590942764","SARI 1/4 DİŞİ TAPA","EUROMIX","SARI FİTTİNGSLER","ADET","20.00","TRY","18.56","0","out_of_stock",""
"euromix-stock","SR 130","1234590942771","SARI 2""1/2 HORTUM REKORU","EUROMIX","SARI FİTTİNGSLER","ADET","20.00","TRY","692.58","0","out_of_stock",""
"euromix-stock","SR 132","","SARI 3"" HORTUM REKORU","EUROMIX","SARI FİTTİNGSLER","ADET","20.00","TRY","1028.16","0","out_of_stock",""
"euromix-stock","SR 133","","AĞIR KISA SARI SAAT REKORU (TAKIM)","EUROMIX","SARI FİTTİNGSLER","ADET","20.00","TRY","225.81","213","in_stock",""
"euromix-stock","SRG 001","1234590936985","BORAL ANTRASİT SÜRGÜLÜ DUŞ TAKIMI","EUROMIX","SÜRGÜLÜ DUŞLAR","ADET","20.00","TRY","888.28","0","out_of_stock","https://bayi.euro-mix.com.tr/Content/img/Stokpic/Normal/7700.png"
"euromix-stock","SRG 002","1234590936992","BORAL BLACK KROM SÜRGÜLÜ DUŞ TAKIMI","EUROMIX","SÜRGÜLÜ DUŞLAR","ADET","20.00","TRY","922.45","27","in_stock","https://bayi.euro-mix.com.tr/Content/img/Stokpic/Normal/7701.png"
"euromix-stock","SRG 003","1234590937005","BORAL BLACK WHITE SÜRGÜLÜ DUŞ TAKIMI","EUROMIX","SÜRGÜLÜ DUŞLAR","ADET","20.00","TRY","922.45","2","in_stock","https://bayi.euro-mix.com.tr/Content/img/Stokpic/Normal/7702.png"
"euromix-stock","SRG 004","1234590937012","BORAL GOLD WHITE SÜRGÜLÜ DUŞ TAKIMI","EUROMIX","SÜRGÜLÜ DUŞLAR","ADET","20.00","TRY","922.45","1","in_stock","https://bayi.euro-mix.com.tr/Content/img/Stokpic/Normal/7703.png"
"euromix-stock","SRG 005","1234590937029","BORAL SOFT BLACK BRONZE SÜRGÜLÜ DUŞ TAKIMI","EUROMIX","SÜRGÜLÜ DUŞLAR","ADET","20.00","TRY","888.28","6","in_stock","https://bayi.euro-mix.com.tr/Content/img/Stokpic/Normal/7704.png"
"euromix-stock","SRG 006","1234590937036","BORAL SOFT BLACK SÜRGÜLÜ DUŞ TAKIMI","EUROMIX","SÜRGÜLÜ DUŞLAR","ADET","20.00","TRY","956.63","41","in_stock","https://bayi.euro-mix.com.tr/Content/img/Stokpic/Normal/7705.png"
"euromix-stock","SRG 007","1234590930969","KROM ÖRGÜLÜ SÜRGÜLÜ DUŞ TAKIMI (3 FONKSİYONLU)","EUROMIX","SÜRGÜLÜ DUŞLAR","ADET","20.00","TRY","399.72","0","out_of_stock","https://bayi.euro-mix.com.tr/Content/img/Stokpic/Normal/7706.png"
"euromix-stock","SRG 008","1234590937043","ORG BLACK SÜRGÜLÜ DUŞ TAKIMI","EUROMIX","SÜRGÜLÜ DUŞLAR","ADET","20.00","TRY","512.47","0","out_of_stock","https://bayi.euro-mix.com.tr/Content/img/Stokpic/Normal/7707.png"
"euromix-stock","SRG 009","1234590937050","ORG WHITE SÜRGÜLÜ DUŞ TAKIMI","EUROMIX","SÜRGÜLÜ DUŞLAR","ADET","20.00","TRY","512.47","22","in_stock","https://bayi.euro-mix.com.tr/Content/img/Stokpic/Normal/7708.png"
"euromix-stock","SRG 010","8697742680335","SATEN ÖRGÜLÜ SÜRGÜLÜ DUŞ TAKIMI (3 FONKSİYONLU)","EUROMIX","SÜRGÜLÜ DUŞLAR","ADET","20.00","TRY","372.41","0","out_of_stock","https://bayi.euro-mix.com.tr/Content/img/Stokpic/Normal/7709.png"
"euromix-stock","SS 003","8697410470282","SIVI SABUNLUK","EUROMIX","AKSESUARLAR","ADET","20.00","TRY","94.10","41","in_stock","https://bayi.euro-mix.com.tr/Content/img/Stokpic/Normal/2982.png"
"euromix-stock","SS 016","1234590934035","SIVI SABUNLUK PASLANMAZ","EUROMIX","AKSESUARLAR","ADET","20.00","TRY","514.08","0","out_of_stock","https://bayi.euro-mix.com.tr/Content/img/Stokpic/Normal/3487.png"
"euromix-stock","ŞB 001","1234500002953","ASPİRATÖR BORUSU 110 LUK","EUROMIX","HAVALANDIRMA","ADET","20.00","TRY","256.60","42","in_stock","https://bayi.euro-mix.com.tr/Content/img/Stokpic/Normal/7729.png"
"euromix-stock","ŞB 002","1234500002960","ASPİRATÖR BORUSU 120 LİK","EUROMIX","HAVALANDIRMA","ADET","20.00","TRY","256.60","0","out_of_stock","https://bayi.euro-mix.com.tr/Content/img/Stokpic/Normal/7730.png"
"euromix-stock","ŞB 003","1234500004117","ASPİRATÖR BORUSU 100 LÜK","EUROMIX","HAVALANDIRMA","ADET","20.00","TRY","256.60","49","in_stock","https://bayi.euro-mix.com.tr/Content/img/Stokpic/Normal/7731.png"
"euromix-stock","ŞB 004","1234590915935","ASPİRATÖR BORUSU 130 LUK","EUROMIX","HAVALANDIRMA","ADET","20.00","TRY","277.13","48","in_stock","https://bayi.euro-mix.com.tr/Content/img/Stokpic/Normal/7732.png"
"euromix-stock","ŞB 005","1234590915997","YAYLI 120 LİK ASPİRATÖR BORUSU 2M","EUROMIX","HAVALANDIRMA","ADET","20.00","TRY","123.16","438","in_stock","https://bayi.euro-mix.com.tr/Content/img/Stokpic/Normal/7733.png"
"euromix-stock","ŞB 006","1234590916475","ASPİRATÖR BORU REDÜKSİYONU","EUROMIX","HAVALANDIRMA","ADET","20.00","TRY","30.84","328","in_stock","https://bayi.euro-mix.com.tr/Content/img/Stokpic/Normal/7734.png"
"euromix-stock","ŞB 007","1234590932949","YAYLI 100 LÜK ASPİRATÖR BORUSU 2M","EUROMIX","HAVALANDIRMA","ADET","20.00","TRY","71.84","59","in_stock","https://bayi.euro-mix.com.tr/Content/img/Stokpic/Normal/7735.png"
"euromix-stock","ŞB 008","1234590932932","YAYLI 120 LİK ASPİRATÖR BORUSU 3M","EUROMIX","HAVALANDIRMA","ADET","20.00","TRY","184.75","0","out_of_stock","https://bayi.euro-mix.com.tr/Content/img/Stokpic/Normal/7736.png"
"euromix-stock","ŞB 009","1234590932970","YAYLI 120 LİK ASPİRATÖR BORUSU 5M","EUROMIX","HAVALANDIRMA","ADET","20.00","TRY","153.96","0","out_of_stock","https://bayi.euro-mix.com.tr/Content/img/Stokpic/Normal/7737.png"
"euromix-stock","ŞB 010","1234590932918","YAYLI 130 LUK ASPİRATÖR BORUSU 3M","EUROMIX","HAVALANDIRMA","ADET","20.00","TRY","123.16","0","out_of_stock","https://bayi.euro-mix.com.tr/Content/img/Stokpic/Normal/7738.png"
"euromix-stock","ŞB 011","1234590932901","YAYLI 130 LUK ASPİRATÖR BORUSU 5M","EUROMIX","HAVALANDIRMA","ADET","20.00","TRY","205.28","0","out_of_stock","https://bayi.euro-mix.com.tr/Content/img/Stokpic/Normal/7739.png"
"euromix-stock","ŞB 012","1234590932895","YAYLI 130 LUK ASPİRATÖR BORUSU 2M","EUROMIX","HAVALANDIRMA","ADET","20.00","TRY","82.12","0","out_of_stock","https://bayi.euro-mix.com.tr/Content/img/Stokpic/Normal/7740.png"
"euromix-stock","ŞB 013","1234590932888","YAYLI 120 LİK ASPİRATÖR BORUSU 10M","EUROMIX","HAVALANDIRMA","ADET","20.00","TRY","615.82","0","out_of_stock","https://bayi.euro-mix.com.tr/Content/img/Stokpic/Normal/7741.png"
"euromix-stock","ŞB 014","1234590932871","YAYLI 110 LUK ASPİRATÖR BORUSU 2M","EUROMIX","HAVALANDIRMA","ADET","20.00","TRY","71.84","128","in_stock","https://bayi.euro-mix.com.tr/Content/img/Stokpic/Normal/7742.png"
"euromix-stock","ŞB 015","1234590932864","ASPİRATÖR BORUSU 150 LİK","EUROMIX","HAVALANDIRMA","ADET","20.00","TRY","35.97","0","out_of_stock","https://bayi.euro-mix.com.tr/Content/img/Stokpic/Normal/7743.png"
"euromix-stock","ŞB 016","1234590942832","YAYLI 100 LÜK ASPİRATÖR BORUSU 3M","EUROMIX","HAVALANDIRMA","ADET","20.00","TRY","107.77","0","out_of_stock",""
"euromix-stock","ŞB 017","1234590942849","YAYLI 120 LİK ASPİRATÖR BORUSU 1,5M (EKO)","EUROMIX","HAVALANDIRMA","ADET","20.00","TRY","39.01","783","in_stock",""
"euromix-stock","TB 001","1234500003103","1 M TAHARET BORUSU FLEXLİ","EUROMIX","AKSESUARLAR","ADET","20.00","TRY","94.43","627","in_stock","https://bayi.euro-mix.com.tr/Content/img/Stokpic/Normal/3006.png"
"euromix-stock","TB 002","1234500003110","70 CM TAHARET BORUSU FLEXLİ","EUROMIX","AKSESUARLAR","ADET","20.00","TRY","92.38","439","in_stock","https://bayi.euro-mix.com.tr/Content/img/Stokpic/Normal/3007.png"
"euromix-stock","TE 001","1234500003196","ACEM ÇEVİRMELİ TEKLİ EVYE DUVARDAN","EUROMIX","BATARYALAR","ADET","20.00","TRY","513.19","0","out_of_stock","https://bayi.euro-mix.com.tr/Content/img/Stokpic/Normal/7776.png"
"euromix-stock","TE 002","1234500003202","ACEM ÇEVİRMELİ TEKLİ EVYE MERMERDEN","EUROMIX","BATARYALAR","ADET","20.00","TRY","580.12","0","out_of_stock","https://bayi.euro-mix.com.tr/Content/img/Stokpic/Normal/7777.png"
"euromix-stock","TE 002-2","1234500003219","25Ø MERMERDEN TEKLİ MİX ( KLASİK BORULU )","EUROMIX","MİX TEKLİ BATARYA VE MUS.","ADET","20.00","TRY","606.90","235","in_stock","https://bayi.euro-mix.com.tr/Content/img/Stokpic/Normal/7778.png"
"euromix-stock","TE 002-3","1234590932765","25Ø MERMERDEN TEKLİ MİX (MİX BORULU)","EUROMIX","MİX TEKLİ BATARYA VE MUS.","ADET","20.00","TRY","739.00","0","out_of_stock","https://bayi.euro-mix.com.tr/Content/img/Stokpic/Normal/7779.png"
"euromix-stock","TE 002-4","1234590932734","MEGAMİX TEKLİ EVYE MERMERDEN MİX","EUROMIX","MİX TEKLİ BATARYA VE MUS.","ADET","20.00","TRY","478.38","0","out_of_stock","https://bayi.euro-mix.com.tr/Content/img/Stokpic/Normal/3213.png"
"euromix-stock","TE 002-6","1234590934127","25 LİK SABİT TEKLİ LAVABO BATARYASI","EUROMIX","MİX TEKLİ BATARYA VE MUS.","ADET","20.00","TRY","956.76","23","in_stock","https://bayi.euro-mix.com.tr/Content/img/Stokpic/Normal/7780.png"
"euromix-stock","TE 004","1234500003226","TEKLİ EVYE DUVARDAN MİX","EUROMIX","MİX TEKLİ BATARYA VE MUS.","ADET","20.00","TRY","642.60","0","out_of_stock","https://bayi.euro-mix.com.tr/Content/img/Stokpic/Normal/7781.png"
"euromix-stock","TE 006","1234590925996","DELTA ÇEVİRMELİ TEKLI EVYE DUVARDAN BASTON BORULU","EUROMIX","BATARYALAR","ADET","20.00","TRY","373.62","0","out_of_stock","https://bayi.euro-mix.com.tr/Content/img/Stokpic/Normal/3283.png"
"euromix-stock","TE 007","1234590926016","DELTA ÇEVİRMELİ TEKLI EVYE MERMERDEN","EUROMIX","BATARYALAR","ADET","20.00","TRY","455.72","0","out_of_stock","https://bayi.euro-mix.com.tr/Content/img/Stokpic/Normal/3284.png"
"euromix-stock","TE 008","1234590926115","ALFA ÇEVİRMELİ TEKLI EVYE DUVARDAN EVYE BORULU","EUROMIX","BATARYALAR","ADET","20.00","TRY","348.97","0","out_of_stock","https://bayi.euro-mix.com.tr/Content/img/Stokpic/Normal/7782.png"
"euromix-stock","TE 009","1234590926122","ALFA ÇEVİRMELİ TEKLI EVYE MERMERDEN","EUROMIX","BATARYALAR","ADET","20.00","TRY","324.34","0","out_of_stock","https://bayi.euro-mix.com.tr/Content/img/Stokpic/Normal/7783.png"
"euromix-stock","TE 010","1234590939856","TEKLİ EVYE DUVARDAN MİX (MİX BORULU)","EUROMIX","MİX TEKLİ BATARYA VE MUS.","ADET","20.00","TRY","676.87","0","out_of_stock","https://bayi.euro-mix.com.tr/Content/img/Stokpic/Normal/7784.png"
"euromix-stock","TE 011","1234590934714","ACEM ÇEVİRMELİ DUVARDAN TEKLİ (ART. BORU)","EUROMIX","BATARYALAR","ADET","20.00","TRY","344.87","0","out_of_stock","https://bayi.euro-mix.com.tr/Content/img/Stokpic/Normal/7785.png"
"euromix-stock","TE 012","1234590934721","DELTA ÇEVİRMELİ TEKLİ EVYE MERMERDEN (ART BORU)","EUROMIX","BATARYALAR","ADET","20.00","TRY","373.62","0","out_of_stock","https://bayi.euro-mix.com.tr/Content/img/Stokpic/Normal/7786.png"
"euromix-stock","TE 013","1234590934745","DELTA ÇEVİRMELİ TEKLI EVYE DUVARDAN EVYE BORULU","EUROMIX","BATARYALAR","ADET","20.00","TRY","369.50","0","out_of_stock","https://bayi.euro-mix.com.tr/Content/img/Stokpic/Normal/7787.png"
"euromix-stock","TE 014","1234590934752","ALFA ÇEVİRMELİ DUVARDAN TEKLİ MİX (ART. BORU)","EUROMIX","BATARYALAR","ADET","20.00","TRY","324.34","0","out_of_stock","https://bayi.euro-mix.com.tr/Content/img/Stokpic/Normal/7788.png"
"euromix-stock","TFL 001","1234500003233","BÜYÜK TEFLON","EUROMIX","SIVI CONTA VE TEFLONLAR","ADET","20.00","TRY","20.50","1","in_stock","https://bayi.euro-mix.com.tr/Content/img/Stokpic/Normal/7789.png"
"euromix-stock","TFL 002","1234500003240","KÜÇÜK TEFLON (10 LU PAKET) 1 KOLİ 100 PK","EUROMIX","SIVI CONTA VE TEFLONLAR","ADET","20.00","TRY","62.87","3524","in_stock","https://bayi.euro-mix.com.tr/Content/img/Stokpic/Normal/7790.png"
"euromix-stock","TFL 003","1234590916857","DOĞALGAZ TEFLONU ADET","EUROMIX","SIVI CONTA VE TEFLONLAR","ADET","20.00","TRY","19.82","0","out_of_stock","https://bayi.euro-mix.com.tr/Content/img/Stokpic/Normal/7791.png"
"euromix-stock","TFL 005","1234590941415","KETEN VE TEFLON CONTASI","EUROMIX","SIVI CONTA VE TEFLONLAR","ADET","20.00","TRY","1.43","3639","in_stock",""
"euromix-stock","TM 001","1234500003257","TERMOS MUSLUĞU","EUROMIX","SEMAVER VE PLASTİK MUSLUKLAR","ADET","20.00","TRY","21.42","3384","in_stock","https://bayi.euro-mix.com.tr/Content/img/Stokpic/Normal/7793.png"
"euromix-stock","TS 001","1234500003325","TEMİZ SU HORTUMU 1,5 M","EUROMIX","MAKİNE HORTUMLARI","ADET","20.00","TRY","86.22","0","out_of_stock","https://bayi.euro-mix.com.tr/Content/img/Stokpic/Normal/7794.png"
"euromix-stock","TS 002","1234500003332","TEMİZ SU HORTUMU 2 M","EUROMIX","MAKİNE HORTUMLARI","ADET","20.00","TRY","102.65","0","out_of_stock","https://bayi.euro-mix.com.tr/Content/img/Stokpic/Normal/7795.png"
"euromix-stock","TS 003","1234500003349","TEMİZ SU HORTUMU 2,5 M","EUROMIX","MAKİNE HORTUMLARI","ADET","20.00","TRY","119.06","240","in_stock","https://bayi.euro-mix.com.tr/Content/img/Stokpic/Normal/7796.png"
"euromix-stock","TS 004","1234500003356","TEMİZ SU HORTUMU 3 M","EUROMIX","MAKİNE HORTUMLARI","ADET","20.00","TRY","135.49","208","in_stock","https://bayi.euro-mix.com.tr/Content/img/Stokpic/Normal/7797.png"
"euromix-stock","TS 005","1234500003363","TEMİZ SU HORTUMU 4 M","EUROMIX","MAKİNE HORTUMLARI","ADET","20.00","TRY","170.39","65","in_stock","https://bayi.euro-mix.com.tr/Content/img/Stokpic/Normal/7798.png"
"euromix-stock","TS 006","1234500003370","TEMİZ SU HORTUMU 5 M","EUROMIX","MAKİNE HORTUMLARI","ADET","20.00","TRY","205.28","43","in_stock","https://bayi.euro-mix.com.tr/Content/img/Stokpic/Normal/7799.png"
"euromix-stock","TS 007","1234590932727","TEMİZ SU HORTUMU (100 METRE)","EUROMIX","MAKİNE HORTUMLARI","ADET","20.00","TRY","5.63","0","out_of_stock","https://bayi.euro-mix.com.tr/Content/img/Stokpic/Normal/3049.png"
"euromix-stock","UZ 001","1234500003387","UZATMA 1 CM","EUROMIX","UZATMA GRUBU","ADET","20.00","TRY","37.77","1841","in_stock","https://bayi.euro-mix.com.tr/Content/img/Stokpic/Normal/7800.png"
"euromix-stock","UZ 001-1","1234500004049","3/4 UZATMA 1 CM","EUROMIX","UZATMA GRUBU","ADET","20.00","TRY","51.76","299","in_stock","https://bayi.euro-mix.com.tr/Content/img/Stokpic/Normal/7801.png"
"euromix-stock","UZ 002","1234500003394","UZATMA 1,5 CM","EUROMIX","UZATMA GRUBU","ADET","20.00","TRY","44.39","1731","in_stock","https://bayi.euro-mix.com.tr/Content/img/Stokpic/Normal/7802.png"
"euromix-stock","UZ 002-1","1234500004056","3/4 UZATMA 1.5 CM","EUROMIX","UZATMA GRUBU","ADET","20.00","TRY","61.22","100","in_stock","https://bayi.euro-mix.com.tr/Content/img/Stokpic/Normal/7803.png"
"euromix-stock","UZ 003","1234500003400","UZATMA 2 CM","EUROMIX","UZATMA GRUBU","ADET","20.00","TRY","50.58","111","in_stock","https://bayi.euro-mix.com.tr/Content/img/Stokpic/Normal/7804.png"
"euromix-stock","UZ 003-1","1234500004063","3/4 UZATMA 2 CM","EUROMIX","UZATMA GRUBU","ADET","20.00","TRY","72.83","155","in_stock","https://bayi.euro-mix.com.tr/Content/img/Stokpic/Normal/7805.png"
"euromix-stock","UZ 004","1234500003417","UZATMA 2,5 CM","EUROMIX","UZATMA GRUBU","ADET","20.00","TRY","58.72","582","in_stock","https://bayi.euro-mix.com.tr/Content/img/Stokpic/Normal/7806.png"
"euromix-stock","UZ 005","1234500003424","UZATMA 3 CM","EUROMIX","UZATMA GRUBU","ADET","20.00","TRY","65.49","394","in_stock","https://bayi.euro-mix.com.tr/Content/img/Stokpic/Normal/7807.png"
"euromix-stock","UZ 005-2","1234590914303","3/4 UZATMA 3 CM","EUROMIX","UZATMA GRUBU","ADET","20.00","TRY","92.69","70","in_stock","https://bayi.euro-mix.com.tr/Content/img/Stokpic/Normal/7808.png"
"euromix-stock","UZ 005-4","1234590940173","3/4 UZATMA 4 CM","EUROMIX","UZATMA GRUBU","ADET","20.00","TRY","126.39","0","out_of_stock","https://bayi.euro-mix.com.tr/Content/img/Stokpic/Normal/7810.png"
"euromix-stock","UZ 006","1234500003431","UZATMA 4 CM","EUROMIX","UZATMA GRUBU","ADET","20.00","TRY","84.91","314","in_stock","https://bayi.euro-mix.com.tr/Content/img/Stokpic/Normal/7811.png"
"euromix-stock","UZ 007","1234500003448","UZATMA 5 CM","EUROMIX","UZATMA GRUBU","ADET","20.00","TRY","98.46","313","in_stock","https://bayi.euro-mix.com.tr/Content/img/Stokpic/Normal/7812.png"
"euromix-stock","UZ 008","1234500003455","DELiKLi UZATMA 1/2","EUROMIX","UZATMA GRUBU","ADET","20.00","TRY","115.62","170","in_stock","https://bayi.euro-mix.com.tr/Content/img/Stokpic/Normal/7813.png"
"euromix-stock","UZ 009","1234500003462","BAS UZATMASI","EUROMIX","UZATMA GRUBU","ADET","20.00","TRY","68.48","240","in_stock","https://bayi.euro-mix.com.tr/Content/img/Stokpic/Normal/7814.png"
"euromix-stock","UZ 010","1234500003479","DELİKLİ UZATMA 3/4","EUROMIX","UZATMA GRUBU","ADET","20.00","TRY","149.03","75","in_stock","https://bayi.euro-mix.com.tr/Content/img/Stokpic/Normal/7815.png"
"euromix-stock","UZ 011","1234500003486","3/4 DELİKSİZ UZATMA (4 CM )","EUROMIX","UZATMA GRUBU","ADET","20.00","TRY","141.64","144","in_stock","https://bayi.euro-mix.com.tr/Content/img/Stokpic/Normal/7816.png"
"euromix-stock","UZ 013","1234590914297","3/4 UZATMA 2,5 CM","EUROMIX","UZATMA GRUBU","ADET","20.00","TRY","55.19","136","in_stock","https://bayi.euro-mix.com.tr/Content/img/Stokpic/Normal/7817.png"
"euromix-stock","UZ 015","1234590917250","ARITMA DELİKLİ UZATMA 1/2 (PRİNÇ)","EUROMIX","ARITMA MUSLUKLARI","ADET","20.00","TRY","114.17","399","in_stock","https://bayi.euro-mix.com.tr/Content/img/Stokpic/Normal/3066.png"
"euromix-stock","UZ 015-1","1234590919285","ARITMA DELİKLİ UZATMA 3/8 (PRİNÇ)","EUROMIX","ARITMA MUSLUKLARI","ADET","20.00","TRY","76.12","238","in_stock","https://bayi.euro-mix.com.tr/Content/img/Stokpic/Normal/3067.png"
"euromix-stock","UZ 015-2","1234590920052","ARITMA DELİKLİ UZATMA 3/4 (PRİNÇ)","EUROMIX","ARITMA MUSLUKLARI","ADET","20.00","TRY","135.66","302","in_stock","https://bayi.euro-mix.com.tr/Content/img/Stokpic/Normal/3068.png"
"euromix-stock","UZ 023","1234590920533","UZATMA 1 CM (TSE)","EUROMIX","UZATMA GRUBU","ADET","20.00","TRY","42.91","534","in_stock","https://bayi.euro-mix.com.tr/Content/img/Stokpic/Normal/7818.png"
"euromix-stock","UZ 024","1234590920540","UZATMA 1,5 CM (TSE)","EUROMIX","UZATMA GRUBU","ADET","20.00","TRY","51.93","416","in_stock","https://bayi.euro-mix.com.tr/Content/img/Stokpic/Normal/7819.png"
"euromix-stock","UZ 025","1234590920557","UZATMA 2 CM (TSE)","EUROMIX","UZATMA GRUBU","ADET","20.00","TRY","60.51","115","in_stock","https://bayi.euro-mix.com.tr/Content/img/Stokpic/Normal/7820.png"
"euromix-stock","UZ 026","1234590920564","UZATMA 2,5 CM (TSE)","EUROMIX","UZATMA GRUBU","ADET","20.00","TRY","72.26","390","in_stock","https://bayi.euro-mix.com.tr/Content/img/Stokpic/Normal/7821.png"
"euromix-stock","UZ 027","1234590920571","UZATMA 3 CM (TSE)","EUROMIX","UZATMA GRUBU","ADET","20.00","TRY","84.02","0","out_of_stock","https://bayi.euro-mix.com.tr/Content/img/Stokpic/Normal/7822.png"
"euromix-stock","UZ 028","1234590932000","UZATMA 5 CM (TSE)","EUROMIX","UZATMA GRUBU","ADET","20.00","TRY","126.45","137","in_stock","https://bayi.euro-mix.com.tr/Content/img/Stokpic/Normal/7823.png"
"euromix-stock","UZ 029","1234590932017","UZATMA 4 CM (TSE)","EUROMIX","UZATMA GRUBU","ADET","20.00","TRY","106.58","115","in_stock","https://bayi.euro-mix.com.tr/Content/img/Stokpic/Normal/7824.png"
"euromix-stock","UZ 034","","UZATMA 0,5 CM","EUROMIX","UZATMA GRUBU","ADET","20.00","TRY","35.31","650","in_stock",""
"euromix-stock","VC 001","1234500003493","VAKUMLU MUSLUK CONTA PK","EUROMIX","MUSLUK CONTALARI","ADET","20.00","TRY","9.64","0","out_of_stock","https://bayi.euro-mix.com.tr/Content/img/Stokpic/Normal/7826.png"
"euromix-stock","VİDA 003","1234590932055","8 MM ROKET DUBEL","EUROMIX","HIRDAVAT","ADET","20.00","TRY","50.58","0","out_of_stock","https://bayi.euro-mix.com.tr/Content/img/Stokpic/Normal/3455.png"
"euromix-stock","VİDA 004","1234590932062","10 MM ROKET DÜBEL","EUROMIX","HIRDAVAT","ADET","20.00","TRY","67.23","0","out_of_stock","https://bayi.euro-mix.com.tr/Content/img/Stokpic/Normal/3456.png"
"euromix-stock","VİDA 005","1234590932079","8 MM TUĞLA DUBEL","EUROMIX","HIRDAVAT","ADET","20.00","TRY","58.83","0","out_of_stock","https://bayi.euro-mix.com.tr/Content/img/Stokpic/Normal/3457.png"
"euromix-stock","VİDA 006","1234590932086","10 MM TUĞLA DÜBEL","EUROMIX","HIRDAVAT","ADET","20.00","TRY","70.59","0","out_of_stock","https://bayi.euro-mix.com.tr/Content/img/Stokpic/Normal/3458.png"
"euromix-stock","VİDA 007","1234590932093","KILÇIK DUBEL","EUROMIX","HIRDAVAT","ADET","20.00","TRY","42.03","0","out_of_stock","https://bayi.euro-mix.com.tr/Content/img/Stokpic/Normal/3459.png"
"euromix-stock","VK 001","1234500003509","VAKUMLU ÇEVİRMELİ SOMUNLU 1/2 SALMASTRA","EUROMIX","CONTALI SALMASTRALAR","ADET","20.00","TRY","78.54","247","in_stock","https://bayi.euro-mix.com.tr/Content/img/Stokpic/Normal/7827.png"
"euromix-stock","VK 001-1","1234500003516","POŞETLİ ÇEVİRMELİ SOMUNLU 1/2 TS"" SALMASTRA (1.kal","EUROMIX","CONTALI SALMASTRALAR","ADET","20.00","TRY","78.02","1990","in_stock","https://bayi.euro-mix.com.tr/Content/img/Stokpic/Normal/7828.png"
"euromix-stock","VK 001-2","1234500003523","POŞETLİ ÇEVİRMELİ 3/8 SALMASTRA","EUROMIX","CONTALI SALMASTRALAR","ADET","20.00","TRY","50.30","0","out_of_stock","https://bayi.euro-mix.com.tr/Content/img/Stokpic/Normal/7829.png"
"euromix-stock","VK 001-3","1234590920335","POŞETLİ ÇEVİRMELİ 1/2 SOMUNLU SALMASTRA","EUROMIX","CONTALI SALMASTRALAR","ADET","20.00","TRY","68.78","4000","in_stock","https://bayi.euro-mix.com.tr/Content/img/Stokpic/Normal/7830.png"
"euromix-stock","VK 001-4","1234590914693","VAKUMLU ÇEVİRMELİ 3/8 SALMASTRA","EUROMIX","CONTALI SALMASTRALAR","ADET","20.00","TRY","50.33","0","out_of_stock","https://bayi.euro-mix.com.tr/Content/img/Stokpic/Normal/7831.png"
"euromix-stock","VK 002","1234500003530","VAKUMLU AÇ-KAPA 1/2 SALMASTRA","EUROMIX","AÇ-KAPA SALMASTRALAR","ADET","20.00","TRY","98.40","3304","in_stock","https://bayi.euro-mix.com.tr/Content/img/Stokpic/Normal/7836.png"
"euromix-stock","VK 002-4","1234590923428","POŞETLİ KOÇBAŞ AÇ-KAPA 1/2 SALMASTRA","EUROMIX","ANKASTRE SALMASTRALAR","ADET","20.00","TRY","99.25","355","in_stock","https://bayi.euro-mix.com.tr/Content/img/Stokpic/Normal/7840.png"
"euromix-stock","VK 003","1234590920663","POŞETLİ ACEM ÇEVİRMELİ KAPAK TAKIMI","EUROMIX","ACEM SERİSİ","ADET","20.00","TRY","102.82","0","out_of_stock","https://bayi.euro-mix.com.tr/Content/img/Stokpic/Normal/7842.png"
"euromix-stock","VK 003-1","1234590919131","KUTULU ALFA ÇEVİRMELİ TS"" KAPAK TAKIMI","EUROMIX","ALFA SERİSİ","ADET","20.00","TRY","151.37","0","out_of_stock","https://bayi.euro-mix.com.tr/Content/img/Stokpic/Normal/7845.png"
"euromix-stock","VK 003-12","1234500002076","KUTULU KARE KAPAK TAKIMI KOMPLE PRİNÇ","EUROMIX","MUSLUK KAPAK TAKIMLARI","ADET","20.00","TRY","299.88","0","out_of_stock","https://bayi.euro-mix.com.tr/Content/img/Stokpic/Normal/3554.png"
"euromix-stock","VK 003-14","1234590924043","VAKUMLU ÇİÇEK ÇEVİRMELİ KAPAK TAKIMI","EUROMIX","ÇİÇEK SERİSİ","ADET","20.00","TRY","119.95","101","in_stock","https://bayi.euro-mix.com.tr/Content/img/Stokpic/Normal/7846.png"
"euromix-stock","VK 003-17","1234590936022","VAKUMLU ART ÇEVİRMELİ KAPAK TAKIMI","EUROMIX","ART. SERİSİ","ADET","20.00","TRY","142.80","360","in_stock","https://bayi.euro-mix.com.tr/Content/img/Stokpic/Normal/7849.png"
"euromix-stock","VK 003-18","1234590936015","KUTULU ART ÇEVİRMELİ KAPAK TAKIMI","EUROMIX","ART. SERİSİ","ADET","20.00","TRY","131.38","0","out_of_stock","https://bayi.euro-mix.com.tr/Content/img/Stokpic/Normal/7850.png"
"euromix-stock","VK 003-2","1234500003547","VAKUMLU ACEM ÇEVİRMELİ KAPAK TAKIMI","EUROMIX","ACEM SERİSİ","ADET","20.00","TRY","117.10","0","out_of_stock","https://bayi.euro-mix.com.tr/Content/img/Stokpic/Normal/7852.png"
"euromix-stock","VK 003-25","1234590936091","VAKUMLU GONCA ÇEVİRMELİ KAPAK TAKIMI","EUROMIX","GONCA SERİSİ","ADET","20.00","TRY","126.39","378","in_stock","https://bayi.euro-mix.com.tr/Content/img/Stokpic/Normal/7858.png"
"euromix-stock","VK 003-3","1234590911449","VAKUMLU ALFA ÇEVİRMELİ KAPAK TAKIMI","EUROMIX","ALFA SERİSİ","ADET","20.00","TRY","121.38","570","in_stock","https://bayi.euro-mix.com.tr/Content/img/Stokpic/Normal/7860.png"
"euromix-stock","VK 003-3-1","1234590920601","POŞETLİ ALFA ÇEVİRMELİ KAPAK TAKIMI","EUROMIX","ALFA SERİSİ","ADET","20.00","TRY","107.10","0","out_of_stock","https://bayi.euro-mix.com.tr/Content/img/Stokpic/Normal/7861.png"
"euromix-stock","VK 003-4","1234590914235","KUTULU ACEM ÇEVİRMELİ TS"" KAPAK TAKIMI","EUROMIX","ACEM SERİSİ","ADET","20.00","TRY","144.95","0","out_of_stock","https://bayi.euro-mix.com.tr/Content/img/Stokpic/Normal/7862.png"
"euromix-stock","VK 003-8","1234500001956","KUTULU ALFA ÇEVİRMELİ KAPAK TAKIMI","EUROMIX","ALFA SERİSİ","ADET","20.00","TRY","121.38","0","out_of_stock","https://bayi.euro-mix.com.tr/Content/img/Stokpic/Normal/7864.png"
"euromix-stock","VK 003-9","1234590911968","KUTULU ACEM ÇEVİRMELİ KAPAK TAKIMI","EUROMIX","ACEM SERİSİ","ADET","20.00","TRY","117.10","0","out_of_stock","https://bayi.euro-mix.com.tr/Content/img/Stokpic/Normal/7865.png"
"euromix-stock","VK 003.0","1234590936046","KUTULU ACEM AÇ-KAPA TS"" KAPAK TAKIMI","EUROMIX","ACEM SERİSİ","ADET","20.00","TRY","161.26","0","out_of_stock","https://bayi.euro-mix.com.tr/Content/img/Stokpic/Normal/7843.png"
"euromix-stock","VK 004","1234590932130","POŞETLİ ACEM AÇ-KAPA KAPAK TAKIMI","EUROMIX","ACEM SERİSİ","ADET","20.00","TRY","124.35","0","out_of_stock","https://bayi.euro-mix.com.tr/Content/img/Stokpic/Normal/7866.png"
"euromix-stock","VK 004-1","1234500003554","VAKUMLU ACEM AÇ-KAPA KAPAK TAKIMI","EUROMIX","ACEM SERİSİ","ADET","20.00","TRY","153.74","1","in_stock","https://bayi.euro-mix.com.tr/Content/img/Stokpic/Normal/7871.png"
"euromix-stock","VK 004-11","1234590935919","VAKUMLU ART AÇ-KAPA KAPAK TAKIMI","EUROMIX","ART. SERİSİ","ADET","20.00","TRY","170.82","0","out_of_stock","https://bayi.euro-mix.com.tr/Content/img/Stokpic/Normal/7873.png"
"euromix-stock","VK 004-12","1234590935926","POŞETLİ ART AÇ-KAPA KAPAK TAKIMI","EUROMIX","ART. SERİSİ","ADET","20.00","TRY","153.74","0","out_of_stock","https://bayi.euro-mix.com.tr/Content/img/Stokpic/Normal/7874.png"
"euromix-stock","VK 004-19","1234590936107","VAKUMLU GONCA AÇ-KAPA KAPAK TAKIMI","EUROMIX","GONCA SERİSİ","ADET","20.00","TRY","143.49","432","in_stock","https://bayi.euro-mix.com.tr/Content/img/Stokpic/Normal/7881.png"
"euromix-stock","VK 004-2","1234590911692","VAKUMLU ALFA AÇ-KAPA KAPAK TAKIMI","EUROMIX","ALFA SERİSİ","ADET","20.00","TRY","159.21","23","in_stock","https://bayi.euro-mix.com.tr/Content/img/Stokpic/Normal/7882.png"
"euromix-stock","VK 004-20","1234590936213","KUTULU ALFA AÇ-KAPA TS"" KAPAK TAKIMI","EUROMIX","ALFA SERİSİ","ADET","20.00","TRY","168.08","0","out_of_stock","https://bayi.euro-mix.com.tr/Content/img/Stokpic/Normal/7883.png"
"euromix-stock","VK 004-3","1234590934332","POŞETLİ ALFA AÇ-KAPA KAPAK TAKIMI","EUROMIX","ALFA SERİSİ","ADET","20.00","TRY","129.83","745","in_stock","https://bayi.euro-mix.com.tr/Content/img/Stokpic/Normal/7884.png"
"euromix-stock","VK 004-5","1234590935940","KUTULU ACEM AÇ-KAPA KAPAK TAKIMI","EUROMIX","ACEM SERİSİ","ADET","20.00","TRY","133.24","0","out_of_stock","https://bayi.euro-mix.com.tr/Content/img/Stokpic/Normal/7885.png"
"euromix-stock","VK 004-6","1234590935957","KUTULU ALFA AÇ-KAPA KAPAK TAKIMI","EUROMIX","ALFA SERİSİ","ADET","20.00","TRY","159.21","0","out_of_stock","https://bayi.euro-mix.com.tr/Content/img/Stokpic/Normal/7886.png"
"euromix-stock","VK 004-8","1234590935971","VAKUMLU ÇİÇEK AÇ-KAPA KAPAK TAKIMI","EUROMIX","ÇİÇEK SERİSİ","ADET","20.00","TRY","163.98","0","out_of_stock","https://bayi.euro-mix.com.tr/Content/img/Stokpic/Normal/7888.png"
"euromix-stock","VK 005","1234590910916","VAKUMLU ACEM ÇEVİRMELİ UZUN MUSLUK","EUROMIX","ACEM SERİSİ","ADET","20.00","TRY","252.76","0","out_of_stock","https://bayi.euro-mix.com.tr/Content/img/Stokpic/Normal/7890.png"
"euromix-stock","VK 005-1","1234590910930","KUTULU ACEM ÇEVİRMELİ TS"" UZUN MUSLUK","EUROMIX","ACEM SERİSİ","ADET","20.00","TRY","371.28","86","in_stock","https://bayi.euro-mix.com.tr/Content/img/Stokpic/Normal/7891.png"
"euromix-stock","VK 005-10","1234590920700","POŞETLİ ACEM ÇEVİRMELİ UZUN MUSLUK","EUROMIX","ACEM SERİSİ","ADET","20.00","TRY","244.29","1765","in_stock","https://bayi.euro-mix.com.tr/Content/img/Stokpic/Normal/7892.png"
"euromix-stock","VK 005-11","1234590921387","POŞETLİ ACEM AÇ KAPA UZUN MUSLUK","EUROMIX","ACEM SERİSİ","ADET","20.00","TRY","273.32","35","in_stock","https://bayi.euro-mix.com.tr/Content/img/Stokpic/Normal/7893.png"
"euromix-stock","VK 005-12","1234590922995","VAKUMLU ALFA ÇEVİRMELİ UZUN MUSLUK","EUROMIX","ALFA SERİSİ","ADET","20.00","TRY","252.76","0","out_of_stock","https://bayi.euro-mix.com.tr/Content/img/Stokpic/Normal/7894.png"
"euromix-stock","VK 005-2","1234590920328","POŞETLİ ALFA AÇ KAPA UZUN MUSLUK","EUROMIX","ALFA SERİSİ","ADET","20.00","TRY","273.32","100","in_stock","https://bayi.euro-mix.com.tr/Content/img/Stokpic/Normal/7902.png"
"euromix-stock","VK 005-3","1234590932154","POŞETLİ ALFA ÇEVİRMELİ UZUN MUSLUK","EUROMIX","ALFA SERİSİ","ADET","20.00","TRY","238.48","265","in_stock","https://bayi.euro-mix.com.tr/Content/img/Stokpic/Normal/7911.png"
"euromix-stock","VK 005-4","1234590910961","KUTULU ALFA AÇ-KAPA TS"" UZUN MUSLUK","EUROMIX","ALFA SERİSİ","ADET","20.00","TRY","371.28","10","in_stock","https://bayi.euro-mix.com.tr/Content/img/Stokpic/Normal/7915.png"
"euromix-stock","VK 005-6","1234590912040","VAKUMLU ACEM AÇ-KAPA UZUN MUSLUK","EUROMIX","ACEM SERİSİ","ADET","20.00","TRY","290.40","0","out_of_stock","https://bayi.euro-mix.com.tr/Content/img/Stokpic/Normal/7927.png"
"euromix-stock","VK 005-8","1234590911937","KUTULU ACEM ÇEVİRMELİ UZUN MUSLUK","EUROMIX","ACEM SERİSİ","ADET","20.00","TRY","252.76","0","out_of_stock","https://bayi.euro-mix.com.tr/Content/img/Stokpic/Normal/7928.png"
"euromix-stock","VK 006","1234590910923","VAKUMLU ACEM ÇEVİRMELİ KISA MUSLUK","EUROMIX","ACEM SERİSİ","ADET","20.00","TRY","252.76","1967","in_stock","https://bayi.euro-mix.com.tr/Content/img/Stokpic/Normal/7929.png"
"euromix-stock","VK 006-1","1234590910947","KUTULU ACEM ÇEVİRMELİ TS"" KISA MUSLUK","EUROMIX","ACEM SERİSİ","ADET","20.00","TRY","371.28","141","in_stock","https://bayi.euro-mix.com.tr/Content/img/Stokpic/Normal/7932.png"
"euromix-stock","VK 006-2","1234590910978","POŞETLİ ALFA AÇ-KAPA KISA MUSLUK","EUROMIX","ALFA SERİSİ","ADET","20.00","TRY","273.32","0","out_of_stock","https://bayi.euro-mix.com.tr/Content/img/Stokpic/Normal/7938.png"
"euromix-stock","VK 006-4","1234590915393","VAKUMLU ACEM AÇ-KAPA KISA MUSLUK","EUROMIX","ACEM SERİSİ","ADET","20.00","TRY","290.40","0","out_of_stock","https://bayi.euro-mix.com.tr/Content/img/Stokpic/Normal/7944.png"
"euromix-stock","VK 006-5","1234590911944","KUTULU ACEM ÇEVİRMELİ KISA MUSLUK","EUROMIX","ACEM SERİSİ","ADET","20.00","TRY","252.76","0","out_of_stock","https://bayi.euro-mix.com.tr/Content/img/Stokpic/Normal/7953.png"
"euromix-stock","VK 006-6","1234590914778","VAKUMLU ALFA AÇ-KAPA KISA MUSLUK","EUROMIX","ALFA SERİSİ","ADET","20.00","TRY","252.76","16","in_stock","https://bayi.euro-mix.com.tr/Content/img/Stokpic/Normal/7961.png"
"euromix-stock","VK 006-7","1234590920717","POŞETLİ ACEM ÇEVİRMELİ KISA MUSLUK","EUROMIX","ACEM SERİSİ","ADET","20.00","TRY","238.48","0","out_of_stock","https://bayi.euro-mix.com.tr/Content/img/Stokpic/Normal/7964.png"
"euromix-stock","VK 006-8","1234590923008","VAKUMLU ALFA ÇEVİRMELİ KISA MUSLUK","EUROMIX","ALFA SERİSİ","ADET","20.00","TRY","238.48","0","out_of_stock","https://bayi.euro-mix.com.tr/Content/img/Stokpic/Normal/7965.png"
"euromix-stock","VK 007","1234590920670","POŞETLİ ACEM ÇEVİRMELİ ÇAMAŞIR MUSLUĞU","EUROMIX","ACEM SERİSİ","ADET","20.00","TRY","244.29","1265","in_stock","https://bayi.euro-mix.com.tr/Content/img/Stokpic/Normal/7967.png"
"euromix-stock","VK 007-1","1234590910954","KUTULU ACEM ÇEVİRMELİ TS"" ÇAMAŞIR MUSLUĞU","EUROMIX","ACEM SERİSİ","ADET","20.00","TRY","371.28","249","in_stock","https://bayi.euro-mix.com.tr/Content/img/Stokpic/Normal/7968.png"
"euromix-stock","VK 007-10","1234590915867","POŞETLİ TAHARET ÇIKIŞLI ÇAMAŞIR MUSLUĞU (DUAL)","EUROMIX","MUSLUKLAR","ADET","20.00","TRY","402.70","0","out_of_stock","https://bayi.euro-mix.com.tr/Content/img/Stokpic/Normal/7969.png"
"euromix-stock","VK 007-11","1234590932178","POŞETLİ ACEM AÇ-KAPA ÇAMAŞIR MUSLUĞU","EUROMIX","ACEM SERİSİ","ADET","20.00","TRY","273.32","12","in_stock","https://bayi.euro-mix.com.tr/Content/img/Stokpic/Normal/7970.png"
"euromix-stock","VK 007-12","1234590924104","VAKUMLU ALFA ÇEVİRMELİ ÇAMAŞIR MUSLUĞU","EUROMIX","ALFA SERİSİ","ADET","20.00","TRY","252.76","0","out_of_stock","https://bayi.euro-mix.com.tr/Content/img/Stokpic/Normal/7971.png"
"euromix-stock","VK 007-2","1234500003578","VAKUMLU ACEM ÇEVİRMELİ ÇAMAŞIR MUSLUĞU","EUROMIX","ACEM SERİSİ","ADET","20.00","TRY","252.76","0","out_of_stock","https://bayi.euro-mix.com.tr/Content/img/Stokpic/Normal/7979.png"
"euromix-stock","VK 007-3","1234500003585","VAKUMLU KÜRESEL ÇAMAŞIR MUSLUĞU","EUROMIX","MUSLUKLAR","ADET","20.00","TRY","185.64","0","out_of_stock","https://bayi.euro-mix.com.tr/Content/img/Stokpic/Normal/3117.png"
"euromix-stock","VK 007-3-1","1234590921028","POŞETLİ KÜRESEL ÇAMAŞIR MUSLUĞU","EUROMIX","MUSLUKLAR","ADET","20.00","TRY","141.27","2974","in_stock","https://bayi.euro-mix.com.tr/Content/img/Stokpic/Normal/7987.png"
"euromix-stock","VK 007-4","1234500004643","EKO ÇİFTLİ ÇAMAŞIR MUSLUĞU","EUROMIX","TAHRAT MUSLUKLARI","ADET","20.00","TRY","185.64","750","in_stock","https://bayi.euro-mix.com.tr/Content/img/Stokpic/Normal/7991.png"
"euromix-stock","VK 007-7","1234590912620","VAKUMLU ACEM AÇ-KAPA ÇAMAŞIR MUSLUĞU","EUROMIX","ACEM SERİSİ","ADET","20.00","TRY","290.40","0","out_of_stock","https://bayi.euro-mix.com.tr/Content/img/Stokpic/Normal/8011.png"
"euromix-stock","VK 007-8","1234590911951","KUTULU ACEM ÇEVİRMELİ ÇAMAŞIR MUSLUĞU","EUROMIX","ACEM SERİSİ","ADET","20.00","TRY","252.76","0","out_of_stock","https://bayi.euro-mix.com.tr/Content/img/Stokpic/Normal/8012.png"
"euromix-stock","VK 007-9","1234590914785","VAKUMLU ALFA AÇ-KAPA ÇAMAŞIR MUSLUĞU","EUROMIX","ALFA SERİSİ","ADET","20.00","TRY","290.40","1","in_stock","https://bayi.euro-mix.com.tr/Content/img/Stokpic/Normal/8013.png"
"euromix-stock","VK 008-10","1234500004681","VAKUMLU TAHARET KAFASI KROM (AÇ-KAPA)","EUROMIX","MUSLUK KAPAK TAKIMLARI","ADET","20.00","TRY","95.66","128","in_stock","https://bayi.euro-mix.com.tr/Content/img/Stokpic/Normal/3124.png"
"euromix-stock","VK 008-12","1234590912033","VAKUMLU ARTI AÇ-KAPA 3/8-3/8 TAHARET MUSLUĞU","EUROMIX","TAHRAT MUSLUKLARI","ADET","20.00","TRY","187.91","0","out_of_stock","https://bayi.euro-mix.com.tr/Content/img/Stokpic/Normal/8017.png"
"euromix-stock","VK 008-13","1234590912590","VAKUMLU ÇUBUK AÇ-KAPA 1/2-3/8 TAHARET MUSLUĞU","EUROMIX","TAHRAT MUSLUKLARI","ADET","20.00","TRY","218.65","0","out_of_stock","https://bayi.euro-mix.com.tr/Content/img/Stokpic/Normal/8018.png"
"euromix-stock","VK 008-2","1234500003608","VAKUMLU KROM ÇEVİRMELİ 3/8-3/8 TAHARET MUSLUĞU","EUROMIX","TAHRAT MUSLUKLARI","ADET","20.00","TRY","160.12","0","out_of_stock","https://bayi.euro-mix.com.tr/Content/img/Stokpic/Normal/8020.png"
"euromix-stock","VK 008-20","1234590932208","ANKASTRE 20MM KARE STOP VALF (METAL KAFA)","EUROMIX","TAHRAT MUSLUKLARI","ADET","20.00","TRY","478.38","0","out_of_stock","https://bayi.euro-mix.com.tr/Content/img/Stokpic/Normal/8021.png"
"euromix-stock","VK 008-4","1234500003622","VAKUMLU TAHARET KAFASI","EUROMIX","MUSLUK KAPAK TAKIMLARI","ADET","20.00","TRY","67.84","0","out_of_stock","https://bayi.euro-mix.com.tr/Content/img/Stokpic/Normal/3134.png"
"euromix-stock","VK 008-8","1234500004674","VAKUMLU TAHARET KAFASI (KROM)","EUROMIX","MUSLUK KAPAK TAKIMLARI","ADET","20.00","TRY","69.97","0","out_of_stock","https://bayi.euro-mix.com.tr/Content/img/Stokpic/Normal/3136.png"
"euromix-stock","VK 022","1234590920755","POŞETLİ TAHARET KAFASI","EUROMIX","MUSLUK KAPAK TAKIMLARI","ADET","20.00","TRY","54.99","0","out_of_stock","https://bayi.euro-mix.com.tr/Content/img/Stokpic/Normal/3145.png"
"euromix-stock","VK 023","1234590920762","POŞETLİ KROM TAHARET KAFASI","EUROMIX","MUSLUK KAPAK TAKIMLARI","ADET","20.00","TRY","62.13","0","out_of_stock","https://bayi.euro-mix.com.tr/Content/img/Stokpic/Normal/3146.png"
"euromix-stock","VK 025","1234590921318","ANKASTRE AÇ-KAPA 7 CM 1/2 TAHARET SALMASTRA","EUROMIX","ANKASTRE SALMASTRALAR","ADET","20.00","TRY","226.85","2","in_stock","https://bayi.euro-mix.com.tr/Content/img/Stokpic/Normal/8083.png"
"euromix-stock","VK 026","1234590921325","ANKASTRE AÇ-KAPA 5 CM 1/2 TAHARET SALMASTRA","EUROMIX","ANKASTRE SALMASTRALAR","ADET","20.00","TRY","215.54","207","in_stock","https://bayi.euro-mix.com.tr/Content/img/Stokpic/Normal/8084.png"
"euromix-stock","VK 033","1234590925927","ANKASTRE TAHARET MİL VE UZATMA","EUROMIX","UZATMA GRUBU","ADET","20.00","TRY","41.06","442","in_stock","https://bayi.euro-mix.com.tr/Content/img/Stokpic/Normal/8165.png"
"euromix-stock","VK 033-1","","ANKASTRE TAHARET MİL VE UZATMA (iz yapı)","EUROMIX","UZATMA GRUBU","ADET","20.00","TRY","199.92","21","in_stock",""
"euromix-stock","VK 033-2","","ANKASTRE TAHARET VOLAN TAKIMI (iz yapı)","EUROMIX","UZATMA GRUBU","ADET","20.00","TRY","400.29","27","in_stock","https://bayi.euro-mix.com.tr/Content/img/Stokpic/Normal/8207.png"
"euromix-stock","VK 042","1234590943143","PRİNÇ ANKASTRE TAHARET MİL VE UZATMA","EUROMIX","UZATMA GRUBU","ADET","20.00","TRY","328.44","0","out_of_stock","https://bayi.euro-mix.com.tr/Content/img/Stokpic/Normal/8093.png"
"euromix-stock","VK 044","1234590943150","ANKASTRE TAHARET MİL VE UZATMA KARE BAŞLIKLI","EUROMIX","UZATMA GRUBU","ADET","20.00","TRY","257.04","461","in_stock",""
"euromix-stock","VOL 003-1","1234590914648","ACEM BÜYÜK VOLON (50GR)","EUROMIX","MUSLUK VOLANLARI","ADET","20.00","TRY","49.27","0","out_of_stock","https://bayi.euro-mix.com.tr/Content/img/Stokpic/Normal/8102.png"
"euromix-stock","VOL 003-2","1234590914877","VAKUMLU ACEM KÜÇÜK VOLON","EUROMIX","MUSLUK VOLANLARI","ADET","20.00","TRY","35.70","0","out_of_stock","https://bayi.euro-mix.com.tr/Content/img/Stokpic/Normal/8103.png"
"euromix-stock","VOL 003-3","1234590921264","VAKUMLU BÜYÜK ACEM VOLON","EUROMIX","MUSLUK VOLANLARI","ADET","20.00","TRY","48.55","0","out_of_stock","https://bayi.euro-mix.com.tr/Content/img/Stokpic/Normal/8104.png"
"euromix-stock","VOL 003-4","1234590936244","ACEM ORTA VOLON (36GR)","EUROMIX","MUSLUK VOLANLARI","ADET","20.00","TRY","28.56","10602","in_stock","https://bayi.euro-mix.com.tr/Content/img/Stokpic/Normal/8105.png"
"euromix-stock","VOL 004","1234500003714","KÜÇÜK ALFA VOLON (40gr)","EUROMIX","MUSLUK VOLANLARI","ADET","20.00","TRY","31.42","5131","in_stock","https://bayi.euro-mix.com.tr/Content/img/Stokpic/Normal/8106.png"
"euromix-stock","VOL 004-1","1234590920281","BÜYÜK ALFA VOLON (55GR)","EUROMIX","MUSLUK VOLANLARI","ADET","20.00","TRY","49.27","3135","in_stock","https://bayi.euro-mix.com.tr/Content/img/Stokpic/Normal/8107.png"
"euromix-stock","VOL 004-2","1234590936268","VAKUMLU BÜYÜK ALFA VOLON","EUROMIX","MUSLUK VOLANLARI","ADET","20.00","TRY","49.98","0","out_of_stock","https://bayi.euro-mix.com.tr/Content/img/Stokpic/Normal/8108.png"
"euromix-stock","VOL 006","1234590912545","PRİNÇ VOLON","EUROMIX","MUSLUK VOLANLARI","ADET","20.00","TRY","149.94","178","in_stock","https://bayi.euro-mix.com.tr/Content/img/Stokpic/Normal/8109.png"
"euromix-stock","VOL 011","1234590914617","GONCA TAHARET VOLONU PLASTİK","EUROMIX","TAHARET VOLANLARI","ADET","20.00","TRY","8.57","0","out_of_stock","https://bayi.euro-mix.com.tr/Content/img/Stokpic/Normal/8110.png"
"euromix-stock","VOL 015","1234590914747","KOÇBAŞ VOLON PLASTİK 1/2 (KROMLU)","EUROMIX","TAHARET VOLANLARI","ADET","20.00","TRY","20.71","3226","in_stock","https://bayi.euro-mix.com.tr/Content/img/Stokpic/Normal/8111.png"
"euromix-stock","VOL 017","1234590915904","RADYATÖR VANASI VOLONU","EUROMIX","VOLANLAR","ADET","20.00","TRY","12.85","1126","in_stock","https://bayi.euro-mix.com.tr/Content/img/Stokpic/Normal/8112.png"
"euromix-stock","VOL 018","1234590917229","GONCA KROMLU TAHARET VOLONU","EUROMIX","TAHARET VOLANLARI","ADET","20.00","TRY","10.72","0","out_of_stock","https://bayi.euro-mix.com.tr/Content/img/Stokpic/Normal/8113.png"
"euromix-stock","VOL 018-1","1234590943174","YILDIZ KROMLU TAHARET VOLONU","EUROMIX","TAHARET VOLANLARI","ADET","20.00","TRY","10.72","2612","in_stock",""
"euromix-stock","VOL 019","1234590917441","FİLTRELİ TAHARET VOLONU","EUROMIX","TAHARET VOLANLARI","ADET","20.00","TRY","5.71","2563","in_stock","https://bayi.euro-mix.com.tr/Content/img/Stokpic/Normal/8114.png"
"euromix-stock","VOL 021","1234590932406","1/2 ÇUBUK TAHARET VOLONU","EUROMIX","TAHARET VOLANLARI","ADET","20.00","TRY","14.28","10067","in_stock","https://bayi.euro-mix.com.tr/Content/img/Stokpic/Normal/8116.png"
"euromix-stock","VOL 023","1234590932413","ACEM KÜÇÜK VOLON (32GR)","EUROMIX","MUSLUK VOLANLARI","ADET","20.00","TRY","29.99","12324","in_stock","https://bayi.euro-mix.com.tr/Content/img/Stokpic/Normal/8117.png"
"euromix-stock","VOL 024","1234590932420","3/8 ÇUBUK TAHARET VOLONU","EUROMIX","TAHARET VOLANLARI","ADET","20.00","TRY","12.85","0","out_of_stock","https://bayi.euro-mix.com.tr/Content/img/Stokpic/Normal/8118.png"
"euromix-stock","VOL 025","1234590932437","GONCA VOLONU (METAL)","EUROMIX","MUSLUK VOLANLARI","ADET","20.00","TRY","35.70","210","in_stock","https://bayi.euro-mix.com.tr/Content/img/Stokpic/Normal/8119.png"
"euromix-stock","VOL 026","1234590923114","ART. VOLON METAL","EUROMIX","MUSLUK VOLANLARI","ADET","20.00","TRY","43.19","821","in_stock","https://bayi.euro-mix.com.tr/Content/img/Stokpic/Normal/8120.png"
"euromix-stock","VOL 027","1234590932444","PLASTİK KROMLU ALFA TAHARET VOLONU","EUROMIX","TAHARET VOLANLARI","ADET","20.00","TRY","11.42","2425","in_stock","https://bayi.euro-mix.com.tr/Content/img/Stokpic/Normal/3460.png"
"euromix-stock","VOL 028","1234590932451","ÇİÇEK VOLON","EUROMIX","MUSLUK VOLANLARI","ADET","20.00","TRY","34.89","775","in_stock","https://bayi.euro-mix.com.tr/Content/img/Stokpic/Normal/8121.png"
"euromix-stock","VOL 029","1234590932468","KOÇBAŞ STELLA VOLON PLASTİK 3/8 (KROMLU)","EUROMIX","TAHARET VOLANLARI","ADET","20.00","TRY","14.28","3653","in_stock","https://bayi.euro-mix.com.tr/Content/img/Stokpic/Normal/8122.png"
"euromix-stock","VOL 031","1234590925866","KOÇBAŞ VOLON METAL 1/2 (KROMLU)","EUROMIX","TAHARET VOLANLARI","ADET","20.00","TRY","65.69","1440","in_stock","https://bayi.euro-mix.com.tr/Content/img/Stokpic/Normal/8123.png"
"euromix-stock","VOL 033","1234590930716","VAKUMLU KÜÇÜK ALFA VOLON","EUROMIX","MUSLUK VOLANLARI","ADET","20.00","TRY","37.85","104","in_stock","https://bayi.euro-mix.com.tr/Content/img/Stokpic/Normal/8124.png"
"euromix-stock","VOL 034","1234590930808","DELTA VOLON","EUROMIX","MUSLUK VOLANLARI","ADET","20.00","TRY","49.27","0","out_of_stock","https://bayi.euro-mix.com.tr/Content/img/Stokpic/Normal/8125.png"
"euromix-stock","VOL 037","1234590934066","KOÇBAŞ VOLON METAL 3/8 (KROMLU)","EUROMIX","TAHARET VOLANLARI","ADET","20.00","TRY","21.42","413","in_stock","https://bayi.euro-mix.com.tr/Content/img/Stokpic/Normal/8126.png"
"euromix-stock","VOL 038","1234590936299","VAKUMLU ART. VOLON METAL","EUROMIX","MUSLUK VOLANLARI","ADET","20.00","TRY","49.98","0","out_of_stock","https://bayi.euro-mix.com.tr/Content/img/Stokpic/Normal/8127.png"
"euromix-stock","VOL 039","1234590936275","VAKUMLU DELTA VOLON","EUROMIX","MUSLUK VOLANLARI","ADET","20.00","TRY","53.37","0","out_of_stock","https://bayi.euro-mix.com.tr/Content/img/Stokpic/Normal/8128.png"
"euromix-stock","VOL 040","1234590936282","VAKUMLU GONCA VOLONU (METAL)","EUROMIX","MUSLUK VOLANLARI","ADET","20.00","TRY","69.97","104","in_stock","https://bayi.euro-mix.com.tr/Content/img/Stokpic/Normal/8129.png"
"euromix-stock","VOL 042","1234590939405","VAKUMLU ÇİÇEK VOLON","EUROMIX","MUSLUK VOLANLARI","ADET","20.00","TRY","40.71","0","out_of_stock","https://bayi.euro-mix.com.tr/Content/img/Stokpic/Normal/8130.png"
"euromix-stock","WC 005","1234590922490","WC HORTUMMATİK","EUROMIX","HIRDAVAT","ADET","20.00","TRY","82.12","0","out_of_stock","https://bayi.euro-mix.com.tr/Content/img/Stokpic/Normal/3186.png"
"euromix-stock","YM 005","1234590913191","DUŞ REKORU PLASTİK 1/2","EUROMIX","DUŞ TAKIMLARI","ADET","20.00","TRY","12.50","2657","in_stock","https://bayi.euro-mix.com.tr/Content/img/Stokpic/Normal/3187.png"
"euromix-stock","YM 006","1234590932680","DUŞ HORTUMU METRELİK","EUROMIX","HORTUMLAR","ADET","20.00","TRY","22.61","3227","in_stock","https://bayi.euro-mix.com.tr/Content/img/Stokpic/Normal/8137.png"
"euromix-stock","YM 008","1234590914815","DUŞ REKORU PLASTİK 3/4","EUROMIX","DUŞ TAKIMLARI","ADET","20.00","TRY","12.85","752","in_stock","https://bayi.euro-mix.com.tr/Content/img/Stokpic/Normal/3189.png"
"euromix-stock","YS 001","1234500003745","10*10 50 LİK ALTTAN PLASTİK YER SİFONU","EUROMIX","YER SİFONLARI","ADET","20.00","TRY","36.96","729","in_stock","https://bayi.euro-mix.com.tr/Content/img/Stokpic/Normal/8138.png"
"euromix-stock","YS 002","1234500003752","10*10 50 LİK YANDAN PLASTİK YER SİFONU","EUROMIX","YER SİFONLARI","ADET","20.00","TRY","36.96","437","in_stock","https://bayi.euro-mix.com.tr/Content/img/Stokpic/Normal/8139.png"
"euromix-stock","YT 001","","YAPRAK TUTUCU","EUROMIX","HAVALANDIRMA","ADET","20.00","TRY","22.60","0","out_of_stock",""
"euromix-stock","YT 002","","YAPRAK TUTUCU BÜYÜK","EUROMIX","HAVALANDIRMA","ADET","20.00","TRY","28.22","183","in_stock",""
